primary_id,term_id,term_name,source,category,symbol,organism
P35527,CONTAM:ccp,CCP,contaminants,contaminant_db,KRT9,Homo sapiens (Human)
P35908,CONTAM:ccp,CCP,contaminants,contaminant_db,KRT2,Homo sapiens (Human)
P13645,CONTAM:ccp,CCP,contaminants,contaminant_db,KRT10,Homo sapiens (Human)
P04264,CONTAM:ccp,CCP,contaminants,contaminant_db,KRT1,Homo sapiens (Human)
P10599,CONTAM:ccp,CCP,contaminants,contaminant_db,TXN,Homo sapiens (Human)
P00441,CONTAM:ccp,CCP,contaminants,contaminant_db,SOD1,Homo sapiens (Human)
P62979,CONTAM:ccp,CCP,contaminants,contaminant_db,RPS27A,Homo sapiens (Human)
Q06830,CONTAM:ccp,CCP,contaminants,contaminant_db,PRDX1,Homo sapiens (Human)
P61626,CONTAM:ccp,CCP,contaminants,contaminant_db,LYZ,Homo sapiens (Human)
P02788,CONTAM:ccp,CCP,contaminants,contaminant_db,LTF,Homo sapiens (Human)
P68871,CONTAM:ccp,CCP,contaminants,contaminant_db,HBB,Homo sapiens (Human)
P69905,CONTAM:ccp,CCP,contaminants,contaminant_db,HBA2,Homo sapiens (Human)
P12081,CONTAM:ccp,CCP,contaminants,contaminant_db,HARS1,Homo sapiens (Human)
P09211,CONTAM:ccp,CCP,contaminants,contaminant_db,GSTP1,Homo sapiens (Human)
P06396,CONTAM:ccp,CCP,contaminants,contaminant_db,GSN,Homo sapiens (Human)
P99999,CONTAM:ccp,CCP,contaminants,contaminant_db,CYCS,Homo sapiens (Human)
P07339,CONTAM:ccp,CCP,contaminants,contaminant_db,CTSD,Homo sapiens (Human)
P04040,CONTAM:ccp,CCP,contaminants,contaminant_db,CAT,Homo sapiens (Human)
P00918,CONTAM:ccp,CCP,contaminants,contaminant_db,CA2,Homo sapiens (Human)
P01031,CONTAM:ccp,CCP,contaminants,contaminant_db,C5,Homo sapiens (Human)
P02768,CONTAM:ccp,CCP,contaminants,contaminant_db,ALB,Homo sapiens (Human)
Q02958,CONTAM:ccp,CCP,contaminants,contaminant_db,KRTAP6-1,Ovis aries (Sheep)
O43790,CONTAM:ccp,CCP,contaminants,contaminant_db,KRT86,Homo sapiens (Human)
P78386,CONTAM:ccp,CCP,contaminants,contaminant_db,KRT85,Homo sapiens (Human)
Q9NSB2,CONTAM:ccp,CCP,contaminants,contaminant_db,KRT84,Homo sapiens (Human)
P78385,CONTAM:ccp,CCP,contaminants,contaminant_db,KRT83,Homo sapiens (Human)
Q9NSB4,CONTAM:ccp,CCP,contaminants,contaminant_db,KRT82,Homo sapiens (Human)
Q14533,CONTAM:ccp,CCP,contaminants,contaminant_db,KRT81,Homo sapiens (Human)
O76015,CONTAM:ccp,CCP,contaminants,contaminant_db,KRT38,Homo sapiens (Human)
O76014,CONTAM:ccp,CCP,contaminants,contaminant_db,KRT37,Homo sapiens (Human)
O76013,CONTAM:ccp,CCP,contaminants,contaminant_db,KRT36,Homo sapiens (Human)
Q92764,CONTAM:ccp,CCP,contaminants,contaminant_db,KRT35,Homo sapiens (Human)
O76011,CONTAM:ccp,CCP,contaminants,contaminant_db,KRT34,Homo sapiens (Human)
Q14525,CONTAM:ccp,CCP,contaminants,contaminant_db,KRT33B,Homo sapiens (Human)
O76009,CONTAM:ccp,CCP,contaminants,contaminant_db,KRT33A,Homo sapiens (Human)
Q14532,CONTAM:ccp,CCP,contaminants,contaminant_db,KRT32,Homo sapiens (Human)
Q15323,CONTAM:ccp,CCP,contaminants,contaminant_db,KRT31,Homo sapiens (Human)
P02438,CONTAM:ccp,CCP,contaminants,contaminant_db,,Ovis aries (Sheep)
P02439,CONTAM:ccp,CCP,contaminants,contaminant_db,,Ovis aries (Sheep)
P02440,CONTAM:ccp,CCP,contaminants,contaminant_db,,Ovis aries (Sheep)
P02441,CONTAM:ccp,CCP,contaminants,contaminant_db,,Ovis aries (Sheep)
P02443,CONTAM:ccp,CCP,contaminants,contaminant_db,,Ovis aries (Sheep)
P02444,CONTAM:ccp,CCP,contaminants,contaminant_db,,Ovis aries (Sheep)
P02445,CONTAM:ccp,CCP,contaminants,contaminant_db,,Ovis aries (Sheep)
P02534,CONTAM:ccp,CCP,contaminants,contaminant_db,,Ovis aries (Sheep)
P02539,CONTAM:ccp,CCP,contaminants,contaminant_db,,Ovis aries (Sheep)
P08131,CONTAM:ccp,CCP,contaminants,contaminant_db,,Ovis aries (Sheep)
P15241,CONTAM:ccp,CCP,contaminants,contaminant_db,,Ovis aries (Sheep)
P25690,CONTAM:ccp,CCP,contaminants,contaminant_db,,Ovis aries (Sheep)
P25691,CONTAM:ccp,CCP,contaminants,contaminant_db,,Ovis aries (Sheep)
P26372,CONTAM:ccp,CCP,contaminants,contaminant_db,,Ovis aries (Sheep)
P63279,CONTAM:ccp,CCP,contaminants,contaminant_db,UBE2I,Homo sapiens (Human)
P51965,CONTAM:ccp,CCP,contaminants,contaminant_db,UBE2E1,Homo sapiens (Human)
O00762,CONTAM:ccp,CCP,contaminants,contaminant_db,UBE2C,Homo sapiens (Human)
P01375,CONTAM:ccp,CCP,contaminants,contaminant_db,TNF,Homo sapiens (Human)
P02787,CONTAM:ccp,CCP,contaminants,contaminant_db,TF,Homo sapiens (Human)
P63165,CONTAM:ccp,CCP,contaminants,contaminant_db,SUMO1,Homo sapiens (Human)
O82803,CONTAM:ccp,CCP,contaminants,contaminant_db,SRPP,Hevea brasiliensis (Para rubber tree) (Siphonia brasiliensis)
P01012,CONTAM:ccp,CCP,contaminants,contaminant_db,SERPINB14,Gallus gallus (Chicken)
P02753,CONTAM:ccp,CCP,contaminants,contaminant_db,RBP4,Homo sapiens (Human)
P00760,CONTAM:ccp,CCP,contaminants,contaminant_db,PRSS1,Bos taurus (Bovine)
P62937,CONTAM:ccp,CCP,contaminants,contaminant_db,PPIA,Homo sapiens (Human)
P30879,CONTAM:ccp,CCP,contaminants,contaminant_db,PGC,Sus scrofa (Pig)
Q10735,CONTAM:ccp,CCP,contaminants,contaminant_db,PGB,Sus scrofa (Pig)
P00791,CONTAM:ccp,CCP,contaminants,contaminant_db,PGA,Sus scrofa (Pig)
P00792,CONTAM:ccp,CCP,contaminants,contaminant_db,PGA,Bos taurus (Bovine)
P01127,CONTAM:ccp,CCP,contaminants,contaminant_db,PDGFB,Homo sapiens (Human)
P16083,CONTAM:ccp,CCP,contaminants,contaminant_db,NQO2,Homo sapiens (Human)
P15559,CONTAM:ccp,CCP,contaminants,contaminant_db,NQO1,Homo sapiens (Human)
Q15843,CONTAM:ccp,CCP,contaminants,contaminant_db,NEDD8,Homo sapiens (Human)
P81054,CONTAM:ccp,CCP,contaminants,contaminant_db,MEP,Grifola frondosa (Maitake) (Polyporus frondosus)
P68082,CONTAM:ccp,CCP,contaminants,contaminant_db,MB,Equus caballus (Horse)
P02144,CONTAM:ccp,CCP,contaminants,contaminant_db,MB,Homo sapiens (Human)
P10636,CONTAM:ccp,CCP,contaminants,contaminant_db,MAPT,Homo sapiens (Human)
P00698,CONTAM:ccp,CCP,contaminants,contaminant_db,LYZ,Gallus gallus (Chicken)
P41159,CONTAM:ccp,CCP,contaminants,contaminant_db,LEP,Homo sapiens (Human)
P00709,CONTAM:ccp,CCP,contaminants,contaminant_db,LALBA,Homo sapiens (Human)
P00722,CONTAM:ccp,CCP,contaminants,contaminant_db,lacZ,Escherichia coli (strain K12)
P0C1U8,CONTAM:ccp,CCP,contaminants,contaminant_db,sspA,Staphylococcus aureus
O77727,CONTAM:ccp,CCP,contaminants,contaminant_db,KRT15,Ovis aries (Sheep)
P01344,CONTAM:ccp,CCP,contaminants,contaminant_db,IGF2,Homo sapiens (Human)
P01112,CONTAM:ccp,CCP,contaminants,contaminant_db,HRAS,Homo sapiens (Human)
P08263,CONTAM:ccp,CCP,contaminants,contaminant_db,GSTA1,Homo sapiens (Human)
P00366,CONTAM:ccp,CCP,contaminants,contaminant_db,GLUD1,Bos taurus (Bovine)
P42212,CONTAM:ccp,CCP,contaminants,contaminant_db,GFP,Aequorea victoria (Water jellyfish) (Mesonema victoria)
P32503,CONTAM:ccp,CCP,contaminants,contaminant_db,gag,Saccharomyces cerevisiae virus L-A (ScV-L-A) (ScVL1)
P05413,CONTAM:ccp,CCP,contaminants,contaminant_db,FABP3,Homo sapiens (Human)
P01133,CONTAM:ccp,CCP,contaminants,contaminant_db,EGF,Homo sapiens (Human)
P00004,CONTAM:ccp,CCP,contaminants,contaminant_db,CYCS,Equus caballus (Horse)
P00167,CONTAM:ccp,CCP,contaminants,contaminant_db,CYB5A,Homo sapiens (Human)
P10145,CONTAM:ccp,CCP,contaminants,contaminant_db,CXCL8,Homo sapiens (Human)
P08311,CONTAM:ccp,CCP,contaminants,contaminant_db,CTSG,Homo sapiens (Human)
P02741,CONTAM:ccp,CCP,contaminants,contaminant_db,CRP,Homo sapiens (Human)
P06732,CONTAM:ccp,CCP,contaminants,contaminant_db,CKM,Homo sapiens (Human)
P00921,CONTAM:ccp,CCP,contaminants,contaminant_db,CA2,Bos taurus (Bovine)
P00915,CONTAM:ccp,CCP,contaminants,contaminant_db,CA1,Homo sapiens (Human)
P55957,CONTAM:ccp,CCP,contaminants,contaminant_db,BID,Homo sapiens (Human)
P61769,CONTAM:ccp,CCP,contaminants,contaminant_db,B2M,Homo sapiens (Human)
P0DTE8,CONTAM:ccp,CCP,contaminants,contaminant_db,AMY1C,Homo sapiens (Human)
P0DTE7,CONTAM:ccp,CCP,contaminants,contaminant_db,AMY1B,Homo sapiens (Human)
P0DUB6,CONTAM:ccp,CCP,contaminants,contaminant_db,AMY1A,Homo sapiens (Human)
P00883,CONTAM:ccp,CCP,contaminants,contaminant_db,ALDOA,Oryctolagus cuniculus (Rabbit)
P00330,CONTAM:ccp,CCP,contaminants,contaminant_db,ADH1,Saccharomyces cerevisiae (strain ATCC 204508 / S288c) (Baker's yeast)
P15252,CONTAM:ccp,CCP,contaminants,contaminant_db,,Hevea brasiliensis (Para rubber tree) (Siphonia brasiliensis)
P00767,CONTAM:ccp,CCP,contaminants,contaminant_db,,Bos taurus (Bovine)
Q29463,CONTAM:ccp,CCP,contaminants,contaminant_db,,Bos taurus (Bovine)
Q7M135,CONTAM:ccp,CCP,contaminants,contaminant_db,,Lysobacter enzymogenes
P0AEX9,CONTAM:ccp,CCP,contaminants,contaminant_db,malE,Escherichia coli (strain K12)
Q29461,CONTAM:ccp,CCP,contaminants,contaminant_db,CELA2A,Bos taurus (Bovine)
P00772,CONTAM:ccp,CCP,contaminants,contaminant_db,CELA1,Sus scrofa (Pig)
Q28153,CONTAM:ccp,CCP,contaminants,contaminant_db,CELA1,Bos taurus (Bovine)
P21578,CONTAM:ccp,CCP,contaminants,contaminant_db,luxY,Aliivibrio fischeri (Vibrio fischeri)
P22629,CONTAM:ccp,CCP,contaminants,contaminant_db,,Streptomyces avidinii
P00711,CONTAM:ccp,CCP,contaminants,contaminant_db,LALBA,Bos taurus (Bovine)
Q58D62,CONTAM:ccp,CCP,contaminants,contaminant_db,FETUB,Bos taurus (Bovine)
P02668,CONTAM:ccp,CCP,contaminants,contaminant_db,CSN3,Bos taurus (Bovine)
P02666,CONTAM:ccp,CCP,contaminants,contaminant_db,CSN2,Bos taurus (Bovine)
P02663,CONTAM:ccp,CCP,contaminants,contaminant_db,CSN1S2,Bos taurus (Bovine)
P02662,CONTAM:ccp,CCP,contaminants,contaminant_db,CSN1S1,Bos taurus (Bovine)
P02769,CONTAM:ccp,CCP,contaminants,contaminant_db,ALB,Bos taurus (Bovine)
P12763,CONTAM:ccp,CCP,contaminants,contaminant_db,AHSG,Bos taurus (Bovine)
P00761,CONTAM:ccp,CCP,contaminants,contaminant_db,,Sus scrofa (Pig)
P00766,CONTAM:ccp,CCP,contaminants,contaminant_db,,Bos taurus (Bovine)
P35527,CONTAM:c_rap,c-RAP,contaminants,contaminant_db,KRT9,Homo sapiens (Human)
P35908,CONTAM:c_rap,c-RAP,contaminants,contaminant_db,KRT2,Homo sapiens (Human)
P13645,CONTAM:c_rap,c-RAP,contaminants,contaminant_db,KRT10,Homo sapiens (Human)
P04264,CONTAM:c_rap,c-RAP,contaminants,contaminant_db,KRT1,Homo sapiens (Human)
P10599,CONTAM:c_rap,c-RAP,contaminants,contaminant_db,TXN,Homo sapiens (Human)
P00441,CONTAM:c_rap,c-RAP,contaminants,contaminant_db,SOD1,Homo sapiens (Human)
P62979,CONTAM:c_rap,c-RAP,contaminants,contaminant_db,RPS27A,Homo sapiens (Human)
Q06830,CONTAM:c_rap,c-RAP,contaminants,contaminant_db,PRDX1,Homo sapiens (Human)
P61626,CONTAM:c_rap,c-RAP,contaminants,contaminant_db,LYZ,Homo sapiens (Human)
P02788,CONTAM:c_rap,c-RAP,contaminants,contaminant_db,LTF,Homo sapiens (Human)
P68871,CONTAM:c_rap,c-RAP,contaminants,contaminant_db,HBB,Homo sapiens (Human)
P69905,CONTAM:c_rap,c-RAP,contaminants,contaminant_db,HBA2,Homo sapiens (Human)
P12081,CONTAM:c_rap,c-RAP,contaminants,contaminant_db,HARS1,Homo sapiens (Human)
P09211,CONTAM:c_rap,c-RAP,contaminants,contaminant_db,GSTP1,Homo sapiens (Human)
P06396,CONTAM:c_rap,c-RAP,contaminants,contaminant_db,GSN,Homo sapiens (Human)
P99999,CONTAM:c_rap,c-RAP,contaminants,contaminant_db,CYCS,Homo sapiens (Human)
P07339,CONTAM:c_rap,c-RAP,contaminants,contaminant_db,CTSD,Homo sapiens (Human)
P04040,CONTAM:c_rap,c-RAP,contaminants,contaminant_db,CAT,Homo sapiens (Human)
P00918,CONTAM:c_rap,c-RAP,contaminants,contaminant_db,CA2,Homo sapiens (Human)
P01031,CONTAM:c_rap,c-RAP,contaminants,contaminant_db,C5,Homo sapiens (Human)
P02768,CONTAM:c_rap,c-RAP,contaminants,contaminant_db,ALB,Homo sapiens (Human)
P01008,CONTAM:c_rap,c-RAP,contaminants,contaminant_db,SERPINC1,Homo sapiens (Human)
P08758,CONTAM:c_rap,c-RAP,contaminants,contaminant_db,ANXA5,Homo sapiens (Human)
Q02958,CONTAM:c_rap,c-RAP,contaminants,contaminant_db,KRTAP6-1,Ovis aries (Sheep)
O43790,CONTAM:c_rap,c-RAP,contaminants,contaminant_db,KRT86,Homo sapiens (Human)
P78386,CONTAM:c_rap,c-RAP,contaminants,contaminant_db,KRT85,Homo sapiens (Human)
Q9NSB2,CONTAM:c_rap,c-RAP,contaminants,contaminant_db,KRT84,Homo sapiens (Human)
P78385,CONTAM:c_rap,c-RAP,contaminants,contaminant_db,KRT83,Homo sapiens (Human)
Q9NSB4,CONTAM:c_rap,c-RAP,contaminants,contaminant_db,KRT82,Homo sapiens (Human)
Q14533,CONTAM:c_rap,c-RAP,contaminants,contaminant_db,KRT81,Homo sapiens (Human)
O76015,CONTAM:c_rap,c-RAP,contaminants,contaminant_db,KRT38,Homo sapiens (Human)
O76014,CONTAM:c_rap,c-RAP,contaminants,contaminant_db,KRT37,Homo sapiens (Human)
O76013,CONTAM:c_rap,c-RAP,contaminants,contaminant_db,KRT36,Homo sapiens (Human)
Q92764,CONTAM:c_rap,c-RAP,contaminants,contaminant_db,KRT35,Homo sapiens (Human)
O76011,CONTAM:c_rap,c-RAP,contaminants,contaminant_db,KRT34,Homo sapiens (Human)
Q14525,CONTAM:c_rap,c-RAP,contaminants,contaminant_db,KRT33B,Homo sapiens (Human)
O76009,CONTAM:c_rap,c-RAP,contaminants,contaminant_db,KRT33A,Homo sapiens (Human)
Q14532,CONTAM:c_rap,c-RAP,contaminants,contaminant_db,KRT32,Homo sapiens (Human)
Q15323,CONTAM:c_rap,c-RAP,contaminants,contaminant_db,KRT31,Homo sapiens (Human)
P02438,CONTAM:c_rap,c-RAP,contaminants,contaminant_db,,Ovis aries (Sheep)
P02439,CONTAM:c_rap,c-RAP,contaminants,contaminant_db,,Ovis aries (Sheep)
P02440,CONTAM:c_rap,c-RAP,contaminants,contaminant_db,,Ovis aries (Sheep)
P02441,CONTAM:c_rap,c-RAP,contaminants,contaminant_db,,Ovis aries (Sheep)
P02443,CONTAM:c_rap,c-RAP,contaminants,contaminant_db,,Ovis aries (Sheep)
P02444,CONTAM:c_rap,c-RAP,contaminants,contaminant_db,,Ovis aries (Sheep)
P02445,CONTAM:c_rap,c-RAP,contaminants,contaminant_db,,Ovis aries (Sheep)
P02534,CONTAM:c_rap,c-RAP,contaminants,contaminant_db,,Ovis aries (Sheep)
P02539,CONTAM:c_rap,c-RAP,contaminants,contaminant_db,,Ovis aries (Sheep)
P08131,CONTAM:c_rap,c-RAP,contaminants,contaminant_db,,Ovis aries (Sheep)
P15241,CONTAM:c_rap,c-RAP,contaminants,contaminant_db,,Ovis aries (Sheep)
P25690,CONTAM:c_rap,c-RAP,contaminants,contaminant_db,,Ovis aries (Sheep)
P25691,CONTAM:c_rap,c-RAP,contaminants,contaminant_db,,Ovis aries (Sheep)
P26372,CONTAM:c_rap,c-RAP,contaminants,contaminant_db,,Ovis aries (Sheep)
P63279,CONTAM:c_rap,c-RAP,contaminants,contaminant_db,UBE2I,Homo sapiens (Human)
P51965,CONTAM:c_rap,c-RAP,contaminants,contaminant_db,UBE2E1,Homo sapiens (Human)
O00762,CONTAM:c_rap,c-RAP,contaminants,contaminant_db,UBE2C,Homo sapiens (Human)
P01375,CONTAM:c_rap,c-RAP,contaminants,contaminant_db,TNF,Homo sapiens (Human)
P02787,CONTAM:c_rap,c-RAP,contaminants,contaminant_db,TF,Homo sapiens (Human)
P63165,CONTAM:c_rap,c-RAP,contaminants,contaminant_db,SUMO1,Homo sapiens (Human)
O82803,CONTAM:c_rap,c-RAP,contaminants,contaminant_db,SRPP,Hevea brasiliensis (Para rubber tree) (Siphonia brasiliensis)
P01012,CONTAM:c_rap,c-RAP,contaminants,contaminant_db,SERPINB14,Gallus gallus (Chicken)
P02753,CONTAM:c_rap,c-RAP,contaminants,contaminant_db,RBP4,Homo sapiens (Human)
P00760,CONTAM:c_rap,c-RAP,contaminants,contaminant_db,PRSS1,Bos taurus (Bovine)
P62937,CONTAM:c_rap,c-RAP,contaminants,contaminant_db,PPIA,Homo sapiens (Human)
P30879,CONTAM:c_rap,c-RAP,contaminants,contaminant_db,PGC,Sus scrofa (Pig)
Q10735,CONTAM:c_rap,c-RAP,contaminants,contaminant_db,PGB,Sus scrofa (Pig)
P00791,CONTAM:c_rap,c-RAP,contaminants,contaminant_db,PGA,Sus scrofa (Pig)
P00792,CONTAM:c_rap,c-RAP,contaminants,contaminant_db,PGA,Bos taurus (Bovine)
P01127,CONTAM:c_rap,c-RAP,contaminants,contaminant_db,PDGFB,Homo sapiens (Human)
P16083,CONTAM:c_rap,c-RAP,contaminants,contaminant_db,NQO2,Homo sapiens (Human)
P15559,CONTAM:c_rap,c-RAP,contaminants,contaminant_db,NQO1,Homo sapiens (Human)
Q15843,CONTAM:c_rap,c-RAP,contaminants,contaminant_db,NEDD8,Homo sapiens (Human)
P81054,CONTAM:c_rap,c-RAP,contaminants,contaminant_db,MEP,Grifola frondosa (Maitake) (Polyporus frondosus)
P68082,CONTAM:c_rap,c-RAP,contaminants,contaminant_db,MB,Equus caballus (Horse)
P02144,CONTAM:c_rap,c-RAP,contaminants,contaminant_db,MB,Homo sapiens (Human)
P10636,CONTAM:c_rap,c-RAP,contaminants,contaminant_db,MAPT,Homo sapiens (Human)
P00698,CONTAM:c_rap,c-RAP,contaminants,contaminant_db,LYZ,Gallus gallus (Chicken)
P41159,CONTAM:c_rap,c-RAP,contaminants,contaminant_db,LEP,Homo sapiens (Human)
P00709,CONTAM:c_rap,c-RAP,contaminants,contaminant_db,LALBA,Homo sapiens (Human)
P00722,CONTAM:c_rap,c-RAP,contaminants,contaminant_db,lacZ,Escherichia coli (strain K12)
P0C1U8,CONTAM:c_rap,c-RAP,contaminants,contaminant_db,sspA,Staphylococcus aureus
O77727,CONTAM:c_rap,c-RAP,contaminants,contaminant_db,KRT15,Ovis aries (Sheep)
P01344,CONTAM:c_rap,c-RAP,contaminants,contaminant_db,IGF2,Homo sapiens (Human)
P01112,CONTAM:c_rap,c-RAP,contaminants,contaminant_db,HRAS,Homo sapiens (Human)
P08263,CONTAM:c_rap,c-RAP,contaminants,contaminant_db,GSTA1,Homo sapiens (Human)
P00366,CONTAM:c_rap,c-RAP,contaminants,contaminant_db,GLUD1,Bos taurus (Bovine)
P42212,CONTAM:c_rap,c-RAP,contaminants,contaminant_db,GFP,Aequorea victoria (Water jellyfish) (Mesonema victoria)
P32503,CONTAM:c_rap,c-RAP,contaminants,contaminant_db,gag,Saccharomyces cerevisiae virus L-A (ScV-L-A) (ScVL1)
P05413,CONTAM:c_rap,c-RAP,contaminants,contaminant_db,FABP3,Homo sapiens (Human)
P01133,CONTAM:c_rap,c-RAP,contaminants,contaminant_db,EGF,Homo sapiens (Human)
P00004,CONTAM:c_rap,c-RAP,contaminants,contaminant_db,CYCS,Equus caballus (Horse)
P00167,CONTAM:c_rap,c-RAP,contaminants,contaminant_db,CYB5A,Homo sapiens (Human)
P10145,CONTAM:c_rap,c-RAP,contaminants,contaminant_db,CXCL8,Homo sapiens (Human)
P08311,CONTAM:c_rap,c-RAP,contaminants,contaminant_db,CTSG,Homo sapiens (Human)
P02741,CONTAM:c_rap,c-RAP,contaminants,contaminant_db,CRP,Homo sapiens (Human)
P06732,CONTAM:c_rap,c-RAP,contaminants,contaminant_db,CKM,Homo sapiens (Human)
P00921,CONTAM:c_rap,c-RAP,contaminants,contaminant_db,CA2,Bos taurus (Bovine)
P00915,CONTAM:c_rap,c-RAP,contaminants,contaminant_db,CA1,Homo sapiens (Human)
P55957,CONTAM:c_rap,c-RAP,contaminants,contaminant_db,BID,Homo sapiens (Human)
P61769,CONTAM:c_rap,c-RAP,contaminants,contaminant_db,B2M,Homo sapiens (Human)
P0DTE8,CONTAM:c_rap,c-RAP,contaminants,contaminant_db,AMY1C,Homo sapiens (Human)
P0DTE7,CONTAM:c_rap,c-RAP,contaminants,contaminant_db,AMY1B,Homo sapiens (Human)
P0DUB6,CONTAM:c_rap,c-RAP,contaminants,contaminant_db,AMY1A,Homo sapiens (Human)
P00883,CONTAM:c_rap,c-RAP,contaminants,contaminant_db,ALDOA,Oryctolagus cuniculus (Rabbit)
P00330,CONTAM:c_rap,c-RAP,contaminants,contaminant_db,ADH1,Saccharomyces cerevisiae (strain ATCC 204508 / S288c) (Baker's yeast)
P15252,CONTAM:c_rap,c-RAP,contaminants,contaminant_db,,Hevea brasiliensis (Para rubber tree) (Siphonia brasiliensis)
P00767,CONTAM:c_rap,c-RAP,contaminants,contaminant_db,,Bos taurus (Bovine)
Q29463,CONTAM:c_rap,c-RAP,contaminants,contaminant_db,,Bos taurus (Bovine)
Q7M135,CONTAM:c_rap,c-RAP,contaminants,contaminant_db,,Lysobacter enzymogenes
P00711,CONTAM:c_rap,c-RAP,contaminants,contaminant_db,LALBA,Bos taurus (Bovine)
P02668,CONTAM:c_rap,c-RAP,contaminants,contaminant_db,CSN3,Bos taurus (Bovine)
P02666,CONTAM:c_rap,c-RAP,contaminants,contaminant_db,CSN2,Bos taurus (Bovine)
P02663,CONTAM:c_rap,c-RAP,contaminants,contaminant_db,CSN1S2,Bos taurus (Bovine)
P02662,CONTAM:c_rap,c-RAP,contaminants,contaminant_db,CSN1S1,Bos taurus (Bovine)
P02769,CONTAM:c_rap,c-RAP,contaminants,contaminant_db,ALB,Bos taurus (Bovine)
P00761,CONTAM:c_rap,c-RAP,contaminants,contaminant_db,,Sus scrofa (Pig)
P00766,CONTAM:c_rap,c-RAP,contaminants,contaminant_db,,Bos taurus (Bovine)
Q2FZL2,CONTAM:c_rap,c-RAP,contaminants,contaminant_db,sspA,Staphylococcus aureus (strain NCTC 8325 / PS 47)
Q8VED5,CONTAM:mq,MQ,contaminants,contaminant_db,Krt79,Mus musculus (Mouse)
Q6IFZ6,CONTAM:mq,MQ,contaminants,contaminant_db,Krt77,Mus musculus (Mouse)
Q8BGZ7,CONTAM:mq,MQ,contaminants,contaminant_db,Krt75,Mus musculus (Mouse)
Q9R0H5,CONTAM:mq,MQ,contaminants,contaminant_db,Krt71,Mus musculus (Mouse)
P50446,CONTAM:mq,MQ,contaminants,contaminant_db,Krt6a,Mus musculus (Mouse)
Q922U2,CONTAM:mq,MQ,contaminants,contaminant_db,Krt5,Mus musculus (Mouse)
Q6IFX2,CONTAM:mq,MQ,contaminants,contaminant_db,Krt42,Mus musculus (Mouse)
Q3TTY5,CONTAM:mq,MQ,contaminants,contaminant_db,Krt2,Mus musculus (Mouse)
P05784,CONTAM:mq,MQ,contaminants,contaminant_db,Krt18,Mus musculus (Mouse)
Q9QWL7,CONTAM:mq,MQ,contaminants,contaminant_db,Krt17,Mus musculus (Mouse)
P35527,CONTAM:mq,MQ,contaminants,contaminant_db,KRT9,Homo sapiens (Human)
P35908,CONTAM:mq,MQ,contaminants,contaminant_db,KRT2,Homo sapiens (Human)
P13645,CONTAM:mq,MQ,contaminants,contaminant_db,KRT10,Homo sapiens (Human)
P04264,CONTAM:mq,MQ,contaminants,contaminant_db,KRT1,Homo sapiens (Human)
P05787,CONTAM:mq,MQ,contaminants,contaminant_db,KRT8,Homo sapiens (Human)
Q7Z794,CONTAM:mq,MQ,contaminants,contaminant_db,KRT77,Homo sapiens (Human)
O95678,CONTAM:mq,MQ,contaminants,contaminant_db,KRT75,Homo sapiens (Human)
P08729,CONTAM:mq,MQ,contaminants,contaminant_db,KRT7,Homo sapiens (Human)
P48668,CONTAM:mq,MQ,contaminants,contaminant_db,KRT6C,Homo sapiens (Human)
P04259,CONTAM:mq,MQ,contaminants,contaminant_db,KRT6B,Homo sapiens (Human)
P02538,CONTAM:mq,MQ,contaminants,contaminant_db,KRT6A,Homo sapiens (Human)
P13647,CONTAM:mq,MQ,contaminants,contaminant_db,KRT5,Homo sapiens (Human)
P08727,CONTAM:mq,MQ,contaminants,contaminant_db,KRT19,Homo sapiens (Human)
Q04695,CONTAM:mq,MQ,contaminants,contaminant_db,KRT17,Homo sapiens (Human)
P08779,CONTAM:mq,MQ,contaminants,contaminant_db,KRT16,Homo sapiens (Human)
P02533,CONTAM:mq,MQ,contaminants,contaminant_db,KRT14,Homo sapiens (Human)
P02768,CONTAM:mq,MQ,contaminants,contaminant_db,ALB,Homo sapiens (Human)
Q86YZ3,CONTAM:mq,MQ,contaminants,contaminant_db,HRNR,Homo sapiens (Human)
O43790,CONTAM:mq,MQ,contaminants,contaminant_db,KRT86,Homo sapiens (Human)
P78386,CONTAM:mq,MQ,contaminants,contaminant_db,KRT85,Homo sapiens (Human)
Q9NSB2,CONTAM:mq,MQ,contaminants,contaminant_db,KRT84,Homo sapiens (Human)
P78385,CONTAM:mq,MQ,contaminants,contaminant_db,KRT83,Homo sapiens (Human)
Q9NSB4,CONTAM:mq,MQ,contaminants,contaminant_db,KRT82,Homo sapiens (Human)
Q14533,CONTAM:mq,MQ,contaminants,contaminant_db,KRT81,Homo sapiens (Human)
O76015,CONTAM:mq,MQ,contaminants,contaminant_db,KRT38,Homo sapiens (Human)
O76014,CONTAM:mq,MQ,contaminants,contaminant_db,KRT37,Homo sapiens (Human)
O76013,CONTAM:mq,MQ,contaminants,contaminant_db,KRT36,Homo sapiens (Human)
Q92764,CONTAM:mq,MQ,contaminants,contaminant_db,KRT35,Homo sapiens (Human)
O76011,CONTAM:mq,MQ,contaminants,contaminant_db,KRT34,Homo sapiens (Human)
Q14525,CONTAM:mq,MQ,contaminants,contaminant_db,KRT33B,Homo sapiens (Human)
O76009,CONTAM:mq,MQ,contaminants,contaminant_db,KRT33A,Homo sapiens (Human)
Q14532,CONTAM:mq,MQ,contaminants,contaminant_db,KRT32,Homo sapiens (Human)
Q15323,CONTAM:mq,MQ,contaminants,contaminant_db,KRT31,Homo sapiens (Human)
Q9BYQ8,CONTAM:mq,MQ,contaminants,contaminant_db,KRTAP4-9,Homo sapiens (Human)
Q9BYQ5,CONTAM:mq,MQ,contaminants,contaminant_db,KRTAP4-6,Homo sapiens (Human)
Q9BYR4,CONTAM:mq,MQ,contaminants,contaminant_db,KRTAP4-3,Homo sapiens (Human)
Q9BYQ7,CONTAM:mq,MQ,contaminants,contaminant_db,KRTAP4-1,Homo sapiens (Human)
Q9BYR8,CONTAM:mq,MQ,contaminants,contaminant_db,KRTAP3-1,Homo sapiens (Human)
Q9BYR9,CONTAM:mq,MQ,contaminants,contaminant_db,KRTAP2-4,Homo sapiens (Human)
Q3LI72,CONTAM:mq,MQ,contaminants,contaminant_db,KRTAP19-5,Homo sapiens (Human)
P60413,CONTAM:mq,MQ,contaminants,contaminant_db,KRTAP10-12,Homo sapiens (Human)
Q0VBK2,CONTAM:mq,MQ,contaminants,contaminant_db,Krt80,Mus musculus (Mouse)
Q6KB66,CONTAM:mq,MQ,contaminants,contaminant_db,KRT80,Homo sapiens (Human)
Q5XKE5,CONTAM:mq,MQ,contaminants,contaminant_db,KRT79,Homo sapiens (Human)
Q8N1N4,CONTAM:mq,MQ,contaminants,contaminant_db,KRT78,Homo sapiens (Human)
Q01546,CONTAM:mq,MQ,contaminants,contaminant_db,KRT76,Homo sapiens (Human)
Q7RTS7,CONTAM:mq,MQ,contaminants,contaminant_db,KRT74,Homo sapiens (Human)
Q6NXH9,CONTAM:mq,MQ,contaminants,contaminant_db,Krt73,Mus musculus (Mouse)
Q86Y46,CONTAM:mq,MQ,contaminants,contaminant_db,KRT73,Homo sapiens (Human)
Q14CN4,CONTAM:mq,MQ,contaminants,contaminant_db,KRT72,Homo sapiens (Human)
Q6IME9,CONTAM:mq,MQ,contaminants,contaminant_db,Krt72,Mus musculus (Mouse)
Q3SY84,CONTAM:mq,MQ,contaminants,contaminant_db,KRT71,Homo sapiens (Human)
Q9DCV7,CONTAM:mq,MQ,contaminants,contaminant_db,Krt7,Mus musculus (Mouse)
Q6A162,CONTAM:mq,MQ,contaminants,contaminant_db,KRT40,Homo sapiens (Human)
P07744,CONTAM:mq,MQ,contaminants,contaminant_db,Krt4,Mus musculus (Mouse)
P19013,CONTAM:mq,MQ,contaminants,contaminant_db,KRT4,Homo sapiens (Human)
Q6A163,CONTAM:mq,MQ,contaminants,contaminant_db,KRT39,Homo sapiens (Human)
Q6IFX4,CONTAM:mq,MQ,contaminants,contaminant_db,Krt39,Mus musculus (Mouse)
Q497I4,CONTAM:mq,MQ,contaminants,contaminant_db,Krt35,Mus musculus (Mouse)
Q9D646,CONTAM:mq,MQ,contaminants,contaminant_db,Krt34,Mus musculus (Mouse)
Q61765,CONTAM:mq,MQ,contaminants,contaminant_db,Krt31,Mus musculus (Mouse)
P12035,CONTAM:mq,MQ,contaminants,contaminant_db,KRT3,Homo sapiens (Human)
Q7Z3Y7,CONTAM:mq,MQ,contaminants,contaminant_db,KRT28,Homo sapiens (Human)
Q7Z3Y8,CONTAM:mq,MQ,contaminants,contaminant_db,KRT27,Homo sapiens (Human)
Q7Z3Y9,CONTAM:mq,MQ,contaminants,contaminant_db,KRT26,Homo sapiens (Human)
Q7Z3Z0,CONTAM:mq,MQ,contaminants,contaminant_db,KRT25,Homo sapiens (Human)
Q2M2I5,CONTAM:mq,MQ,contaminants,contaminant_db,KRT24,Homo sapiens (Human)
Q99PS0,CONTAM:mq,MQ,contaminants,contaminant_db,Krt23,Mus musculus (Mouse)
Q9C075,CONTAM:mq,MQ,contaminants,contaminant_db,KRT23,Homo sapiens (Human)
Q8N1A0,CONTAM:mq,MQ,contaminants,contaminant_db,KRT222,Homo sapiens (Human)
P35900,CONTAM:mq,MQ,contaminants,contaminant_db,KRT20,Homo sapiens (Human)
Q9D312,CONTAM:mq,MQ,contaminants,contaminant_db,Krt20,Mus musculus (Mouse)
P19001,CONTAM:mq,MQ,contaminants,contaminant_db,Krt19,Mus musculus (Mouse)
Q9Z2K1,CONTAM:mq,MQ,contaminants,contaminant_db,Krt16,Mus musculus (Mouse)
P19012,CONTAM:mq,MQ,contaminants,contaminant_db,KRT15,Homo sapiens (Human)
P08730,CONTAM:mq,MQ,contaminants,contaminant_db,Krt13,Mus musculus (Mouse)
P13646,CONTAM:mq,MQ,contaminants,contaminant_db,KRT13,Homo sapiens (Human)
Q99456,CONTAM:mq,MQ,contaminants,contaminant_db,KRT12,Homo sapiens (Human)
P02535,CONTAM:mq,MQ,contaminants,contaminant_db,Krt10,Mus musculus (Mouse)
P0C1U8,CONTAM:mq,MQ,contaminants,contaminant_db,sspA,Staphylococcus aureus
P21578,CONTAM:mq,MQ,contaminants,contaminant_db,luxY,Aliivibrio fischeri (Vibrio fischeri)
P00711,CONTAM:mq,MQ,contaminants,contaminant_db,LALBA,Bos taurus (Bovine)
Q58D62,CONTAM:mq,MQ,contaminants,contaminant_db,FETUB,Bos taurus (Bovine)
P02668,CONTAM:mq,MQ,contaminants,contaminant_db,CSN3,Bos taurus (Bovine)
P02666,CONTAM:mq,MQ,contaminants,contaminant_db,CSN2,Bos taurus (Bovine)
P02663,CONTAM:mq,MQ,contaminants,contaminant_db,CSN1S2,Bos taurus (Bovine)
P02662,CONTAM:mq,MQ,contaminants,contaminant_db,CSN1S1,Bos taurus (Bovine)
P02769,CONTAM:mq,MQ,contaminants,contaminant_db,ALB,Bos taurus (Bovine)
P12763,CONTAM:mq,MQ,contaminants,contaminant_db,AHSG,Bos taurus (Bovine)
P00761,CONTAM:mq,MQ,contaminants,contaminant_db,,Sus scrofa (Pig)
P00766,CONTAM:mq,MQ,contaminants,contaminant_db,,Bos taurus (Bovine)
Q3ZBS7,CONTAM:mq,MQ,contaminants,contaminant_db,VTN,Bos taurus (Bovine)
E1BJK2,CONTAM:mq,MQ,contaminants,contaminant_db,TUBB1,Bos taurus (Bovine)
Q5KR48,CONTAM:mq,MQ,contaminants,contaminant_db,TPM2,Bos taurus (Bovine)
P21752,CONTAM:mq,MQ,contaminants,contaminant_db,TMSB10,Bos taurus (Bovine)
Q29443,CONTAM:mq,MQ,contaminants,contaminant_db,TF,Bos taurus (Bovine)
P31096,CONTAM:mq,MQ,contaminants,contaminant_db,SPP1,Bos taurus (Bovine)
Q6T181,CONTAM:mq,MQ,contaminants,contaminant_db,SHBG,Bos taurus (Bovine)
P28800,CONTAM:mq,MQ,contaminants,contaminant_db,SERPINF2,Bos taurus (Bovine)
Q95121,CONTAM:mq,MQ,contaminants,contaminant_db,SERPINF1,Bos taurus (Bovine)
F6R4P6,CONTAM:mq,MQ,contaminants,contaminant_db,SERPIND1,Bos taurus (Bovine)
P41361,CONTAM:mq,MQ,contaminants,contaminant_db,SERPINC1,Bos taurus (Bovine)
Q9TT36,CONTAM:mq,MQ,contaminants,contaminant_db,SERPINA7,Bos taurus (Bovine)
E1BF81,CONTAM:mq,MQ,contaminants,contaminant_db,SERPINA6,Bos taurus (Bovine)
Q9N2I2,CONTAM:mq,MQ,contaminants,contaminant_db,SERPINA5,Bos taurus (Bovine)
A2I7N3,CONTAM:mq,MQ,contaminants,contaminant_db,SERPINA3-7,Bos taurus (Bovine)
A2I7N1,CONTAM:mq,MQ,contaminants,contaminant_db,SERPINA3-5,Bos taurus (Bovine)
A2I7N0,CONTAM:mq,MQ,contaminants,contaminant_db,SERPINA3-4,Bos taurus (Bovine)
Q9TTE1,CONTAM:mq,MQ,contaminants,contaminant_db,SERPINA3-1,Bos taurus (Bovine)
A5PJ69,CONTAM:mq,MQ,contaminants,contaminant_db,SERPINA10,Bos taurus (Bovine)
P34955,CONTAM:mq,MQ,contaminants,contaminant_db,SERPINA1,Bos taurus (Bovine)
P07477,CONTAM:mq,MQ,contaminants,contaminant_db,PRSS1,Homo sapiens (Human)
P07224,CONTAM:mq,MQ,contaminants,contaminant_db,PROS1,Bos taurus (Bovine)
Q2KJC7,CONTAM:mq,MQ,contaminants,contaminant_db,POSTN,Bos taurus (Bovine)
P06868,CONTAM:mq,MQ,contaminants,contaminant_db,PLG,Bos taurus (Bovine)
P02584,CONTAM:mq,MQ,contaminants,contaminant_db,PFN1,Bos taurus (Bovine)
P02777,CONTAM:mq,MQ,contaminants,contaminant_db,PF4,Bos taurus (Bovine)
Q3SZR3,CONTAM:mq,MQ,contaminants,contaminant_db,ORM1,Bos taurus (Bovine)
Q2YDI2,CONTAM:mq,MQ,contaminants,contaminant_db,ORC4,Bos taurus (Bovine)
P13717,CONTAM:mq,MQ,contaminants,contaminant_db,nucA,Serratia marcescens
P67983,CONTAM:mq,MQ,contaminants,contaminant_db,MT1A,Bos taurus (Bovine)
Q05443,CONTAM:mq,MQ,contaminants,contaminant_db,LUM,Bos taurus (Bovine)
Q2KIF2,CONTAM:mq,MQ,contaminants,contaminant_db,LRG1,Bos taurus (Bovine)
Q2HJF0,CONTAM:mq,MQ,contaminants,contaminant_db,LOC525947,Bos taurus (Bovine)
P02754,CONTAM:mq,MQ,contaminants,contaminant_db,LGB,Bos taurus (Bovine)
Q61726,CONTAM:mq,MQ,contaminants,contaminant_db,Krt83,Mus musculus (Mouse)
Q3KNV1,CONTAM:mq,MQ,contaminants,contaminant_db,KRT7,Homo sapiens (Human)
Q5XQN5,CONTAM:mq,MQ,contaminants,contaminant_db,KRT5,Bos taurus (Bovine)
Q148H6,CONTAM:mq,MQ,contaminants,contaminant_db,KRT28,Bos taurus (Bovine)
E1B991,CONTAM:mq,MQ,contaminants,contaminant_db,KRT2,Bos taurus (Bovine)
Q3ZAW8,CONTAM:mq,MQ,contaminants,contaminant_db,Krt16,Mus musculus (Mouse)
P01045,CONTAM:mq,MQ,contaminants,contaminant_db,KNG2,Bos taurus (Bovine)
P01044,CONTAM:mq,MQ,contaminants,contaminant_db,KNG1,Bos taurus (Bovine)
Q3T052,CONTAM:mq,MQ,contaminants,contaminant_db,ITIH4,Bos taurus (Bovine)
P56652,CONTAM:mq,MQ,contaminants,contaminant_db,ITIH3,Bos taurus (Bovine)
Q0VCM5,CONTAM:mq,MQ,contaminants,contaminant_db,ITIH1,Bos taurus (Bovine)
Q1RMN8,CONTAM:mq,MQ,contaminants,contaminant_db,IGL@,Bos taurus (Bovine)
Q05B55,CONTAM:mq,MQ,contaminants,contaminant_db,IGK,Bos taurus (Bovine)
Q3SZV7,CONTAM:mq,MQ,contaminants,contaminant_db,HPX,Bos taurus (Bovine)
E1BCW0,CONTAM:mq,MQ,contaminants,contaminant_db,HGFAC,Bos taurus (Bovine)
P02070,CONTAM:mq,MQ,contaminants,contaminant_db,HBB,Bos taurus (Bovine)
P01966,CONTAM:mq,MQ,contaminants,contaminant_db,HBA,Bos taurus (Bovine)
Q3SX14,CONTAM:mq,MQ,contaminants,contaminant_db,GSN,Bos taurus (Bovine)
Q3ZBD7,CONTAM:mq,MQ,contaminants,contaminant_db,GPI,Bos taurus (Bovine)
Q3MHN5,CONTAM:mq,MQ,contaminants,contaminant_db,GC,Bos taurus (Bovine)
Q5D862,CONTAM:mq,MQ,contaminants,contaminant_db,FLG2,Homo sapiens (Human)
P20930,CONTAM:mq,MQ,contaminants,contaminant_db,FLG,Homo sapiens (Human)
P02676,CONTAM:mq,MQ,contaminants,contaminant_db,FGB,Bos taurus (Bovine)
P02672,CONTAM:mq,MQ,contaminants,contaminant_db,FGA,Bos taurus (Bovine)
Q28107,CONTAM:mq,MQ,contaminants,contaminant_db,F5,Bos taurus (Bovine)
P00735,CONTAM:mq,MQ,contaminants,contaminant_db,F2,Bos taurus (Bovine)
Q2TBQ1,CONTAM:mq,MQ,contaminants,contaminant_db,F13B,Bos taurus (Bovine)
Q6E0U4,CONTAM:mq,MQ,contaminants,contaminant_db,DMKN,Homo sapiens (Human)
P62894,CONTAM:mq,MQ,contaminants,contaminant_db,CYCS,Bos taurus (Bovine)
Q2KJ83,CONTAM:mq,MQ,contaminants,contaminant_db,CPN1,Bos taurus (Bovine)
Q2KIG3,CONTAM:mq,MQ,contaminants,contaminant_db,CPB2,Bos taurus (Bovine)
P35445,CONTAM:mq,MQ,contaminants,contaminant_db,COMP,Bos taurus (Bovine)
P04258,CONTAM:mq,MQ,contaminants,contaminant_db,COL3A1,Bos taurus (Bovine)
P17697,CONTAM:mq,MQ,contaminants,contaminant_db,CLU,Bos taurus (Bovine)
P09870,CONTAM:mq,MQ,contaminants,contaminant_db,cloSI,Hathewaya histolytica (Clostridium histolyticum)
Q2KIS7,CONTAM:mq,MQ,contaminants,contaminant_db,CLEC3B,Bos taurus (Bovine)
Q95M17,CONTAM:mq,MQ,contaminants,contaminant_db,CHIA,Bos taurus (Bovine)
Q32PI4,CONTAM:mq,MQ,contaminants,contaminant_db,CFI,Bos taurus (Bovine)
Q28085,CONTAM:mq,MQ,contaminants,contaminant_db,CFH,Bos taurus (Bovine)
Q3MHN2,CONTAM:mq,MQ,contaminants,contaminant_db,C9,Bos taurus (Bovine)
Q29RQ1,CONTAM:mq,MQ,contaminants,contaminant_db,C7,Bos taurus (Bovine)
Q28065,CONTAM:mq,MQ,contaminants,contaminant_db,C4BPA,Bos taurus (Bovine)
P01030,CONTAM:mq,MQ,contaminants,contaminant_db,C4,Bos taurus (Bovine)
Q2UVX4,CONTAM:mq,MQ,contaminants,contaminant_db,C3,Bos taurus (Bovine)
Q3KUS7,CONTAM:mq,MQ,contaminants,contaminant_db,BF,Bos taurus (Bovine)
Q2KIH2,CONTAM:mq,MQ,contaminants,contaminant_db,APON,Bos taurus (Bovine)
P17690,CONTAM:mq,MQ,contaminants,contaminant_db,APOH,Bos taurus (Bovine)
Q03247,CONTAM:mq,MQ,contaminants,contaminant_db,APOE,Bos taurus (Bovine)
Q32PJ2,CONTAM:mq,MQ,contaminants,contaminant_db,APOA4,Bos taurus (Bovine)
P81644,CONTAM:mq,MQ,contaminants,contaminant_db,APOA2,Bos taurus (Bovine)
P15497,CONTAM:mq,MQ,contaminants,contaminant_db,APOA1,Bos taurus (Bovine)
Q3MHH8,CONTAM:mq,MQ,contaminants,contaminant_db,AMY2A,Bos taurus (Bovine)
P00978,CONTAM:mq,MQ,contaminants,contaminant_db,AMBP,Bos taurus (Bovine)
Q3SZH5,CONTAM:mq,MQ,contaminants,contaminant_db,AGT,Bos taurus (Bovine)
Q3SZ57,CONTAM:mq,MQ,contaminants,contaminant_db,AFP,Bos taurus (Bovine)
Q3Y5Z3,CONTAM:mq,MQ,contaminants,contaminant_db,ADIPOQ,Bos taurus (Bovine)
Q2KJF1,CONTAM:mq,MQ,contaminants,contaminant_db,A1BG,Bos taurus (Bovine)
P02081,CONTAM:mq,MQ,contaminants,contaminant_db,,Bos taurus (Bovine)
P15636,CONTAM:mq,MQ,contaminants,contaminant_db,,Achromobacter lyticus
P50448,CONTAM:mq,MQ,contaminants,contaminant_db,,Bos taurus (Bovine)
Q1A7A4,CONTAM:mq,MQ,contaminants,contaminant_db,,Bos taurus (Bovine)
Q28194,CONTAM:mq,MQ,contaminants,contaminant_db,,Bos taurus (Bovine)
Q2KIT0,CONTAM:mq,MQ,contaminants,contaminant_db,,Bos taurus (Bovine)
Q2KIU3,CONTAM:mq,MQ,contaminants,contaminant_db,,Bos taurus (Bovine)
Q61782,CONTAM:mq,MQ,contaminants,contaminant_db,,Mus musculus (Mouse)
Q862S4,CONTAM:mq,MQ,contaminants,contaminant_db,,Bos taurus (Bovine)
Q9R4J4,CONTAM:mq,MQ,contaminants,contaminant_db,,Pseudomonas fragi
Q9TRI1,CONTAM:mq,MQ,contaminants,contaminant_db,,Bos taurus (Bovine)
Q9U6Y5,CONTAM:mq,MQ,contaminants,contaminant_db,,Zoanthus sp. (Green polyp)
P11679,CONTAM:all_keratin,all keratin,contaminants,keratin,Krt8,Mus musculus (Mouse)
Q8VED5,CONTAM:all_keratin,all keratin,contaminants,keratin,Krt79,Mus musculus (Mouse)
Q6IFZ6,CONTAM:all_keratin,all keratin,contaminants,keratin,Krt77,Mus musculus (Mouse)
Q3UV17,CONTAM:all_keratin,all keratin,contaminants,keratin,Krt76,Mus musculus (Mouse)
Q8BGZ7,CONTAM:all_keratin,all keratin,contaminants,keratin,Krt75,Mus musculus (Mouse)
Q9R0H5,CONTAM:all_keratin,all keratin,contaminants,keratin,Krt71,Mus musculus (Mouse)
P50446,CONTAM:all_keratin,all keratin,contaminants,keratin,Krt6a,Mus musculus (Mouse)
Q922U2,CONTAM:all_keratin,all keratin,contaminants,keratin,Krt5,Mus musculus (Mouse)
Q6IFX2,CONTAM:all_keratin,all keratin,contaminants,keratin,Krt42,Mus musculus (Mouse)
Q3TTY5,CONTAM:all_keratin,all keratin,contaminants,keratin,Krt2,Mus musculus (Mouse)
P05784,CONTAM:all_keratin,all keratin,contaminants,keratin,Krt18,Mus musculus (Mouse)
Q9QWL7,CONTAM:all_keratin,all keratin,contaminants,keratin,Krt17,Mus musculus (Mouse)
Q61781,CONTAM:all_keratin,all keratin,contaminants,keratin,Krt14,Mus musculus (Mouse)
P04104,CONTAM:all_keratin,all keratin,contaminants,keratin,Krt1,Mus musculus (Mouse)
P35527,CONTAM:all_keratin,all keratin,contaminants,keratin,KRT9,Homo sapiens (Human)
P35908,CONTAM:all_keratin,all keratin,contaminants,keratin,KRT2,Homo sapiens (Human)
P13645,CONTAM:all_keratin,all keratin,contaminants,keratin,KRT10,Homo sapiens (Human)
P04264,CONTAM:all_keratin,all keratin,contaminants,keratin,KRT1,Homo sapiens (Human)
P05787,CONTAM:all_keratin,all keratin,contaminants,keratin,KRT8,Homo sapiens (Human)
Q7Z794,CONTAM:all_keratin,all keratin,contaminants,keratin,KRT77,Homo sapiens (Human)
O95678,CONTAM:all_keratin,all keratin,contaminants,keratin,KRT75,Homo sapiens (Human)
P08729,CONTAM:all_keratin,all keratin,contaminants,keratin,KRT7,Homo sapiens (Human)
P48668,CONTAM:all_keratin,all keratin,contaminants,keratin,KRT6C,Homo sapiens (Human)
P04259,CONTAM:all_keratin,all keratin,contaminants,keratin,KRT6B,Homo sapiens (Human)
P02538,CONTAM:all_keratin,all keratin,contaminants,keratin,KRT6A,Homo sapiens (Human)
P13647,CONTAM:all_keratin,all keratin,contaminants,keratin,KRT5,Homo sapiens (Human)
P08727,CONTAM:all_keratin,all keratin,contaminants,keratin,KRT19,Homo sapiens (Human)
P05783,CONTAM:all_keratin,all keratin,contaminants,keratin,KRT18,Homo sapiens (Human)
Q04695,CONTAM:all_keratin,all keratin,contaminants,keratin,KRT17,Homo sapiens (Human)
P08779,CONTAM:all_keratin,all keratin,contaminants,keratin,KRT16,Homo sapiens (Human)
P02533,CONTAM:all_keratin,all keratin,contaminants,keratin,KRT14,Homo sapiens (Human)
Q02958,CONTAM:all_keratin,all keratin,contaminants,keratin,KRTAP6-1,Ovis aries (Sheep)
O43790,CONTAM:all_keratin,all keratin,contaminants,keratin,KRT86,Homo sapiens (Human)
P78386,CONTAM:all_keratin,all keratin,contaminants,keratin,KRT85,Homo sapiens (Human)
Q9NSB2,CONTAM:all_keratin,all keratin,contaminants,keratin,KRT84,Homo sapiens (Human)
P78385,CONTAM:all_keratin,all keratin,contaminants,keratin,KRT83,Homo sapiens (Human)
Q9NSB4,CONTAM:all_keratin,all keratin,contaminants,keratin,KRT82,Homo sapiens (Human)
Q14533,CONTAM:all_keratin,all keratin,contaminants,keratin,KRT81,Homo sapiens (Human)
O76015,CONTAM:all_keratin,all keratin,contaminants,keratin,KRT38,Homo sapiens (Human)
O76014,CONTAM:all_keratin,all keratin,contaminants,keratin,KRT37,Homo sapiens (Human)
O76013,CONTAM:all_keratin,all keratin,contaminants,keratin,KRT36,Homo sapiens (Human)
Q92764,CONTAM:all_keratin,all keratin,contaminants,keratin,KRT35,Homo sapiens (Human)
O76011,CONTAM:all_keratin,all keratin,contaminants,keratin,KRT34,Homo sapiens (Human)
Q14525,CONTAM:all_keratin,all keratin,contaminants,keratin,KRT33B,Homo sapiens (Human)
O76009,CONTAM:all_keratin,all keratin,contaminants,keratin,KRT33A,Homo sapiens (Human)
Q14532,CONTAM:all_keratin,all keratin,contaminants,keratin,KRT32,Homo sapiens (Human)
Q15323,CONTAM:all_keratin,all keratin,contaminants,keratin,KRT31,Homo sapiens (Human)
P02438,CONTAM:all_keratin,all keratin,contaminants,keratin,,Ovis aries (Sheep)
P02439,CONTAM:all_keratin,all keratin,contaminants,keratin,,Ovis aries (Sheep)
P02440,CONTAM:all_keratin,all keratin,contaminants,keratin,,Ovis aries (Sheep)
P02441,CONTAM:all_keratin,all keratin,contaminants,keratin,,Ovis aries (Sheep)
P02443,CONTAM:all_keratin,all keratin,contaminants,keratin,,Ovis aries (Sheep)
P02444,CONTAM:all_keratin,all keratin,contaminants,keratin,,Ovis aries (Sheep)
P02445,CONTAM:all_keratin,all keratin,contaminants,keratin,,Ovis aries (Sheep)
P02534,CONTAM:all_keratin,all keratin,contaminants,keratin,,Ovis aries (Sheep)
P02539,CONTAM:all_keratin,all keratin,contaminants,keratin,,Ovis aries (Sheep)
P08131,CONTAM:all_keratin,all keratin,contaminants,keratin,,Ovis aries (Sheep)
P15241,CONTAM:all_keratin,all keratin,contaminants,keratin,,Ovis aries (Sheep)
P25690,CONTAM:all_keratin,all keratin,contaminants,keratin,,Ovis aries (Sheep)
P25691,CONTAM:all_keratin,all keratin,contaminants,keratin,,Ovis aries (Sheep)
P26372,CONTAM:all_keratin,all keratin,contaminants,keratin,,Ovis aries (Sheep)
P0DSO2,CONTAM:all_keratin,all keratin,contaminants,keratin,SCYGR9,Homo sapiens (Human)
A0A286YFG1,CONTAM:all_keratin,all keratin,contaminants,keratin,SCYGR8,Homo sapiens (Human)
A0A286YF01,CONTAM:all_keratin,all keratin,contaminants,keratin,SCYGR7,Homo sapiens (Human)
A0A286YF77,CONTAM:all_keratin,all keratin,contaminants,keratin,SCYGR6,Homo sapiens (Human)
A0A286YF46,CONTAM:all_keratin,all keratin,contaminants,keratin,SCYGR5,Homo sapiens (Human)
A0A286YEV6,CONTAM:all_keratin,all keratin,contaminants,keratin,SCYGR4,Homo sapiens (Human)
A0A286YF60,CONTAM:all_keratin,all keratin,contaminants,keratin,SCYGR3,Homo sapiens (Human)
A0A286YFB4,CONTAM:all_keratin,all keratin,contaminants,keratin,SCYGR2,Homo sapiens (Human)
A0A286YEX9,CONTAM:all_keratin,all keratin,contaminants,keratin,SCYGR10,Homo sapiens (Human)
A0A286YEY9,CONTAM:all_keratin,all keratin,contaminants,keratin,SCYGR1,Homo sapiens (Human)
Q9BYP9,CONTAM:all_keratin,all keratin,contaminants,keratin,KRTAP9-9,Homo sapiens (Human)
Q9BYQ0,CONTAM:all_keratin,all keratin,contaminants,keratin,KRTAP9-8,Homo sapiens (Human)
A8MTY7,CONTAM:all_keratin,all keratin,contaminants,keratin,KRTAP9-7,Homo sapiens (Human)
A8MVA2,CONTAM:all_keratin,all keratin,contaminants,keratin,KRTAP9-6,Homo sapiens (Human)
Q9BYQ2,CONTAM:all_keratin,all keratin,contaminants,keratin,KRTAP9-4,Homo sapiens (Human)
Q3V2C1,CONTAM:all_keratin,all keratin,contaminants,keratin,Krtap9-3,Mus musculus (Mouse)
Q9BYQ3,CONTAM:all_keratin,all keratin,contaminants,keratin,KRTAP9-3,Homo sapiens (Human)
Q9BYQ4,CONTAM:all_keratin,all keratin,contaminants,keratin,KRTAP9-2,Homo sapiens (Human)
A8MXZ3,CONTAM:all_keratin,all keratin,contaminants,keratin,KRTAP9-1,Homo sapiens (Human)
O08633,CONTAM:all_keratin,all keratin,contaminants,keratin,Krtap8-1,Mus musculus (Mouse)
Q8IUC2,CONTAM:all_keratin,all keratin,contaminants,keratin,KRTAP8-1,Homo sapiens (Human)
Q9D3I6,CONTAM:all_keratin,all keratin,contaminants,keratin,Krtap7-1,Mus musculus (Mouse)
Q8IUC3,CONTAM:all_keratin,all keratin,contaminants,keratin,KRTAP7-1,Homo sapiens (Human)
Q925H3,CONTAM:all_keratin,all keratin,contaminants,keratin,Krtap6-5,Mus musculus (Mouse)
Q3LI67,CONTAM:all_keratin,all keratin,contaminants,keratin,KRTAP6-3,Homo sapiens (Human)
O08884,CONTAM:all_keratin,all keratin,contaminants,keratin,Krtap6-2,Mus musculus (Mouse)
Q3LI66,CONTAM:all_keratin,all keratin,contaminants,keratin,KRTAP6-2,Homo sapiens (Human)
Q3LI64,CONTAM:all_keratin,all keratin,contaminants,keratin,KRTAP6-1,Homo sapiens (Human)
P26371,CONTAM:all_keratin,all keratin,contaminants,keratin,KRTAP5-9,Homo sapiens (Human)
O75690,CONTAM:all_keratin,all keratin,contaminants,keratin,KRTAP5-8,Homo sapiens (Human)
Q6L8G8,CONTAM:all_keratin,all keratin,contaminants,keratin,KRTAP5-7,Homo sapiens (Human)
Q6L8G9,CONTAM:all_keratin,all keratin,contaminants,keratin,KRTAP5-6,Homo sapiens (Human)
Q2TA51,CONTAM:all_keratin,all keratin,contaminants,keratin,Krtap5-5,Mus musculus (Mouse)
Q701N2,CONTAM:all_keratin,all keratin,contaminants,keratin,KRTAP5-5,Homo sapiens (Human)
Q62220,CONTAM:all_keratin,all keratin,contaminants,keratin,Krtap5-4,Mus musculus (Mouse)
Q6L8H1,CONTAM:all_keratin,all keratin,contaminants,keratin,KRTAP5-4,Homo sapiens (Human)
Q9D226,CONTAM:all_keratin,all keratin,contaminants,keratin,Krtap5-3,Mus musculus (Mouse)
Q6L8H2,CONTAM:all_keratin,all keratin,contaminants,keratin,KRTAP5-3,Homo sapiens (Human)
Q9D5Z7,CONTAM:all_keratin,all keratin,contaminants,keratin,Krtap5-2,Mus musculus (Mouse)
Q701N4,CONTAM:all_keratin,all keratin,contaminants,keratin,KRTAP5-2,Homo sapiens (Human)
Q6L8G4,CONTAM:all_keratin,all keratin,contaminants,keratin,KRTAP5-11,Homo sapiens (Human)
Q6L8G5,CONTAM:all_keratin,all keratin,contaminants,keratin,KRTAP5-10,Homo sapiens (Human)
Q64507,CONTAM:all_keratin,all keratin,contaminants,keratin,Krtap5-1,Mus musculus (Mouse)
Q6L8H4,CONTAM:all_keratin,all keratin,contaminants,keratin,KRTAP5-1,Homo sapiens (Human)
Q9BYQ8,CONTAM:all_keratin,all keratin,contaminants,keratin,KRTAP4-9,Homo sapiens (Human)
Q9BYQ9,CONTAM:all_keratin,all keratin,contaminants,keratin,KRTAP4-8,Homo sapiens (Human)
Q9BYR0,CONTAM:all_keratin,all keratin,contaminants,keratin,KRTAP4-7,Homo sapiens (Human)
Q9BYQ5,CONTAM:all_keratin,all keratin,contaminants,keratin,KRTAP4-6,Homo sapiens (Human)
Q9BYR2,CONTAM:all_keratin,all keratin,contaminants,keratin,KRTAP4-5,Homo sapiens (Human)
Q9BYR3,CONTAM:all_keratin,all keratin,contaminants,keratin,KRTAP4-4,Homo sapiens (Human)
Q9BYR4,CONTAM:all_keratin,all keratin,contaminants,keratin,KRTAP4-3,Homo sapiens (Human)
Q9BYR5,CONTAM:all_keratin,all keratin,contaminants,keratin,KRTAP4-2,Homo sapiens (Human)
G5E9R7,CONTAM:all_keratin,all keratin,contaminants,keratin,KRTAP4-16,Homo sapiens (Human)
Q9BQ66,CONTAM:all_keratin,all keratin,contaminants,keratin,KRTAP4-12,Homo sapiens (Human)
Q9BYQ6,CONTAM:all_keratin,all keratin,contaminants,keratin,KRTAP4-11,Homo sapiens (Human)
Q9BYQ7,CONTAM:all_keratin,all keratin,contaminants,keratin,KRTAP4-1,Homo sapiens (Human)
Q9D7P0,CONTAM:all_keratin,all keratin,contaminants,keratin,Krtap3-3,Mus musculus (Mouse)
Q9BYR6,CONTAM:all_keratin,all keratin,contaminants,keratin,KRTAP3-3,Homo sapiens (Human)
Q9D638,CONTAM:all_keratin,all keratin,contaminants,keratin,Krtap3-2,Mus musculus (Mouse)
Q9BYR7,CONTAM:all_keratin,all keratin,contaminants,keratin,KRTAP3-2,Homo sapiens (Human)
A2A591,CONTAM:all_keratin,all keratin,contaminants,keratin,Krtap3-1,Mus musculus (Mouse)
Q9BYR8,CONTAM:all_keratin,all keratin,contaminants,keratin,KRTAP3-1,Homo sapiens (Human)
A2A5X4,CONTAM:all_keratin,all keratin,contaminants,keratin,Krtap29-1,Mus musculus (Mouse)
A8MX34,CONTAM:all_keratin,all keratin,contaminants,keratin,KRTAP29-1,Homo sapiens (Human)
Q3LI81,CONTAM:all_keratin,all keratin,contaminants,keratin,KRTAP27-1,Homo sapiens (Human)
Q9D7N2,CONTAM:all_keratin,all keratin,contaminants,keratin,Krtap26-1,Mus musculus (Mouse)
Q6PEX3,CONTAM:all_keratin,all keratin,contaminants,keratin,KRTAP26-1,Homo sapiens (Human)
Q3LHN0,CONTAM:all_keratin,all keratin,contaminants,keratin,KRTAP25-1,Homo sapiens (Human)
Q3LI83,CONTAM:all_keratin,all keratin,contaminants,keratin,KRTAP24-1,Homo sapiens (Human)
Q9BYR9,CONTAM:all_keratin,all keratin,contaminants,keratin,KRTAP2-4,Homo sapiens (Human)
A1A580,CONTAM:all_keratin,all keratin,contaminants,keratin,KRTAP23-1,Homo sapiens (Human)
P0C7H8,CONTAM:all_keratin,all keratin,contaminants,keratin,KRTAP2-3,Homo sapiens (Human)
Q3LI68,CONTAM:all_keratin,all keratin,contaminants,keratin,KRTAP22-2,Homo sapiens (Human)
Q3MIV0,CONTAM:all_keratin,all keratin,contaminants,keratin,KRTAP22-1,Homo sapiens (Human)
Q9BYT5,CONTAM:all_keratin,all keratin,contaminants,keratin,KRTAP2-2,Homo sapiens (Human)
Q3LHN1,CONTAM:all_keratin,all keratin,contaminants,keratin,KRTAP21-3,Homo sapiens (Human)
Q3LI59,CONTAM:all_keratin,all keratin,contaminants,keratin,KRTAP21-2,Homo sapiens (Human)
Q925H4,CONTAM:all_keratin,all keratin,contaminants,keratin,Krtap21-1,Mus musculus (Mouse)
Q3LI58,CONTAM:all_keratin,all keratin,contaminants,keratin,KRTAP21-1,Homo sapiens (Human)
Q9BYU5,CONTAM:all_keratin,all keratin,contaminants,keratin,KRTAP2-1,Homo sapiens (Human)
Q3LI62,CONTAM:all_keratin,all keratin,contaminants,keratin,KRTAP20-4,Homo sapiens (Human)
Q3LI60,CONTAM:all_keratin,all keratin,contaminants,keratin,KRTAP20-3,Homo sapiens (Human)
Q3LI61,CONTAM:all_keratin,all keratin,contaminants,keratin,KRTAP20-2,Homo sapiens (Human)
Q3LI63,CONTAM:all_keratin,all keratin,contaminants,keratin,KRTAP20-1,Homo sapiens (Human)
Q99NG9,CONTAM:all_keratin,all keratin,contaminants,keratin,Krtap19-9b,Mus musculus (Mouse)
Q3LI54,CONTAM:all_keratin,all keratin,contaminants,keratin,KRTAP19-8,Homo sapiens (Human)
Q3SYF9,CONTAM:all_keratin,all keratin,contaminants,keratin,KRTAP19-7,Homo sapiens (Human)
Q3LI70,CONTAM:all_keratin,all keratin,contaminants,keratin,KRTAP19-6,Homo sapiens (Human)
O08632,CONTAM:all_keratin,all keratin,contaminants,keratin,Krtap19-5,Mus musculus (Mouse)
Q3LI72,CONTAM:all_keratin,all keratin,contaminants,keratin,KRTAP19-5,Homo sapiens (Human)
Q925H7,CONTAM:all_keratin,all keratin,contaminants,keratin,Krtap19-4,Mus musculus (Mouse)
Q3LI73,CONTAM:all_keratin,all keratin,contaminants,keratin,KRTAP19-4,Homo sapiens (Human)
Q925H6,CONTAM:all_keratin,all keratin,contaminants,keratin,Krtap19-3,Mus musculus (Mouse)
Q7Z4W3,CONTAM:all_keratin,all keratin,contaminants,keratin,KRTAP19-3,Homo sapiens (Human)
Q925I0,CONTAM:all_keratin,all keratin,contaminants,keratin,Krtap19-2,Mus musculus (Mouse)
Q3LHN2,CONTAM:all_keratin,all keratin,contaminants,keratin,KRTAP19-2,Homo sapiens (Human)
Q925H2,CONTAM:all_keratin,all keratin,contaminants,keratin,Krtap19-1,Mus musculus (Mouse)
Q8IUB9,CONTAM:all_keratin,all keratin,contaminants,keratin,KRTAP19-1,Homo sapiens (Human)
Q9BYP8,CONTAM:all_keratin,all keratin,contaminants,keratin,KRTAP17-1,Homo sapiens (Human)
Q8C1I6,CONTAM:all_keratin,all keratin,contaminants,keratin,Krtap16-3,Mus musculus (Mouse)
A2A5X5,CONTAM:all_keratin,all keratin,contaminants,keratin,Krtap16-1,Mus musculus (Mouse)
A8MUX0,CONTAM:all_keratin,all keratin,contaminants,keratin,KRTAP16-1,Homo sapiens (Human)
Q9QZU5,CONTAM:all_keratin,all keratin,contaminants,keratin,Krtap15-1,Mus musculus (Mouse)
Q3LI76,CONTAM:all_keratin,all keratin,contaminants,keratin,KRTAP15-1,Homo sapiens (Human)
Q9BYS1,CONTAM:all_keratin,all keratin,contaminants,keratin,KRTAP1-5,Homo sapiens (Human)
P0C5Y4,CONTAM:all_keratin,all keratin,contaminants,keratin,KRTAP1-4,Homo sapiens (Human)
O08640,CONTAM:all_keratin,all keratin,contaminants,keratin,Krtap14,Mus musculus (Mouse)
Q3LI77,CONTAM:all_keratin,all keratin,contaminants,keratin,KRTAP13-4,Homo sapiens (Human)
Q3SY46,CONTAM:all_keratin,all keratin,contaminants,keratin,KRTAP13-3,Homo sapiens (Human)
Q52LG2,CONTAM:all_keratin,all keratin,contaminants,keratin,KRTAP13-2,Homo sapiens (Human)
Q8IUC0,CONTAM:all_keratin,all keratin,contaminants,keratin,KRTAP13-1,Homo sapiens (Human)
Q8IUG1,CONTAM:all_keratin,all keratin,contaminants,keratin,KRTAP1-3,Homo sapiens (Human)
P60329,CONTAM:all_keratin,all keratin,contaminants,keratin,KRTAP12-4,Homo sapiens (Human)
P60328,CONTAM:all_keratin,all keratin,contaminants,keratin,KRTAP12-3,Homo sapiens (Human)
P59991,CONTAM:all_keratin,all keratin,contaminants,keratin,KRTAP12-2,Homo sapiens (Human)
Q9Z287,CONTAM:all_keratin,all keratin,contaminants,keratin,Krtap12-1,Mus musculus (Mouse)
P59990,CONTAM:all_keratin,all keratin,contaminants,keratin,KRTAP12-1,Homo sapiens (Human)
Q8IUC1,CONTAM:all_keratin,all keratin,contaminants,keratin,KRTAP11-1,Homo sapiens (Human)
Q07627,CONTAM:all_keratin,all keratin,contaminants,keratin,KRTAP1-1,Homo sapiens (Human)
P60411,CONTAM:all_keratin,all keratin,contaminants,keratin,KRTAP10-9,Homo sapiens (Human)
P60410,CONTAM:all_keratin,all keratin,contaminants,keratin,KRTAP10-8,Homo sapiens (Human)
P60409,CONTAM:all_keratin,all keratin,contaminants,keratin,KRTAP10-7,Homo sapiens (Human)
P60371,CONTAM:all_keratin,all keratin,contaminants,keratin,KRTAP10-6,Homo sapiens (Human)
P60370,CONTAM:all_keratin,all keratin,contaminants,keratin,KRTAP10-5,Homo sapiens (Human)
P60372,CONTAM:all_keratin,all keratin,contaminants,keratin,KRTAP10-4,Homo sapiens (Human)
P60369,CONTAM:all_keratin,all keratin,contaminants,keratin,KRTAP10-3,Homo sapiens (Human)
P60368,CONTAM:all_keratin,all keratin,contaminants,keratin,KRTAP10-2,Homo sapiens (Human)
P60413,CONTAM:all_keratin,all keratin,contaminants,keratin,KRTAP10-12,Homo sapiens (Human)
P60412,CONTAM:all_keratin,all keratin,contaminants,keratin,KRTAP10-11,Homo sapiens (Human)
P60014,CONTAM:all_keratin,all keratin,contaminants,keratin,KRTAP10-10,Homo sapiens (Human)
P60331,CONTAM:all_keratin,all keratin,contaminants,keratin,KRTAP10-1,Homo sapiens (Human)
Q8CIS9,CONTAM:all_keratin,all keratin,contaminants,keratin,Krt9,Rattus norvegicus (Rat)
Q6RHW0,CONTAM:all_keratin,all keratin,contaminants,keratin,Krt9,Mus musculus (Mouse)
A6NCN2,CONTAM:all_keratin,all keratin,contaminants,keratin,KRT87P,Homo sapiens (Human)
Q6IMF0,CONTAM:all_keratin,all keratin,contaminants,keratin,Krt87,Mus musculus (Mouse)
P97861,CONTAM:all_keratin,all keratin,contaminants,keratin,Krt86,Mus musculus (Mouse)
Q9Z2T6,CONTAM:all_keratin,all keratin,contaminants,keratin,Krt85,Mus musculus (Mouse)
Q99M73,CONTAM:all_keratin,all keratin,contaminants,keratin,Krt84,Mus musculus (Mouse)
Q99M74,CONTAM:all_keratin,all keratin,contaminants,keratin,Krt82,Mus musculus (Mouse)
Q9ERE2,CONTAM:all_keratin,all keratin,contaminants,keratin,Krt81,Mus musculus (Mouse)
Q6IMF1,CONTAM:all_keratin,all keratin,contaminants,keratin,Krt80,Rattus norvegicus (Rat)
Q0VBK2,CONTAM:all_keratin,all keratin,contaminants,keratin,Krt80,Mus musculus (Mouse)
Q6KB66,CONTAM:all_keratin,all keratin,contaminants,keratin,KRT80,Homo sapiens (Human)
Q10758,CONTAM:all_keratin,all keratin,contaminants,keratin,Krt8,Rattus norvegicus (Rat)
Q5XKE5,CONTAM:all_keratin,all keratin,contaminants,keratin,KRT79,Homo sapiens (Human)
Q8N1N4,CONTAM:all_keratin,all keratin,contaminants,keratin,KRT78,Homo sapiens (Human)
Q6IG01,CONTAM:all_keratin,all keratin,contaminants,keratin,Krt77,Rattus norvegicus (Rat)
Q01546,CONTAM:all_keratin,all keratin,contaminants,keratin,KRT76,Homo sapiens (Human)
Q6IG05,CONTAM:all_keratin,all keratin,contaminants,keratin,Krt75,Rattus norvegicus (Rat)
Q6IFZ9,CONTAM:all_keratin,all keratin,contaminants,keratin,Krt74,Mus musculus (Mouse)
Q7RTS7,CONTAM:all_keratin,all keratin,contaminants,keratin,KRT74,Homo sapiens (Human)
Q6IG03,CONTAM:all_keratin,all keratin,contaminants,keratin,Krt73,Rattus norvegicus (Rat)
Q6NXH9,CONTAM:all_keratin,all keratin,contaminants,keratin,Krt73,Mus musculus (Mouse)
Q86Y46,CONTAM:all_keratin,all keratin,contaminants,keratin,KRT73,Homo sapiens (Human)
Q6IG04,CONTAM:all_keratin,all keratin,contaminants,keratin,Krt72,Rattus norvegicus (Rat)
Q14CN4,CONTAM:all_keratin,all keratin,contaminants,keratin,KRT72,Homo sapiens (Human)
Q6IME9,CONTAM:all_keratin,all keratin,contaminants,keratin,Krt72,Mus musculus (Mouse)
Q3SY84,CONTAM:all_keratin,all keratin,contaminants,keratin,KRT71,Homo sapiens (Human)
Q6IG12,CONTAM:all_keratin,all keratin,contaminants,keratin,Krt7,Rattus norvegicus (Rat)
Q9DCV7,CONTAM:all_keratin,all keratin,contaminants,keratin,Krt7,Mus musculus (Mouse)
Q9Z331,CONTAM:all_keratin,all keratin,contaminants,keratin,Krt6b,Mus musculus (Mouse)
Q4FZU2,CONTAM:all_keratin,all keratin,contaminants,keratin,Krt6a,Rattus norvegicus (Rat)
Q6P6Q2,CONTAM:all_keratin,all keratin,contaminants,keratin,Krt5,Rattus norvegicus (Rat)
Q6IFU7,CONTAM:all_keratin,all keratin,contaminants,keratin,Krt42,Rattus norvegicus (Rat)
Q6IFW2,CONTAM:all_keratin,all keratin,contaminants,keratin,Krt40,Rattus norvegicus (Rat)
Q6IFX3,CONTAM:all_keratin,all keratin,contaminants,keratin,Krt40,Mus musculus (Mouse)
Q6A162,CONTAM:all_keratin,all keratin,contaminants,keratin,KRT40,Homo sapiens (Human)
Q6IG00,CONTAM:all_keratin,all keratin,contaminants,keratin,Krt4,Rattus norvegicus (Rat)
P07744,CONTAM:all_keratin,all keratin,contaminants,keratin,Krt4,Mus musculus (Mouse)
P19013,CONTAM:all_keratin,all keratin,contaminants,keratin,KRT4,Homo sapiens (Human)
Q6IFW3,CONTAM:all_keratin,all keratin,contaminants,keratin,Krt39,Rattus norvegicus (Rat)
Q6A163,CONTAM:all_keratin,all keratin,contaminants,keratin,KRT39,Homo sapiens (Human)
Q6IFX4,CONTAM:all_keratin,all keratin,contaminants,keratin,Krt39,Mus musculus (Mouse)
B1AQ75,CONTAM:all_keratin,all keratin,contaminants,keratin,Krt36,Mus musculus (Mouse)
Q497I4,CONTAM:all_keratin,all keratin,contaminants,keratin,Krt35,Mus musculus (Mouse)
Q9D646,CONTAM:all_keratin,all keratin,contaminants,keratin,Krt34,Mus musculus (Mouse)
Q61897,CONTAM:all_keratin,all keratin,contaminants,keratin,Krt33b,Mus musculus (Mouse)
Q8K0Y2,CONTAM:all_keratin,all keratin,contaminants,keratin,Krt33a,Mus musculus (Mouse)
Q62168,CONTAM:all_keratin,all keratin,contaminants,keratin,Krt32,Mus musculus (Mouse)
Q61765,CONTAM:all_keratin,all keratin,contaminants,keratin,Krt31,Mus musculus (Mouse)
P12035,CONTAM:all_keratin,all keratin,contaminants,keratin,KRT3,Homo sapiens (Human)
A6BLY7,CONTAM:all_keratin,all keratin,contaminants,keratin,Krt28,Mus musculus (Mouse)
Q7Z3Y7,CONTAM:all_keratin,all keratin,contaminants,keratin,KRT28,Homo sapiens (Human)
Q6IFW8,CONTAM:all_keratin,all keratin,contaminants,keratin,Krt27,Rattus norvegicus (Rat)
Q9Z320,CONTAM:all_keratin,all keratin,contaminants,keratin,Krt27,Mus musculus (Mouse)
Q7Z3Y8,CONTAM:all_keratin,all keratin,contaminants,keratin,KRT27,Homo sapiens (Human)
Q3TRJ4,CONTAM:all_keratin,all keratin,contaminants,keratin,Krt26,Mus musculus (Mouse)
Q7Z3Y9,CONTAM:all_keratin,all keratin,contaminants,keratin,KRT26,Homo sapiens (Human)
Q6IFX0,CONTAM:all_keratin,all keratin,contaminants,keratin,Krt25,Rattus norvegicus (Rat)
Q8VCW2,CONTAM:all_keratin,all keratin,contaminants,keratin,Krt25,Mus musculus (Mouse)
Q7Z3Z0,CONTAM:all_keratin,all keratin,contaminants,keratin,KRT25,Homo sapiens (Human)
Q6IFX1,CONTAM:all_keratin,all keratin,contaminants,keratin,Krt24,Rattus norvegicus (Rat)
A1L317,CONTAM:all_keratin,all keratin,contaminants,keratin,Krt24,Mus musculus (Mouse)
Q2M2I5,CONTAM:all_keratin,all keratin,contaminants,keratin,KRT24,Homo sapiens (Human)
Q99PS0,CONTAM:all_keratin,all keratin,contaminants,keratin,Krt23,Mus musculus (Mouse)
Q9C075,CONTAM:all_keratin,all keratin,contaminants,keratin,KRT23,Homo sapiens (Human)
Q8CCX5,CONTAM:all_keratin,all keratin,contaminants,keratin,Krt222,Mus musculus (Mouse)
Q8N1A0,CONTAM:all_keratin,all keratin,contaminants,keratin,KRT222,Homo sapiens (Human)
P25030,CONTAM:all_keratin,all keratin,contaminants,keratin,Krt20,Rattus norvegicus (Rat)
P35900,CONTAM:all_keratin,all keratin,contaminants,keratin,KRT20,Homo sapiens (Human)
Q9D312,CONTAM:all_keratin,all keratin,contaminants,keratin,Krt20,Mus musculus (Mouse)
Q6IG02,CONTAM:all_keratin,all keratin,contaminants,keratin,Krt2,Rattus norvegicus (Rat)
Q63279,CONTAM:all_keratin,all keratin,contaminants,keratin,Krt19,Rattus norvegicus (Rat)
P19001,CONTAM:all_keratin,all keratin,contaminants,keratin,Krt19,Mus musculus (Mouse)
Q5BJY9,CONTAM:all_keratin,all keratin,contaminants,keratin,Krt18,Rattus norvegicus (Rat)
Q6IFU8,CONTAM:all_keratin,all keratin,contaminants,keratin,Krt17,Rattus norvegicus (Rat)
Q9Z2K1,CONTAM:all_keratin,all keratin,contaminants,keratin,Krt16,Mus musculus (Mouse)
Q6IFV3,CONTAM:all_keratin,all keratin,contaminants,keratin,Krt15,Rattus norvegicus (Rat)
Q61414,CONTAM:all_keratin,all keratin,contaminants,keratin,Krt15,Mus musculus (Mouse)
P19012,CONTAM:all_keratin,all keratin,contaminants,keratin,KRT15,Homo sapiens (Human)
Q6IFV1,CONTAM:all_keratin,all keratin,contaminants,keratin,Krt14,Rattus norvegicus (Rat)
Q6IFV4,CONTAM:all_keratin,all keratin,contaminants,keratin,Krt13,Rattus norvegicus (Rat)
P08730,CONTAM:all_keratin,all keratin,contaminants,keratin,Krt13,Mus musculus (Mouse)
P13646,CONTAM:all_keratin,all keratin,contaminants,keratin,KRT13,Homo sapiens (Human)
Q6IFW5,CONTAM:all_keratin,all keratin,contaminants,keratin,Krt12,Rattus norvegicus (Rat)
Q64291,CONTAM:all_keratin,all keratin,contaminants,keratin,Krt12,Mus musculus (Mouse)
Q99456,CONTAM:all_keratin,all keratin,contaminants,keratin,KRT12,Homo sapiens (Human)
Q6IFW6,CONTAM:all_keratin,all keratin,contaminants,keratin,Krt10,Rattus norvegicus (Rat)
P02535,CONTAM:all_keratin,all keratin,contaminants,keratin,Krt10,Mus musculus (Mouse)
Q6IMF3,CONTAM:all_keratin,all keratin,contaminants,keratin,Krt1,Rattus norvegicus (Rat)
P35527,CONTAM:human_keratin,human keratin,contaminants,keratin,KRT9,Homo sapiens (Human)
P35908,CONTAM:human_keratin,human keratin,contaminants,keratin,KRT2,Homo sapiens (Human)
P13645,CONTAM:human_keratin,human keratin,contaminants,keratin,KRT10,Homo sapiens (Human)
P04264,CONTAM:human_keratin,human keratin,contaminants,keratin,KRT1,Homo sapiens (Human)
P05787,CONTAM:human_keratin,human keratin,contaminants,keratin,KRT8,Homo sapiens (Human)
Q7Z794,CONTAM:human_keratin,human keratin,contaminants,keratin,KRT77,Homo sapiens (Human)
O95678,CONTAM:human_keratin,human keratin,contaminants,keratin,KRT75,Homo sapiens (Human)
P08729,CONTAM:human_keratin,human keratin,contaminants,keratin,KRT7,Homo sapiens (Human)
P48668,CONTAM:human_keratin,human keratin,contaminants,keratin,KRT6C,Homo sapiens (Human)
P04259,CONTAM:human_keratin,human keratin,contaminants,keratin,KRT6B,Homo sapiens (Human)
P02538,CONTAM:human_keratin,human keratin,contaminants,keratin,KRT6A,Homo sapiens (Human)
P13647,CONTAM:human_keratin,human keratin,contaminants,keratin,KRT5,Homo sapiens (Human)
P08727,CONTAM:human_keratin,human keratin,contaminants,keratin,KRT19,Homo sapiens (Human)
P05783,CONTAM:human_keratin,human keratin,contaminants,keratin,KRT18,Homo sapiens (Human)
Q04695,CONTAM:human_keratin,human keratin,contaminants,keratin,KRT17,Homo sapiens (Human)
P08779,CONTAM:human_keratin,human keratin,contaminants,keratin,KRT16,Homo sapiens (Human)
P02533,CONTAM:human_keratin,human keratin,contaminants,keratin,KRT14,Homo sapiens (Human)
O43790,CONTAM:human_keratin,human keratin,contaminants,keratin,KRT86,Homo sapiens (Human)
P78386,CONTAM:human_keratin,human keratin,contaminants,keratin,KRT85,Homo sapiens (Human)
Q9NSB2,CONTAM:human_keratin,human keratin,contaminants,keratin,KRT84,Homo sapiens (Human)
P78385,CONTAM:human_keratin,human keratin,contaminants,keratin,KRT83,Homo sapiens (Human)
Q9NSB4,CONTAM:human_keratin,human keratin,contaminants,keratin,KRT82,Homo sapiens (Human)
Q14533,CONTAM:human_keratin,human keratin,contaminants,keratin,KRT81,Homo sapiens (Human)
O76015,CONTAM:human_keratin,human keratin,contaminants,keratin,KRT38,Homo sapiens (Human)
O76014,CONTAM:human_keratin,human keratin,contaminants,keratin,KRT37,Homo sapiens (Human)
O76013,CONTAM:human_keratin,human keratin,contaminants,keratin,KRT36,Homo sapiens (Human)
Q92764,CONTAM:human_keratin,human keratin,contaminants,keratin,KRT35,Homo sapiens (Human)
O76011,CONTAM:human_keratin,human keratin,contaminants,keratin,KRT34,Homo sapiens (Human)
Q14525,CONTAM:human_keratin,human keratin,contaminants,keratin,KRT33B,Homo sapiens (Human)
O76009,CONTAM:human_keratin,human keratin,contaminants,keratin,KRT33A,Homo sapiens (Human)
Q14532,CONTAM:human_keratin,human keratin,contaminants,keratin,KRT32,Homo sapiens (Human)
Q15323,CONTAM:human_keratin,human keratin,contaminants,keratin,KRT31,Homo sapiens (Human)
P0DSO2,CONTAM:human_keratin,human keratin,contaminants,keratin,SCYGR9,Homo sapiens (Human)
A0A286YFG1,CONTAM:human_keratin,human keratin,contaminants,keratin,SCYGR8,Homo sapiens (Human)
A0A286YF01,CONTAM:human_keratin,human keratin,contaminants,keratin,SCYGR7,Homo sapiens (Human)
A0A286YF77,CONTAM:human_keratin,human keratin,contaminants,keratin,SCYGR6,Homo sapiens (Human)
A0A286YF46,CONTAM:human_keratin,human keratin,contaminants,keratin,SCYGR5,Homo sapiens (Human)
A0A286YEV6,CONTAM:human_keratin,human keratin,contaminants,keratin,SCYGR4,Homo sapiens (Human)
A0A286YF60,CONTAM:human_keratin,human keratin,contaminants,keratin,SCYGR3,Homo sapiens (Human)
A0A286YFB4,CONTAM:human_keratin,human keratin,contaminants,keratin,SCYGR2,Homo sapiens (Human)
A0A286YEX9,CONTAM:human_keratin,human keratin,contaminants,keratin,SCYGR10,Homo sapiens (Human)
A0A286YEY9,CONTAM:human_keratin,human keratin,contaminants,keratin,SCYGR1,Homo sapiens (Human)
Q9BYP9,CONTAM:human_keratin,human keratin,contaminants,keratin,KRTAP9-9,Homo sapiens (Human)
Q9BYQ0,CONTAM:human_keratin,human keratin,contaminants,keratin,KRTAP9-8,Homo sapiens (Human)
A8MTY7,CONTAM:human_keratin,human keratin,contaminants,keratin,KRTAP9-7,Homo sapiens (Human)
A8MVA2,CONTAM:human_keratin,human keratin,contaminants,keratin,KRTAP9-6,Homo sapiens (Human)
Q9BYQ2,CONTAM:human_keratin,human keratin,contaminants,keratin,KRTAP9-4,Homo sapiens (Human)
Q9BYQ3,CONTAM:human_keratin,human keratin,contaminants,keratin,KRTAP9-3,Homo sapiens (Human)
Q9BYQ4,CONTAM:human_keratin,human keratin,contaminants,keratin,KRTAP9-2,Homo sapiens (Human)
A8MXZ3,CONTAM:human_keratin,human keratin,contaminants,keratin,KRTAP9-1,Homo sapiens (Human)
Q8IUC2,CONTAM:human_keratin,human keratin,contaminants,keratin,KRTAP8-1,Homo sapiens (Human)
Q8IUC3,CONTAM:human_keratin,human keratin,contaminants,keratin,KRTAP7-1,Homo sapiens (Human)
Q3LI67,CONTAM:human_keratin,human keratin,contaminants,keratin,KRTAP6-3,Homo sapiens (Human)
Q3LI66,CONTAM:human_keratin,human keratin,contaminants,keratin,KRTAP6-2,Homo sapiens (Human)
Q3LI64,CONTAM:human_keratin,human keratin,contaminants,keratin,KRTAP6-1,Homo sapiens (Human)
P26371,CONTAM:human_keratin,human keratin,contaminants,keratin,KRTAP5-9,Homo sapiens (Human)
O75690,CONTAM:human_keratin,human keratin,contaminants,keratin,KRTAP5-8,Homo sapiens (Human)
Q6L8G8,CONTAM:human_keratin,human keratin,contaminants,keratin,KRTAP5-7,Homo sapiens (Human)
Q6L8G9,CONTAM:human_keratin,human keratin,contaminants,keratin,KRTAP5-6,Homo sapiens (Human)
Q701N2,CONTAM:human_keratin,human keratin,contaminants,keratin,KRTAP5-5,Homo sapiens (Human)
Q6L8H1,CONTAM:human_keratin,human keratin,contaminants,keratin,KRTAP5-4,Homo sapiens (Human)
Q6L8H2,CONTAM:human_keratin,human keratin,contaminants,keratin,KRTAP5-3,Homo sapiens (Human)
Q701N4,CONTAM:human_keratin,human keratin,contaminants,keratin,KRTAP5-2,Homo sapiens (Human)
Q6L8G4,CONTAM:human_keratin,human keratin,contaminants,keratin,KRTAP5-11,Homo sapiens (Human)
Q6L8G5,CONTAM:human_keratin,human keratin,contaminants,keratin,KRTAP5-10,Homo sapiens (Human)
Q6L8H4,CONTAM:human_keratin,human keratin,contaminants,keratin,KRTAP5-1,Homo sapiens (Human)
Q9BYQ8,CONTAM:human_keratin,human keratin,contaminants,keratin,KRTAP4-9,Homo sapiens (Human)
Q9BYQ9,CONTAM:human_keratin,human keratin,contaminants,keratin,KRTAP4-8,Homo sapiens (Human)
Q9BYR0,CONTAM:human_keratin,human keratin,contaminants,keratin,KRTAP4-7,Homo sapiens (Human)
Q9BYQ5,CONTAM:human_keratin,human keratin,contaminants,keratin,KRTAP4-6,Homo sapiens (Human)
Q9BYR2,CONTAM:human_keratin,human keratin,contaminants,keratin,KRTAP4-5,Homo sapiens (Human)
Q9BYR3,CONTAM:human_keratin,human keratin,contaminants,keratin,KRTAP4-4,Homo sapiens (Human)
Q9BYR4,CONTAM:human_keratin,human keratin,contaminants,keratin,KRTAP4-3,Homo sapiens (Human)
Q9BYR5,CONTAM:human_keratin,human keratin,contaminants,keratin,KRTAP4-2,Homo sapiens (Human)
G5E9R7,CONTAM:human_keratin,human keratin,contaminants,keratin,KRTAP4-16,Homo sapiens (Human)
Q9BQ66,CONTAM:human_keratin,human keratin,contaminants,keratin,KRTAP4-12,Homo sapiens (Human)
Q9BYQ6,CONTAM:human_keratin,human keratin,contaminants,keratin,KRTAP4-11,Homo sapiens (Human)
Q9BYQ7,CONTAM:human_keratin,human keratin,contaminants,keratin,KRTAP4-1,Homo sapiens (Human)
Q9BYR6,CONTAM:human_keratin,human keratin,contaminants,keratin,KRTAP3-3,Homo sapiens (Human)
Q9BYR7,CONTAM:human_keratin,human keratin,contaminants,keratin,KRTAP3-2,Homo sapiens (Human)
Q9BYR8,CONTAM:human_keratin,human keratin,contaminants,keratin,KRTAP3-1,Homo sapiens (Human)
A8MX34,CONTAM:human_keratin,human keratin,contaminants,keratin,KRTAP29-1,Homo sapiens (Human)
Q3LI81,CONTAM:human_keratin,human keratin,contaminants,keratin,KRTAP27-1,Homo sapiens (Human)
Q6PEX3,CONTAM:human_keratin,human keratin,contaminants,keratin,KRTAP26-1,Homo sapiens (Human)
Q3LHN0,CONTAM:human_keratin,human keratin,contaminants,keratin,KRTAP25-1,Homo sapiens (Human)
Q3LI83,CONTAM:human_keratin,human keratin,contaminants,keratin,KRTAP24-1,Homo sapiens (Human)
Q9BYR9,CONTAM:human_keratin,human keratin,contaminants,keratin,KRTAP2-4,Homo sapiens (Human)
A1A580,CONTAM:human_keratin,human keratin,contaminants,keratin,KRTAP23-1,Homo sapiens (Human)
P0C7H8,CONTAM:human_keratin,human keratin,contaminants,keratin,KRTAP2-3,Homo sapiens (Human)
Q3LI68,CONTAM:human_keratin,human keratin,contaminants,keratin,KRTAP22-2,Homo sapiens (Human)
Q3MIV0,CONTAM:human_keratin,human keratin,contaminants,keratin,KRTAP22-1,Homo sapiens (Human)
Q9BYT5,CONTAM:human_keratin,human keratin,contaminants,keratin,KRTAP2-2,Homo sapiens (Human)
Q3LHN1,CONTAM:human_keratin,human keratin,contaminants,keratin,KRTAP21-3,Homo sapiens (Human)
Q3LI59,CONTAM:human_keratin,human keratin,contaminants,keratin,KRTAP21-2,Homo sapiens (Human)
Q3LI58,CONTAM:human_keratin,human keratin,contaminants,keratin,KRTAP21-1,Homo sapiens (Human)
Q9BYU5,CONTAM:human_keratin,human keratin,contaminants,keratin,KRTAP2-1,Homo sapiens (Human)
Q3LI62,CONTAM:human_keratin,human keratin,contaminants,keratin,KRTAP20-4,Homo sapiens (Human)
Q3LI60,CONTAM:human_keratin,human keratin,contaminants,keratin,KRTAP20-3,Homo sapiens (Human)
Q3LI61,CONTAM:human_keratin,human keratin,contaminants,keratin,KRTAP20-2,Homo sapiens (Human)
Q3LI63,CONTAM:human_keratin,human keratin,contaminants,keratin,KRTAP20-1,Homo sapiens (Human)
Q3LI54,CONTAM:human_keratin,human keratin,contaminants,keratin,KRTAP19-8,Homo sapiens (Human)
Q3SYF9,CONTAM:human_keratin,human keratin,contaminants,keratin,KRTAP19-7,Homo sapiens (Human)
Q3LI70,CONTAM:human_keratin,human keratin,contaminants,keratin,KRTAP19-6,Homo sapiens (Human)
Q3LI72,CONTAM:human_keratin,human keratin,contaminants,keratin,KRTAP19-5,Homo sapiens (Human)
Q3LI73,CONTAM:human_keratin,human keratin,contaminants,keratin,KRTAP19-4,Homo sapiens (Human)
Q7Z4W3,CONTAM:human_keratin,human keratin,contaminants,keratin,KRTAP19-3,Homo sapiens (Human)
Q3LHN2,CONTAM:human_keratin,human keratin,contaminants,keratin,KRTAP19-2,Homo sapiens (Human)
Q8IUB9,CONTAM:human_keratin,human keratin,contaminants,keratin,KRTAP19-1,Homo sapiens (Human)
Q9BYP8,CONTAM:human_keratin,human keratin,contaminants,keratin,KRTAP17-1,Homo sapiens (Human)
A8MUX0,CONTAM:human_keratin,human keratin,contaminants,keratin,KRTAP16-1,Homo sapiens (Human)
Q3LI76,CONTAM:human_keratin,human keratin,contaminants,keratin,KRTAP15-1,Homo sapiens (Human)
Q9BYS1,CONTAM:human_keratin,human keratin,contaminants,keratin,KRTAP1-5,Homo sapiens (Human)
P0C5Y4,CONTAM:human_keratin,human keratin,contaminants,keratin,KRTAP1-4,Homo sapiens (Human)
Q3LI77,CONTAM:human_keratin,human keratin,contaminants,keratin,KRTAP13-4,Homo sapiens (Human)
Q3SY46,CONTAM:human_keratin,human keratin,contaminants,keratin,KRTAP13-3,Homo sapiens (Human)
Q52LG2,CONTAM:human_keratin,human keratin,contaminants,keratin,KRTAP13-2,Homo sapiens (Human)
Q8IUC0,CONTAM:human_keratin,human keratin,contaminants,keratin,KRTAP13-1,Homo sapiens (Human)
Q8IUG1,CONTAM:human_keratin,human keratin,contaminants,keratin,KRTAP1-3,Homo sapiens (Human)
P60329,CONTAM:human_keratin,human keratin,contaminants,keratin,KRTAP12-4,Homo sapiens (Human)
P60328,CONTAM:human_keratin,human keratin,contaminants,keratin,KRTAP12-3,Homo sapiens (Human)
P59991,CONTAM:human_keratin,human keratin,contaminants,keratin,KRTAP12-2,Homo sapiens (Human)
P59990,CONTAM:human_keratin,human keratin,contaminants,keratin,KRTAP12-1,Homo sapiens (Human)
Q8IUC1,CONTAM:human_keratin,human keratin,contaminants,keratin,KRTAP11-1,Homo sapiens (Human)
Q07627,CONTAM:human_keratin,human keratin,contaminants,keratin,KRTAP1-1,Homo sapiens (Human)
P60411,CONTAM:human_keratin,human keratin,contaminants,keratin,KRTAP10-9,Homo sapiens (Human)
P60410,CONTAM:human_keratin,human keratin,contaminants,keratin,KRTAP10-8,Homo sapiens (Human)
P60409,CONTAM:human_keratin,human keratin,contaminants,keratin,KRTAP10-7,Homo sapiens (Human)
P60371,CONTAM:human_keratin,human keratin,contaminants,keratin,KRTAP10-6,Homo sapiens (Human)
P60370,CONTAM:human_keratin,human keratin,contaminants,keratin,KRTAP10-5,Homo sapiens (Human)
P60372,CONTAM:human_keratin,human keratin,contaminants,keratin,KRTAP10-4,Homo sapiens (Human)
P60369,CONTAM:human_keratin,human keratin,contaminants,keratin,KRTAP10-3,Homo sapiens (Human)
P60368,CONTAM:human_keratin,human keratin,contaminants,keratin,KRTAP10-2,Homo sapiens (Human)
P60413,CONTAM:human_keratin,human keratin,contaminants,keratin,KRTAP10-12,Homo sapiens (Human)
P60412,CONTAM:human_keratin,human keratin,contaminants,keratin,KRTAP10-11,Homo sapiens (Human)
P60014,CONTAM:human_keratin,human keratin,contaminants,keratin,KRTAP10-10,Homo sapiens (Human)
P60331,CONTAM:human_keratin,human keratin,contaminants,keratin,KRTAP10-1,Homo sapiens (Human)
A6NCN2,CONTAM:human_keratin,human keratin,contaminants,keratin,KRT87P,Homo sapiens (Human)
Q6KB66,CONTAM:human_keratin,human keratin,contaminants,keratin,KRT80,Homo sapiens (Human)
Q5XKE5,CONTAM:human_keratin,human keratin,contaminants,keratin,KRT79,Homo sapiens (Human)
Q8N1N4,CONTAM:human_keratin,human keratin,contaminants,keratin,KRT78,Homo sapiens (Human)
Q01546,CONTAM:human_keratin,human keratin,contaminants,keratin,KRT76,Homo sapiens (Human)
Q7RTS7,CONTAM:human_keratin,human keratin,contaminants,keratin,KRT74,Homo sapiens (Human)
Q86Y46,CONTAM:human_keratin,human keratin,contaminants,keratin,KRT73,Homo sapiens (Human)
Q14CN4,CONTAM:human_keratin,human keratin,contaminants,keratin,KRT72,Homo sapiens (Human)
Q3SY84,CONTAM:human_keratin,human keratin,contaminants,keratin,KRT71,Homo sapiens (Human)
Q6A162,CONTAM:human_keratin,human keratin,contaminants,keratin,KRT40,Homo sapiens (Human)
P19013,CONTAM:human_keratin,human keratin,contaminants,keratin,KRT4,Homo sapiens (Human)
Q6A163,CONTAM:human_keratin,human keratin,contaminants,keratin,KRT39,Homo sapiens (Human)
P12035,CONTAM:human_keratin,human keratin,contaminants,keratin,KRT3,Homo sapiens (Human)
Q7Z3Y7,CONTAM:human_keratin,human keratin,contaminants,keratin,KRT28,Homo sapiens (Human)
Q7Z3Y8,CONTAM:human_keratin,human keratin,contaminants,keratin,KRT27,Homo sapiens (Human)
Q7Z3Y9,CONTAM:human_keratin,human keratin,contaminants,keratin,KRT26,Homo sapiens (Human)
Q7Z3Z0,CONTAM:human_keratin,human keratin,contaminants,keratin,KRT25,Homo sapiens (Human)
Q2M2I5,CONTAM:human_keratin,human keratin,contaminants,keratin,KRT24,Homo sapiens (Human)
Q9C075,CONTAM:human_keratin,human keratin,contaminants,keratin,KRT23,Homo sapiens (Human)
Q8N1A0,CONTAM:human_keratin,human keratin,contaminants,keratin,KRT222,Homo sapiens (Human)
P35900,CONTAM:human_keratin,human keratin,contaminants,keratin,KRT20,Homo sapiens (Human)
P19012,CONTAM:human_keratin,human keratin,contaminants,keratin,KRT15,Homo sapiens (Human)
P13646,CONTAM:human_keratin,human keratin,contaminants,keratin,KRT13,Homo sapiens (Human)
Q99456,CONTAM:human_keratin,human keratin,contaminants,keratin,KRT12,Homo sapiens (Human)
P11679,CONTAM:mouse_keratin,mouse keratin,contaminants,keratin,Krt8,Mus musculus (Mouse)
Q8VED5,CONTAM:mouse_keratin,mouse keratin,contaminants,keratin,Krt79,Mus musculus (Mouse)
Q6IFZ6,CONTAM:mouse_keratin,mouse keratin,contaminants,keratin,Krt77,Mus musculus (Mouse)
Q3UV17,CONTAM:mouse_keratin,mouse keratin,contaminants,keratin,Krt76,Mus musculus (Mouse)
Q8BGZ7,CONTAM:mouse_keratin,mouse keratin,contaminants,keratin,Krt75,Mus musculus (Mouse)
Q9R0H5,CONTAM:mouse_keratin,mouse keratin,contaminants,keratin,Krt71,Mus musculus (Mouse)
P50446,CONTAM:mouse_keratin,mouse keratin,contaminants,keratin,Krt6a,Mus musculus (Mouse)
Q922U2,CONTAM:mouse_keratin,mouse keratin,contaminants,keratin,Krt5,Mus musculus (Mouse)
Q6IFX2,CONTAM:mouse_keratin,mouse keratin,contaminants,keratin,Krt42,Mus musculus (Mouse)
Q3TTY5,CONTAM:mouse_keratin,mouse keratin,contaminants,keratin,Krt2,Mus musculus (Mouse)
P05784,CONTAM:mouse_keratin,mouse keratin,contaminants,keratin,Krt18,Mus musculus (Mouse)
Q9QWL7,CONTAM:mouse_keratin,mouse keratin,contaminants,keratin,Krt17,Mus musculus (Mouse)
Q61781,CONTAM:mouse_keratin,mouse keratin,contaminants,keratin,Krt14,Mus musculus (Mouse)
P04104,CONTAM:mouse_keratin,mouse keratin,contaminants,keratin,Krt1,Mus musculus (Mouse)
Q3V2C1,CONTAM:mouse_keratin,mouse keratin,contaminants,keratin,Krtap9-3,Mus musculus (Mouse)
O08633,CONTAM:mouse_keratin,mouse keratin,contaminants,keratin,Krtap8-1,Mus musculus (Mouse)
Q9D3I6,CONTAM:mouse_keratin,mouse keratin,contaminants,keratin,Krtap7-1,Mus musculus (Mouse)
Q925H3,CONTAM:mouse_keratin,mouse keratin,contaminants,keratin,Krtap6-5,Mus musculus (Mouse)
O08884,CONTAM:mouse_keratin,mouse keratin,contaminants,keratin,Krtap6-2,Mus musculus (Mouse)
Q2TA51,CONTAM:mouse_keratin,mouse keratin,contaminants,keratin,Krtap5-5,Mus musculus (Mouse)
Q62220,CONTAM:mouse_keratin,mouse keratin,contaminants,keratin,Krtap5-4,Mus musculus (Mouse)
Q9D226,CONTAM:mouse_keratin,mouse keratin,contaminants,keratin,Krtap5-3,Mus musculus (Mouse)
Q9D5Z7,CONTAM:mouse_keratin,mouse keratin,contaminants,keratin,Krtap5-2,Mus musculus (Mouse)
Q64507,CONTAM:mouse_keratin,mouse keratin,contaminants,keratin,Krtap5-1,Mus musculus (Mouse)
Q9D7P0,CONTAM:mouse_keratin,mouse keratin,contaminants,keratin,Krtap3-3,Mus musculus (Mouse)
Q9D638,CONTAM:mouse_keratin,mouse keratin,contaminants,keratin,Krtap3-2,Mus musculus (Mouse)
A2A591,CONTAM:mouse_keratin,mouse keratin,contaminants,keratin,Krtap3-1,Mus musculus (Mouse)
A2A5X4,CONTAM:mouse_keratin,mouse keratin,contaminants,keratin,Krtap29-1,Mus musculus (Mouse)
Q9D7N2,CONTAM:mouse_keratin,mouse keratin,contaminants,keratin,Krtap26-1,Mus musculus (Mouse)
Q925H4,CONTAM:mouse_keratin,mouse keratin,contaminants,keratin,Krtap21-1,Mus musculus (Mouse)
Q99NG9,CONTAM:mouse_keratin,mouse keratin,contaminants,keratin,Krtap19-9b,Mus musculus (Mouse)
O08632,CONTAM:mouse_keratin,mouse keratin,contaminants,keratin,Krtap19-5,Mus musculus (Mouse)
Q925H7,CONTAM:mouse_keratin,mouse keratin,contaminants,keratin,Krtap19-4,Mus musculus (Mouse)
Q925H6,CONTAM:mouse_keratin,mouse keratin,contaminants,keratin,Krtap19-3,Mus musculus (Mouse)
Q925I0,CONTAM:mouse_keratin,mouse keratin,contaminants,keratin,Krtap19-2,Mus musculus (Mouse)
Q925H2,CONTAM:mouse_keratin,mouse keratin,contaminants,keratin,Krtap19-1,Mus musculus (Mouse)
Q8C1I6,CONTAM:mouse_keratin,mouse keratin,contaminants,keratin,Krtap16-3,Mus musculus (Mouse)
A2A5X5,CONTAM:mouse_keratin,mouse keratin,contaminants,keratin,Krtap16-1,Mus musculus (Mouse)
Q9QZU5,CONTAM:mouse_keratin,mouse keratin,contaminants,keratin,Krtap15-1,Mus musculus (Mouse)
O08640,CONTAM:mouse_keratin,mouse keratin,contaminants,keratin,Krtap14,Mus musculus (Mouse)
Q9Z287,CONTAM:mouse_keratin,mouse keratin,contaminants,keratin,Krtap12-1,Mus musculus (Mouse)
Q6RHW0,CONTAM:mouse_keratin,mouse keratin,contaminants,keratin,Krt9,Mus musculus (Mouse)
Q6IMF0,CONTAM:mouse_keratin,mouse keratin,contaminants,keratin,Krt87,Mus musculus (Mouse)
P97861,CONTAM:mouse_keratin,mouse keratin,contaminants,keratin,Krt86,Mus musculus (Mouse)
Q9Z2T6,CONTAM:mouse_keratin,mouse keratin,contaminants,keratin,Krt85,Mus musculus (Mouse)
Q99M73,CONTAM:mouse_keratin,mouse keratin,contaminants,keratin,Krt84,Mus musculus (Mouse)
Q99M74,CONTAM:mouse_keratin,mouse keratin,contaminants,keratin,Krt82,Mus musculus (Mouse)
Q9ERE2,CONTAM:mouse_keratin,mouse keratin,contaminants,keratin,Krt81,Mus musculus (Mouse)
Q0VBK2,CONTAM:mouse_keratin,mouse keratin,contaminants,keratin,Krt80,Mus musculus (Mouse)
Q6IFZ9,CONTAM:mouse_keratin,mouse keratin,contaminants,keratin,Krt74,Mus musculus (Mouse)
Q6NXH9,CONTAM:mouse_keratin,mouse keratin,contaminants,keratin,Krt73,Mus musculus (Mouse)
Q6IME9,CONTAM:mouse_keratin,mouse keratin,contaminants,keratin,Krt72,Mus musculus (Mouse)
Q9DCV7,CONTAM:mouse_keratin,mouse keratin,contaminants,keratin,Krt7,Mus musculus (Mouse)
Q9Z331,CONTAM:mouse_keratin,mouse keratin,contaminants,keratin,Krt6b,Mus musculus (Mouse)
Q6IFX3,CONTAM:mouse_keratin,mouse keratin,contaminants,keratin,Krt40,Mus musculus (Mouse)
P07744,CONTAM:mouse_keratin,mouse keratin,contaminants,keratin,Krt4,Mus musculus (Mouse)
Q6IFX4,CONTAM:mouse_keratin,mouse keratin,contaminants,keratin,Krt39,Mus musculus (Mouse)
B1AQ75,CONTAM:mouse_keratin,mouse keratin,contaminants,keratin,Krt36,Mus musculus (Mouse)
Q497I4,CONTAM:mouse_keratin,mouse keratin,contaminants,keratin,Krt35,Mus musculus (Mouse)
Q9D646,CONTAM:mouse_keratin,mouse keratin,contaminants,keratin,Krt34,Mus musculus (Mouse)
Q61897,CONTAM:mouse_keratin,mouse keratin,contaminants,keratin,Krt33b,Mus musculus (Mouse)
Q8K0Y2,CONTAM:mouse_keratin,mouse keratin,contaminants,keratin,Krt33a,Mus musculus (Mouse)
Q62168,CONTAM:mouse_keratin,mouse keratin,contaminants,keratin,Krt32,Mus musculus (Mouse)
Q61765,CONTAM:mouse_keratin,mouse keratin,contaminants,keratin,Krt31,Mus musculus (Mouse)
A6BLY7,CONTAM:mouse_keratin,mouse keratin,contaminants,keratin,Krt28,Mus musculus (Mouse)
Q9Z320,CONTAM:mouse_keratin,mouse keratin,contaminants,keratin,Krt27,Mus musculus (Mouse)
Q3TRJ4,CONTAM:mouse_keratin,mouse keratin,contaminants,keratin,Krt26,Mus musculus (Mouse)
Q8VCW2,CONTAM:mouse_keratin,mouse keratin,contaminants,keratin,Krt25,Mus musculus (Mouse)
A1L317,CONTAM:mouse_keratin,mouse keratin,contaminants,keratin,Krt24,Mus musculus (Mouse)
Q99PS0,CONTAM:mouse_keratin,mouse keratin,contaminants,keratin,Krt23,Mus musculus (Mouse)
Q8CCX5,CONTAM:mouse_keratin,mouse keratin,contaminants,keratin,Krt222,Mus musculus (Mouse)
Q9D312,CONTAM:mouse_keratin,mouse keratin,contaminants,keratin,Krt20,Mus musculus (Mouse)
P19001,CONTAM:mouse_keratin,mouse keratin,contaminants,keratin,Krt19,Mus musculus (Mouse)
Q9Z2K1,CONTAM:mouse_keratin,mouse keratin,contaminants,keratin,Krt16,Mus musculus (Mouse)
Q61414,CONTAM:mouse_keratin,mouse keratin,contaminants,keratin,Krt15,Mus musculus (Mouse)
P08730,CONTAM:mouse_keratin,mouse keratin,contaminants,keratin,Krt13,Mus musculus (Mouse)
Q64291,CONTAM:mouse_keratin,mouse keratin,contaminants,keratin,Krt12,Mus musculus (Mouse)
P02535,CONTAM:mouse_keratin,mouse keratin,contaminants,keratin,Krt10,Mus musculus (Mouse)
Q8CIS9,CONTAM:rat_keratin,rat keratin,contaminants,keratin,Krt9,Rattus norvegicus (Rat)
Q6IMF1,CONTAM:rat_keratin,rat keratin,contaminants,keratin,Krt80,Rattus norvegicus (Rat)
Q10758,CONTAM:rat_keratin,rat keratin,contaminants,keratin,Krt8,Rattus norvegicus (Rat)
Q6IG01,CONTAM:rat_keratin,rat keratin,contaminants,keratin,Krt77,Rattus norvegicus (Rat)
Q6IG05,CONTAM:rat_keratin,rat keratin,contaminants,keratin,Krt75,Rattus norvegicus (Rat)
Q6IG03,CONTAM:rat_keratin,rat keratin,contaminants,keratin,Krt73,Rattus norvegicus (Rat)
Q6IG04,CONTAM:rat_keratin,rat keratin,contaminants,keratin,Krt72,Rattus norvegicus (Rat)
Q6IG12,CONTAM:rat_keratin,rat keratin,contaminants,keratin,Krt7,Rattus norvegicus (Rat)
Q4FZU2,CONTAM:rat_keratin,rat keratin,contaminants,keratin,Krt6a,Rattus norvegicus (Rat)
Q6P6Q2,CONTAM:rat_keratin,rat keratin,contaminants,keratin,Krt5,Rattus norvegicus (Rat)
Q6IFU7,CONTAM:rat_keratin,rat keratin,contaminants,keratin,Krt42,Rattus norvegicus (Rat)
Q6IFW2,CONTAM:rat_keratin,rat keratin,contaminants,keratin,Krt40,Rattus norvegicus (Rat)
Q6IG00,CONTAM:rat_keratin,rat keratin,contaminants,keratin,Krt4,Rattus norvegicus (Rat)
Q6IFW3,CONTAM:rat_keratin,rat keratin,contaminants,keratin,Krt39,Rattus norvegicus (Rat)
Q6IFW8,CONTAM:rat_keratin,rat keratin,contaminants,keratin,Krt27,Rattus norvegicus (Rat)
Q6IFX0,CONTAM:rat_keratin,rat keratin,contaminants,keratin,Krt25,Rattus norvegicus (Rat)
Q6IFX1,CONTAM:rat_keratin,rat keratin,contaminants,keratin,Krt24,Rattus norvegicus (Rat)
P25030,CONTAM:rat_keratin,rat keratin,contaminants,keratin,Krt20,Rattus norvegicus (Rat)
Q6IG02,CONTAM:rat_keratin,rat keratin,contaminants,keratin,Krt2,Rattus norvegicus (Rat)
Q63279,CONTAM:rat_keratin,rat keratin,contaminants,keratin,Krt19,Rattus norvegicus (Rat)
Q5BJY9,CONTAM:rat_keratin,rat keratin,contaminants,keratin,Krt18,Rattus norvegicus (Rat)
Q6IFU8,CONTAM:rat_keratin,rat keratin,contaminants,keratin,Krt17,Rattus norvegicus (Rat)
Q6IFV3,CONTAM:rat_keratin,rat keratin,contaminants,keratin,Krt15,Rattus norvegicus (Rat)
Q6IFV1,CONTAM:rat_keratin,rat keratin,contaminants,keratin,Krt14,Rattus norvegicus (Rat)
Q6IFV4,CONTAM:rat_keratin,rat keratin,contaminants,keratin,Krt13,Rattus norvegicus (Rat)
Q6IFW5,CONTAM:rat_keratin,rat keratin,contaminants,keratin,Krt12,Rattus norvegicus (Rat)
Q6IFW6,CONTAM:rat_keratin,rat keratin,contaminants,keratin,Krt10,Rattus norvegicus (Rat)
Q6IMF3,CONTAM:rat_keratin,rat keratin,contaminants,keratin,Krt1,Rattus norvegicus (Rat)
Q02958,CONTAM:sheep_keratin,sheep keratin,contaminants,keratin,KRTAP6-1,Ovis aries (Sheep)
P02438,CONTAM:sheep_keratin,sheep keratin,contaminants,keratin,,Ovis aries (Sheep)
P02439,CONTAM:sheep_keratin,sheep keratin,contaminants,keratin,,Ovis aries (Sheep)
P02440,CONTAM:sheep_keratin,sheep keratin,contaminants,keratin,,Ovis aries (Sheep)
P02441,CONTAM:sheep_keratin,sheep keratin,contaminants,keratin,,Ovis aries (Sheep)
P02443,CONTAM:sheep_keratin,sheep keratin,contaminants,keratin,,Ovis aries (Sheep)
P02444,CONTAM:sheep_keratin,sheep keratin,contaminants,keratin,,Ovis aries (Sheep)
P02445,CONTAM:sheep_keratin,sheep keratin,contaminants,keratin,,Ovis aries (Sheep)
P02534,CONTAM:sheep_keratin,sheep keratin,contaminants,keratin,,Ovis aries (Sheep)
P02539,CONTAM:sheep_keratin,sheep keratin,contaminants,keratin,,Ovis aries (Sheep)
P08131,CONTAM:sheep_keratin,sheep keratin,contaminants,keratin,,Ovis aries (Sheep)
P15241,CONTAM:sheep_keratin,sheep keratin,contaminants,keratin,,Ovis aries (Sheep)
P25690,CONTAM:sheep_keratin,sheep keratin,contaminants,keratin,,Ovis aries (Sheep)
P25691,CONTAM:sheep_keratin,sheep keratin,contaminants,keratin,,Ovis aries (Sheep)
P26372,CONTAM:sheep_keratin,sheep keratin,contaminants,keratin,,Ovis aries (Sheep)
Q86YZ3,CONTAM:all_keratinization,all keratinization,contaminants,keratinization,HRNR,Homo sapiens (Human)
D4A5U3,CONTAM:all_keratinization,all keratinization,contaminants,keratinization,Tgm3,Rattus norvegicus (Rat)
Q08189,CONTAM:all_keratinization,all keratinization,contaminants,keratinization,Tgm3,Mus musculus (Mouse)
Q08188,CONTAM:all_keratinization,all keratinization,contaminants,keratinization,TGM3,Homo sapiens (Human)
P23606,CONTAM:all_keratinization,all keratinization,contaminants,keratinization,Tgm1,Rattus norvegicus (Rat)
Q9JLF6,CONTAM:all_keratinization,all keratinization,contaminants,keratinization,Tgm1,Mus musculus (Mouse)
P22735,CONTAM:all_keratinization,all keratinization,contaminants,keratinization,TGM1,Homo sapiens (Human)
Q07283,CONTAM:all_keratinization,all keratinization,contaminants,keratinization,TCHH,Homo sapiens (Human)
P22793,CONTAM:all_keratinization,all keratinization,contaminants,keratinization,TCHH,Ovis aries (Sheep)
Q8CGN8,CONTAM:all_keratinization,all keratinization,contaminants,keratinization,Sprr4,Mus musculus (Mouse)
Q96PI1,CONTAM:all_keratinization,all keratinization,contaminants,keratinization,SPRR4,Homo sapiens (Human)
O09116,CONTAM:all_keratinization,all keratinization,contaminants,keratinization,Sprr3,Mus musculus (Mouse)
Q9UBC9,CONTAM:all_keratinization,all keratinization,contaminants,keratinization,SPRR3,Homo sapiens (Human)
O70562,CONTAM:all_keratinization,all keratinization,contaminants,keratinization,Sprr2k,Mus musculus (Mouse)
O70561,CONTAM:all_keratinization,all keratinization,contaminants,keratinization,Sprr2j,Mus musculus (Mouse)
O70560,CONTAM:all_keratinization,all keratinization,contaminants,keratinization,Sprr2i,Mus musculus (Mouse)
O70559,CONTAM:all_keratinization,all keratinization,contaminants,keratinization,Sprr2h,Mus musculus (Mouse)
O70558,CONTAM:all_keratinization,all keratinization,contaminants,keratinization,Sprr2g,Mus musculus (Mouse)
Q9BYE4,CONTAM:all_keratinization,all keratinization,contaminants,keratinization,SPRR2G,Homo sapiens (Human)
O70557,CONTAM:all_keratinization,all keratinization,contaminants,keratinization,Sprr2f,Mus musculus (Mouse)
Q96RM1,CONTAM:all_keratinization,all keratinization,contaminants,keratinization,SPRR2F,Homo sapiens (Human)
O70556,CONTAM:all_keratinization,all keratinization,contaminants,keratinization,Sprr2e,Mus musculus (Mouse)
P22531,CONTAM:all_keratinization,all keratinization,contaminants,keratinization,SPRR2E,Homo sapiens (Human)
O70555,CONTAM:all_keratinization,all keratinization,contaminants,keratinization,Sprr2d,Mus musculus (Mouse)
P22532,CONTAM:all_keratinization,all keratinization,contaminants,keratinization,SPRR2D,Homo sapiens (Human)
O70554,CONTAM:all_keratinization,all keratinization,contaminants,keratinization,Sprr2b,Mus musculus (Mouse)
P35325,CONTAM:all_keratinization,all keratinization,contaminants,keratinization,SPRR2B,Homo sapiens (Human)
Q62267,CONTAM:all_keratinization,all keratinization,contaminants,keratinization,Sprr1b,Mus musculus (Mouse)
P22528,CONTAM:all_keratinization,all keratinization,contaminants,keratinization,SPRR1B,Homo sapiens (Human)
Q63532,CONTAM:all_keratinization,all keratinization,contaminants,keratinization,Sprr1a,Rattus norvegicus (Rat)
Q62266,CONTAM:all_keratinization,all keratinization,contaminants,keratinization,Sprr1a,Mus musculus (Mouse)
P35321,CONTAM:all_keratinization,all keratinization,contaminants,keratinization,SPRR1A,Homo sapiens (Human)
Q9R269,CONTAM:all_keratinization,all keratinization,contaminants,keratinization,Ppl,Mus musculus (Mouse)
O60437,CONTAM:all_keratinization,all keratinization,contaminants,keratinization,PPL,Homo sapiens (Human)
Q8K2H1,CONTAM:all_keratinization,all keratinization,contaminants,keratinization,Pphln1,Mus musculus (Mouse)
Q8NEY8,CONTAM:all_keratinization,all keratinization,contaminants,keratinization,PPHLN1,Homo sapiens (Human)
P18165,CONTAM:all_keratinization,all keratinization,contaminants,keratinization,Loricrin,Mus musculus (Mouse)
P23490,CONTAM:all_keratinization,all keratinization,contaminants,keratinization,LORICRIN,Homo sapiens (Human)
P0DV60,CONTAM:all_keratinization,all keratinization,contaminants,keratinization,LCE7A,Homo sapiens (Human)
A0A183,CONTAM:all_keratinization,all keratinization,contaminants,keratinization,LCE6A,Homo sapiens (Human)
Q5TCM9,CONTAM:all_keratinization,all keratinization,contaminants,keratinization,LCE5A,Homo sapiens (Human)
Q5TA78,CONTAM:all_keratinization,all keratinization,contaminants,keratinization,LCE4A,Homo sapiens (Human)
Q5T5B0,CONTAM:all_keratinization,all keratinization,contaminants,keratinization,LCE3E,Homo sapiens (Human)
Q9BYE3,CONTAM:all_keratinization,all keratinization,contaminants,keratinization,LCE3D,Homo sapiens (Human)
Q5T5A8,CONTAM:all_keratinization,all keratinization,contaminants,keratinization,LCE3C,Homo sapiens (Human)
Q5TA77,CONTAM:all_keratinization,all keratinization,contaminants,keratinization,LCE3B,Homo sapiens (Human)
Q5TA76,CONTAM:all_keratinization,all keratinization,contaminants,keratinization,LCE3A,Homo sapiens (Human)
Q5TA82,CONTAM:all_keratinization,all keratinization,contaminants,keratinization,LCE2D,Homo sapiens (Human)
Q5TA81,CONTAM:all_keratinization,all keratinization,contaminants,keratinization,LCE2C,Homo sapiens (Human)
O14633,CONTAM:all_keratinization,all keratinization,contaminants,keratinization,LCE2B,Homo sapiens (Human)
Q5TA79,CONTAM:all_keratinization,all keratinization,contaminants,keratinization,LCE2A,Homo sapiens (Human)
Q5T754,CONTAM:all_keratinization,all keratinization,contaminants,keratinization,LCE1F,Homo sapiens (Human)
Q5T753,CONTAM:all_keratinization,all keratinization,contaminants,keratinization,LCE1E,Homo sapiens (Human)
Q5T752,CONTAM:all_keratinization,all keratinization,contaminants,keratinization,LCE1D,Homo sapiens (Human)
Q5T751,CONTAM:all_keratinization,all keratinization,contaminants,keratinization,LCE1C,Homo sapiens (Human)
Q5T7P3,CONTAM:all_keratinization,all keratinization,contaminants,keratinization,LCE1B,Homo sapiens (Human)
Q5T7P2,CONTAM:all_keratinization,all keratinization,contaminants,keratinization,LCE1A,Homo sapiens (Human)
Q5FWS6,CONTAM:all_keratinization,all keratinization,contaminants,keratinization,Kazn,Rattus norvegicus (Rat)
Q69ZS8,CONTAM:all_keratinization,all keratinization,contaminants,keratinization,Kazn,Mus musculus (Mouse)
Q674X7,CONTAM:all_keratinization,all keratinization,contaminants,keratinization,KAZN,Homo sapiens (Human)
P48998,CONTAM:all_keratinization,all keratinization,contaminants,keratinization,Ivl,Rattus norvegicus (Rat)
P48997,CONTAM:all_keratinization,all keratinization,contaminants,keratinization,Ivl,Mus musculus (Mouse)
P07476,CONTAM:all_keratinization,all keratinization,contaminants,keratinization,IVL,Homo sapiens (Human)
Q8VHD8,CONTAM:all_keratinization,all keratinization,contaminants,keratinization,Hrnr,Mus musculus (Mouse)
Q9D952,CONTAM:all_keratinization,all keratinization,contaminants,keratinization,Evpl,Mus musculus (Mouse)
Q92817,CONTAM:all_keratinization,all keratinization,contaminants,keratinization,EVPL,Homo sapiens (Human)
Q6PCW6,CONTAM:all_keratinization,all keratinization,contaminants,keratinization,Cnfn,Mus musculus (Mouse)
Q9BYD5,CONTAM:all_keratinization,all keratinization,contaminants,keratinization,CNFN,Homo sapiens (Human)
Q86YZ3,CONTAM:human_keratinization,human keratinization,contaminants,keratinization,HRNR,Homo sapiens (Human)
Q08188,CONTAM:human_keratinization,human keratinization,contaminants,keratinization,TGM3,Homo sapiens (Human)
P22735,CONTAM:human_keratinization,human keratinization,contaminants,keratinization,TGM1,Homo sapiens (Human)
Q07283,CONTAM:human_keratinization,human keratinization,contaminants,keratinization,TCHH,Homo sapiens (Human)
Q96PI1,CONTAM:human_keratinization,human keratinization,contaminants,keratinization,SPRR4,Homo sapiens (Human)
Q9UBC9,CONTAM:human_keratinization,human keratinization,contaminants,keratinization,SPRR3,Homo sapiens (Human)
Q9BYE4,CONTAM:human_keratinization,human keratinization,contaminants,keratinization,SPRR2G,Homo sapiens (Human)
Q96RM1,CONTAM:human_keratinization,human keratinization,contaminants,keratinization,SPRR2F,Homo sapiens (Human)
P22531,CONTAM:human_keratinization,human keratinization,contaminants,keratinization,SPRR2E,Homo sapiens (Human)
P22532,CONTAM:human_keratinization,human keratinization,contaminants,keratinization,SPRR2D,Homo sapiens (Human)
P35325,CONTAM:human_keratinization,human keratinization,contaminants,keratinization,SPRR2B,Homo sapiens (Human)
P22528,CONTAM:human_keratinization,human keratinization,contaminants,keratinization,SPRR1B,Homo sapiens (Human)
P35321,CONTAM:human_keratinization,human keratinization,contaminants,keratinization,SPRR1A,Homo sapiens (Human)
O60437,CONTAM:human_keratinization,human keratinization,contaminants,keratinization,PPL,Homo sapiens (Human)
Q8NEY8,CONTAM:human_keratinization,human keratinization,contaminants,keratinization,PPHLN1,Homo sapiens (Human)
P23490,CONTAM:human_keratinization,human keratinization,contaminants,keratinization,LORICRIN,Homo sapiens (Human)
P0DV60,CONTAM:human_keratinization,human keratinization,contaminants,keratinization,LCE7A,Homo sapiens (Human)
A0A183,CONTAM:human_keratinization,human keratinization,contaminants,keratinization,LCE6A,Homo sapiens (Human)
Q5TCM9,CONTAM:human_keratinization,human keratinization,contaminants,keratinization,LCE5A,Homo sapiens (Human)
Q5TA78,CONTAM:human_keratinization,human keratinization,contaminants,keratinization,LCE4A,Homo sapiens (Human)
Q5T5B0,CONTAM:human_keratinization,human keratinization,contaminants,keratinization,LCE3E,Homo sapiens (Human)
Q9BYE3,CONTAM:human_keratinization,human keratinization,contaminants,keratinization,LCE3D,Homo sapiens (Human)
Q5T5A8,CONTAM:human_keratinization,human keratinization,contaminants,keratinization,LCE3C,Homo sapiens (Human)
Q5TA77,CONTAM:human_keratinization,human keratinization,contaminants,keratinization,LCE3B,Homo sapiens (Human)
Q5TA76,CONTAM:human_keratinization,human keratinization,contaminants,keratinization,LCE3A,Homo sapiens (Human)
Q5TA82,CONTAM:human_keratinization,human keratinization,contaminants,keratinization,LCE2D,Homo sapiens (Human)
Q5TA81,CONTAM:human_keratinization,human keratinization,contaminants,keratinization,LCE2C,Homo sapiens (Human)
O14633,CONTAM:human_keratinization,human keratinization,contaminants,keratinization,LCE2B,Homo sapiens (Human)
Q5TA79,CONTAM:human_keratinization,human keratinization,contaminants,keratinization,LCE2A,Homo sapiens (Human)
Q5T754,CONTAM:human_keratinization,human keratinization,contaminants,keratinization,LCE1F,Homo sapiens (Human)
Q5T753,CONTAM:human_keratinization,human keratinization,contaminants,keratinization,LCE1E,Homo sapiens (Human)
Q5T752,CONTAM:human_keratinization,human keratinization,contaminants,keratinization,LCE1D,Homo sapiens (Human)
Q5T751,CONTAM:human_keratinization,human keratinization,contaminants,keratinization,LCE1C,Homo sapiens (Human)
Q5T7P3,CONTAM:human_keratinization,human keratinization,contaminants,keratinization,LCE1B,Homo sapiens (Human)
Q5T7P2,CONTAM:human_keratinization,human keratinization,contaminants,keratinization,LCE1A,Homo sapiens (Human)
Q674X7,CONTAM:human_keratinization,human keratinization,contaminants,keratinization,KAZN,Homo sapiens (Human)
P07476,CONTAM:human_keratinization,human keratinization,contaminants,keratinization,IVL,Homo sapiens (Human)
Q92817,CONTAM:human_keratinization,human keratinization,contaminants,keratinization,EVPL,Homo sapiens (Human)
Q9BYD5,CONTAM:human_keratinization,human keratinization,contaminants,keratinization,CNFN,Homo sapiens (Human)
Q08189,CONTAM:mouse_keratinization,mouse keratinization,contaminants,keratinization,Tgm3,Mus musculus (Mouse)
Q9JLF6,CONTAM:mouse_keratinization,mouse keratinization,contaminants,keratinization,Tgm1,Mus musculus (Mouse)
Q8CGN8,CONTAM:mouse_keratinization,mouse keratinization,contaminants,keratinization,Sprr4,Mus musculus (Mouse)
O09116,CONTAM:mouse_keratinization,mouse keratinization,contaminants,keratinization,Sprr3,Mus musculus (Mouse)
O70562,CONTAM:mouse_keratinization,mouse keratinization,contaminants,keratinization,Sprr2k,Mus musculus (Mouse)
O70561,CONTAM:mouse_keratinization,mouse keratinization,contaminants,keratinization,Sprr2j,Mus musculus (Mouse)
O70560,CONTAM:mouse_keratinization,mouse keratinization,contaminants,keratinization,Sprr2i,Mus musculus (Mouse)
O70559,CONTAM:mouse_keratinization,mouse keratinization,contaminants,keratinization,Sprr2h,Mus musculus (Mouse)
O70558,CONTAM:mouse_keratinization,mouse keratinization,contaminants,keratinization,Sprr2g,Mus musculus (Mouse)
O70557,CONTAM:mouse_keratinization,mouse keratinization,contaminants,keratinization,Sprr2f,Mus musculus (Mouse)
O70556,CONTAM:mouse_keratinization,mouse keratinization,contaminants,keratinization,Sprr2e,Mus musculus (Mouse)
O70555,CONTAM:mouse_keratinization,mouse keratinization,contaminants,keratinization,Sprr2d,Mus musculus (Mouse)
O70554,CONTAM:mouse_keratinization,mouse keratinization,contaminants,keratinization,Sprr2b,Mus musculus (Mouse)
Q62267,CONTAM:mouse_keratinization,mouse keratinization,contaminants,keratinization,Sprr1b,Mus musculus (Mouse)
Q62266,CONTAM:mouse_keratinization,mouse keratinization,contaminants,keratinization,Sprr1a,Mus musculus (Mouse)
Q9R269,CONTAM:mouse_keratinization,mouse keratinization,contaminants,keratinization,Ppl,Mus musculus (Mouse)
Q8K2H1,CONTAM:mouse_keratinization,mouse keratinization,contaminants,keratinization,Pphln1,Mus musculus (Mouse)
P18165,CONTAM:mouse_keratinization,mouse keratinization,contaminants,keratinization,Loricrin,Mus musculus (Mouse)
Q69ZS8,CONTAM:mouse_keratinization,mouse keratinization,contaminants,keratinization,Kazn,Mus musculus (Mouse)
P48997,CONTAM:mouse_keratinization,mouse keratinization,contaminants,keratinization,Ivl,Mus musculus (Mouse)
Q8VHD8,CONTAM:mouse_keratinization,mouse keratinization,contaminants,keratinization,Hrnr,Mus musculus (Mouse)
Q9D952,CONTAM:mouse_keratinization,mouse keratinization,contaminants,keratinization,Evpl,Mus musculus (Mouse)
Q6PCW6,CONTAM:mouse_keratinization,mouse keratinization,contaminants,keratinization,Cnfn,Mus musculus (Mouse)
D4A5U3,CONTAM:rat_keratinization,rat keratinization,contaminants,keratinization,Tgm3,Rattus norvegicus (Rat)
P23606,CONTAM:rat_keratinization,rat keratinization,contaminants,keratinization,Tgm1,Rattus norvegicus (Rat)
Q63532,CONTAM:rat_keratinization,rat keratinization,contaminants,keratinization,Sprr1a,Rattus norvegicus (Rat)
Q5FWS6,CONTAM:rat_keratinization,rat keratinization,contaminants,keratinization,Kazn,Rattus norvegicus (Rat)
P48998,CONTAM:rat_keratinization,rat keratinization,contaminants,keratinization,Ivl,Rattus norvegicus (Rat)
P35527,CONTAM:top_1000_human,top 1000 Human,contaminants,abundant_proteome,KRT9,Homo sapiens (Human)
P35908,CONTAM:top_1000_human,top 1000 Human,contaminants,abundant_proteome,KRT2,Homo sapiens (Human)
P13645,CONTAM:top_1000_human,top 1000 Human,contaminants,abundant_proteome,KRT10,Homo sapiens (Human)
P04264,CONTAM:top_1000_human,top 1000 Human,contaminants,abundant_proteome,KRT1,Homo sapiens (Human)
P05787,CONTAM:top_1000_human,top 1000 Human,contaminants,abundant_proteome,KRT8,Homo sapiens (Human)
Q7Z794,CONTAM:top_1000_human,top 1000 Human,contaminants,abundant_proteome,KRT77,Homo sapiens (Human)
O95678,CONTAM:top_1000_human,top 1000 Human,contaminants,abundant_proteome,KRT75,Homo sapiens (Human)
P08729,CONTAM:top_1000_human,top 1000 Human,contaminants,abundant_proteome,KRT7,Homo sapiens (Human)
P48668,CONTAM:top_1000_human,top 1000 Human,contaminants,abundant_proteome,KRT6C,Homo sapiens (Human)
P04259,CONTAM:top_1000_human,top 1000 Human,contaminants,abundant_proteome,KRT6B,Homo sapiens (Human)
P02538,CONTAM:top_1000_human,top 1000 Human,contaminants,abundant_proteome,KRT6A,Homo sapiens (Human)
P13647,CONTAM:top_1000_human,top 1000 Human,contaminants,abundant_proteome,KRT5,Homo sapiens (Human)
P08727,CONTAM:top_1000_human,top 1000 Human,contaminants,abundant_proteome,KRT19,Homo sapiens (Human)
P05783,CONTAM:top_1000_human,top 1000 Human,contaminants,abundant_proteome,KRT18,Homo sapiens (Human)
Q04695,CONTAM:top_1000_human,top 1000 Human,contaminants,abundant_proteome,KRT17,Homo sapiens (Human)
P08779,CONTAM:top_1000_human,top 1000 Human,contaminants,abundant_proteome,KRT16,Homo sapiens (Human)
P02533,CONTAM:top_1000_human,top 1000 Human,contaminants,abundant_proteome,KRT14,Homo sapiens (Human)
P10599,CONTAM:top_1000_human,top 1000 Human,contaminants,abundant_proteome,TXN,Homo sapiens (Human)
P00441,CONTAM:top_1000_human,top 1000 Human,contaminants,abundant_proteome,SOD1,Homo sapiens (Human)
P62979,CONTAM:top_1000_human,top 1000 Human,contaminants,abundant_proteome,RPS27A,Homo sapiens (Human)
Q06830,CONTAM:top_1000_human,top 1000 Human,contaminants,abundant_proteome,PRDX1,Homo sapiens (Human)
P61626,CONTAM:top_1000_human,top 1000 Human,contaminants,abundant_proteome,LYZ,Homo sapiens (Human)
P02788,CONTAM:top_1000_human,top 1000 Human,contaminants,abundant_proteome,LTF,Homo sapiens (Human)
P68871,CONTAM:top_1000_human,top 1000 Human,contaminants,abundant_proteome,HBB,Homo sapiens (Human)
P69905,CONTAM:top_1000_human,top 1000 Human,contaminants,abundant_proteome,HBA2,Homo sapiens (Human)
P12081,CONTAM:top_1000_human,top 1000 Human,contaminants,abundant_proteome,HARS1,Homo sapiens (Human)
P09211,CONTAM:top_1000_human,top 1000 Human,contaminants,abundant_proteome,GSTP1,Homo sapiens (Human)
P06396,CONTAM:top_1000_human,top 1000 Human,contaminants,abundant_proteome,GSN,Homo sapiens (Human)
P99999,CONTAM:top_1000_human,top 1000 Human,contaminants,abundant_proteome,CYCS,Homo sapiens (Human)
P07339,CONTAM:top_1000_human,top 1000 Human,contaminants,abundant_proteome,CTSD,Homo sapiens (Human)
P04040,CONTAM:top_1000_human,top 1000 Human,contaminants,abundant_proteome,CAT,Homo sapiens (Human)
P00918,CONTAM:top_1000_human,top 1000 Human,contaminants,abundant_proteome,CA2,Homo sapiens (Human)
P01031,CONTAM:top_1000_human,top 1000 Human,contaminants,abundant_proteome,C5,Homo sapiens (Human)
P02768,CONTAM:top_1000_human,top 1000 Human,contaminants,abundant_proteome,ALB,Homo sapiens (Human)
H0Y2Y8,CONTAM:top_1000_human,top 1000 Human,contaminants,abundant_proteome,ZYX,Homo sapiens (Human)
Q15942,CONTAM:top_1000_human,top 1000 Human,contaminants,abundant_proteome,ZYX,Homo sapiens (Human)
P63104,CONTAM:top_1000_human,top 1000 Human,contaminants,abundant_proteome,YWHAZ,Homo sapiens (Human)
P27348,CONTAM:top_1000_human,top 1000 Human,contaminants,abundant_proteome,YWHAQ,Homo sapiens (Human)
Q04917,CONTAM:top_1000_human,top 1000 Human,contaminants,abundant_proteome,YWHAH,Homo sapiens (Human)
P61981,CONTAM:top_1000_human,top 1000 Human,contaminants,abundant_proteome,YWHAG,Homo sapiens (Human)
P62258,CONTAM:top_1000_human,top 1000 Human,contaminants,abundant_proteome,YWHAE,Homo sapiens (Human)
P31946,CONTAM:top_1000_human,top 1000 Human,contaminants,abundant_proteome,YWHAB,Homo sapiens (Human)
P67809,CONTAM:top_1000_human,top 1000 Human,contaminants,abundant_proteome,YBX1,Homo sapiens (Human)
P54577,CONTAM:top_1000_human,top 1000 Human,contaminants,abundant_proteome,YARS1,Homo sapiens (Human)
P12956,CONTAM:top_1000_human,top 1000 Human,contaminants,abundant_proteome,XRCC6,Homo sapiens (Human)
P13010,CONTAM:top_1000_human,top 1000 Human,contaminants,abundant_proteome,XRCC5,Homo sapiens (Human)
O14980,CONTAM:top_1000_human,top 1000 Human,contaminants,abundant_proteome,XPO1,Homo sapiens (Human)
P04275,CONTAM:top_1000_human,top 1000 Human,contaminants,abundant_proteome,VWF,Homo sapiens (Human)
P04004,CONTAM:top_1000_human,top 1000 Human,contaminants,abundant_proteome,VTN,Homo sapiens (Human)
Q96QK1,CONTAM:top_1000_human,top 1000 Human,contaminants,abundant_proteome,VPS35,Homo sapiens (Human)
P08670,CONTAM:top_1000_human,top 1000 Human,contaminants,abundant_proteome,VIM,Homo sapiens (Human)
Q9Y277,CONTAM:top_1000_human,top 1000 Human,contaminants,abundant_proteome,VDAC3,Homo sapiens (Human)
A0A0A0MR02,CONTAM:top_1000_human,top 1000 Human,contaminants,abundant_proteome,VDAC2,Homo sapiens (Human)
P45880,CONTAM:top_1000_human,top 1000 Human,contaminants,abundant_proteome,VDAC2,Homo sapiens (Human)
P21796,CONTAM:top_1000_human,top 1000 Human,contaminants,abundant_proteome,VDAC1,Homo sapiens (Human)
P55072,CONTAM:top_1000_human,top 1000 Human,contaminants,abundant_proteome,VCP,Homo sapiens (Human)
P18206,CONTAM:top_1000_human,top 1000 Human,contaminants,abundant_proteome,VCL,Homo sapiens (Human)
Q99536,CONTAM:top_1000_human,top 1000 Human,contaminants,abundant_proteome,VAT1,Homo sapiens (Human)
P50552,CONTAM:top_1000_human,top 1000 Human,contaminants,abundant_proteome,VASP,Homo sapiens (Human)
P26640,CONTAM:top_1000_human,top 1000 Human,contaminants,abundant_proteome,VARS1,Homo sapiens (Human)
Q9P0L0,CONTAM:top_1000_human,top 1000 Human,contaminants,abundant_proteome,VAPA,Homo sapiens (Human)
P45974,CONTAM:top_1000_human,top 1000 Human,contaminants,abundant_proteome,USP5,Homo sapiens (Human)
P22695,CONTAM:top_1000_human,top 1000 Human,contaminants,abundant_proteome,UQCRC2,Homo sapiens (Human)
P31930,CONTAM:top_1000_human,top 1000 Human,contaminants,abundant_proteome,UQCRC1,Homo sapiens (Human)
Q92900,CONTAM:top_1000_human,top 1000 Human,contaminants,abundant_proteome,UPF1,Homo sapiens (Human)
P61088,CONTAM:top_1000_human,top 1000 Human,contaminants,abundant_proteome,UBE2N,Homo sapiens (Human)
Q9UBT2,CONTAM:top_1000_human,top 1000 Human,contaminants,abundant_proteome,UBA2,Homo sapiens (Human)
P22314,CONTAM:top_1000_human,top 1000 Human,contaminants,abundant_proteome,UBA1,Homo sapiens (Human)
P26368,CONTAM:top_1000_human,top 1000 Human,contaminants,abundant_proteome,U2AF2,Homo sapiens (Human)
O43396,CONTAM:top_1000_human,top 1000 Human,contaminants,abundant_proteome,TXNL1,Homo sapiens (Human)
Q8NBS9,CONTAM:top_1000_human,top 1000 Human,contaminants,abundant_proteome,TXNDC5,Homo sapiens (Human)
Q6IBS0,CONTAM:top_1000_human,top 1000 Human,contaminants,abundant_proteome,TWF2,Homo sapiens (Human)
P49411,CONTAM:top_1000_human,top 1000 Human,contaminants,abundant_proteome,TUFM,Homo sapiens (Human)
Q9BUF5,CONTAM:top_1000_human,top 1000 Human,contaminants,abundant_proteome,TUBB6,Homo sapiens (Human)
P68371,CONTAM:top_1000_human,top 1000 Human,contaminants,abundant_proteome,TUBB4B,Homo sapiens (Human)
P04350,CONTAM:top_1000_human,top 1000 Human,contaminants,abundant_proteome,TUBB4A,Homo sapiens (Human)
Q13885,CONTAM:top_1000_human,top 1000 Human,contaminants,abundant_proteome,TUBB2A,Homo sapiens (Human)
Q9H4B7,CONTAM:top_1000_human,top 1000 Human,contaminants,abundant_proteome,TUBB1,Homo sapiens (Human)
P07437,CONTAM:top_1000_human,top 1000 Human,contaminants,abundant_proteome,TUBB,Homo sapiens (Human)
Q9NY65,CONTAM:top_1000_human,top 1000 Human,contaminants,abundant_proteome,TUBA8,Homo sapiens (Human)
P68366,CONTAM:top_1000_human,top 1000 Human,contaminants,abundant_proteome,TUBA4A,Homo sapiens (Human)
P0DPH7,CONTAM:top_1000_human,top 1000 Human,contaminants,abundant_proteome,TUBA3C,Homo sapiens (Human)
P68363,CONTAM:top_1000_human,top 1000 Human,contaminants,abundant_proteome,TUBA1B,Homo sapiens (Human)
Q71U36,CONTAM:top_1000_human,top 1000 Human,contaminants,abundant_proteome,TUBA1A,Homo sapiens (Human)
P02766,CONTAM:top_1000_human,top 1000 Human,contaminants,abundant_proteome,TTR,Homo sapiens (Human)
Q13263,CONTAM:top_1000_human,top 1000 Human,contaminants,abundant_proteome,TRIM28,Homo sapiens (Human)
Q14258,CONTAM:top_1000_human,top 1000 Human,contaminants,abundant_proteome,TRIM25,Homo sapiens (Human)
Q12931,CONTAM:top_1000_human,top 1000 Human,contaminants,abundant_proteome,TRAP1,Homo sapiens (Human)
P12270,CONTAM:top_1000_human,top 1000 Human,contaminants,abundant_proteome,TPR,Homo sapiens (Human)
O14773,CONTAM:top_1000_human,top 1000 Human,contaminants,abundant_proteome,TPP1,Homo sapiens (Human)
A0A5F9UKJ4,CONTAM:top_1000_human,top 1000 Human,contaminants,abundant_proteome,TPM4,Homo sapiens (Human)
A0A5F9UN72,CONTAM:top_1000_human,top 1000 Human,contaminants,abundant_proteome,TPM4,Homo sapiens (Human)
P60174,CONTAM:top_1000_human,top 1000 Human,contaminants,abundant_proteome,TPI1,Homo sapiens (Human)
O43399,CONTAM:top_1000_human,top 1000 Human,contaminants,abundant_proteome,TPD52L2,Homo sapiens (Human)
P11387,CONTAM:top_1000_human,top 1000 Human,contaminants,abundant_proteome,TOP1,Homo sapiens (Human)
O94826,CONTAM:top_1000_human,top 1000 Human,contaminants,abundant_proteome,TOMM70,Homo sapiens (Human)
Q92973,CONTAM:top_1000_human,top 1000 Human,contaminants,abundant_proteome,TNPO1,Homo sapiens (Human)
Q9NYL9,CONTAM:top_1000_human,top 1000 Human,contaminants,abundant_proteome,TMOD3,Homo sapiens (Human)
Q9BVC6,CONTAM:top_1000_human,top 1000 Human,contaminants,abundant_proteome,TMEM109,Homo sapiens (Human)
Q9BVK6,CONTAM:top_1000_human,top 1000 Human,contaminants,abundant_proteome,TMED9,Homo sapiens (Human)
P49755,CONTAM:top_1000_human,top 1000 Human,contaminants,abundant_proteome,TMED10,Homo sapiens (Human)
Q9Y490,CONTAM:top_1000_human,top 1000 Human,contaminants,abundant_proteome,TLN1,Homo sapiens (Human)
Q9Y2W1,CONTAM:top_1000_human,top 1000 Human,contaminants,abundant_proteome,THRAP3,Homo sapiens (Human)
P07996,CONTAM:top_1000_human,top 1000 Human,contaminants,abundant_proteome,THBS1,Homo sapiens (Human)
P02786,CONTAM:top_1000_human,top 1000 Human,contaminants,abundant_proteome,TFRC,Homo sapiens (Human)
Q9NZ01,CONTAM:top_1000_human,top 1000 Human,contaminants,abundant_proteome,TECR,Homo sapiens (Human)
P17987,CONTAM:top_1000_human,top 1000 Human,contaminants,abundant_proteome,TCP1,Homo sapiens (Human)
P26639,CONTAM:top_1000_human,top 1000 Human,contaminants,abundant_proteome,TARS1,Homo sapiens (Human)
Q13148,CONTAM:top_1000_human,top 1000 Human,contaminants,abundant_proteome,TARDBP,Homo sapiens (Human)
P37837,CONTAM:top_1000_human,top 1000 Human,contaminants,abundant_proteome,TALDO1,Homo sapiens (Human)
P37802,CONTAM:top_1000_human,top 1000 Human,contaminants,abundant_proteome,TAGLN2,Homo sapiens (Human)
Q01995,CONTAM:top_1000_human,top 1000 Human,contaminants,abundant_proteome,TAGLN,Homo sapiens (Human)
Q16563,CONTAM:top_1000_human,top 1000 Human,contaminants,abundant_proteome,SYPL1,Homo sapiens (Human)
O60506,CONTAM:top_1000_human,top 1000 Human,contaminants,abundant_proteome,SYNCRIP,Homo sapiens (Human)
Q9Y5B9,CONTAM:top_1000_human,top 1000 Human,contaminants,abundant_proteome,SUPT16H,Homo sapiens (Human)
P53999,CONTAM:top_1000_human,top 1000 Human,contaminants,abundant_proteome,SUB1,Homo sapiens (Human)
Q15833,CONTAM:top_1000_human,top 1000 Human,contaminants,abundant_proteome,STXBP2,Homo sapiens (Human)
Q8TCJ2,CONTAM:top_1000_human,top 1000 Human,contaminants,abundant_proteome,STT3B,Homo sapiens (Human)
Q9UJZ1,CONTAM:top_1000_human,top 1000 Human,contaminants,abundant_proteome,STOML2,Homo sapiens (Human)
P27105,CONTAM:top_1000_human,top 1000 Human,contaminants,abundant_proteome,STOM,Homo sapiens (Human)
P31948,CONTAM:top_1000_human,top 1000 Human,contaminants,abundant_proteome,STIP1,Homo sapiens (Human)
Q13586,CONTAM:top_1000_human,top 1000 Human,contaminants,abundant_proteome,STIM1,Homo sapiens (Human)
P42224,CONTAM:top_1000_human,top 1000 Human,contaminants,abundant_proteome,STAT1,Homo sapiens (Human)
P50502,CONTAM:top_1000_human,top 1000 Human,contaminants,abundant_proteome,ST13,Homo sapiens (Human)
Q08945,CONTAM:top_1000_human,top 1000 Human,contaminants,abundant_proteome,SSRP1,Homo sapiens (Human)
P51571,CONTAM:top_1000_human,top 1000 Human,contaminants,abundant_proteome,SSR4,Homo sapiens (Human)
Q04837,CONTAM:top_1000_human,top 1000 Human,contaminants,abundant_proteome,SSBP1,Homo sapiens (Human)
P05455,CONTAM:top_1000_human,top 1000 Human,contaminants,abundant_proteome,SSB,Homo sapiens (Human)
Q13242,CONTAM:top_1000_human,top 1000 Human,contaminants,abundant_proteome,SRSF9,Homo sapiens (Human)
Q16629,CONTAM:top_1000_human,top 1000 Human,contaminants,abundant_proteome,SRSF7,Homo sapiens (Human)
Q13247,CONTAM:top_1000_human,top 1000 Human,contaminants,abundant_proteome,SRSF6,Homo sapiens (Human)
P84103,CONTAM:top_1000_human,top 1000 Human,contaminants,abundant_proteome,SRSF3,Homo sapiens (Human)
Q07955,CONTAM:top_1000_human,top 1000 Human,contaminants,abundant_proteome,SRSF1,Homo sapiens (Human)
Q9UQ35,CONTAM:top_1000_human,top 1000 Human,contaminants,abundant_proteome,SRRM2,Homo sapiens (Human)
Q9UHB9,CONTAM:top_1000_human,top 1000 Human,contaminants,abundant_proteome,SRP68,Homo sapiens (Human)
P37108,CONTAM:top_1000_human,top 1000 Human,contaminants,abundant_proteome,SRP14,Homo sapiens (Human)
Q01082,CONTAM:top_1000_human,top 1000 Human,contaminants,abundant_proteome,SPTBN1,Homo sapiens (Human)
Q13813,CONTAM:top_1000_human,top 1000 Human,contaminants,abundant_proteome,SPTAN1,Homo sapiens (Human)
Q15005,CONTAM:top_1000_human,top 1000 Human,contaminants,abundant_proteome,SPCS2,Homo sapiens (Human)
P04179,CONTAM:top_1000_human,top 1000 Human,contaminants,abundant_proteome,SOD2,Homo sapiens (Human)
P62318,CONTAM:top_1000_human,top 1000 Human,contaminants,abundant_proteome,SNRPD3,Homo sapiens (Human)
P62316,CONTAM:top_1000_human,top 1000 Human,contaminants,abundant_proteome,SNRPD2,Homo sapiens (Human)
P62314,CONTAM:top_1000_human,top 1000 Human,contaminants,abundant_proteome,SNRPD1,Homo sapiens (Human)
P09661,CONTAM:top_1000_human,top 1000 Human,contaminants,abundant_proteome,SNRPA1,Homo sapiens (Human)
P08621,CONTAM:top_1000_human,top 1000 Human,contaminants,abundant_proteome,SNRNP70,Homo sapiens (Human)
O75643,CONTAM:top_1000_human,top 1000 Human,contaminants,abundant_proteome,SNRNP200,Homo sapiens (Human)
Q7KZF4,CONTAM:top_1000_human,top 1000 Human,contaminants,abundant_proteome,SND1,Homo sapiens (Human)
O00161,CONTAM:top_1000_human,top 1000 Human,contaminants,abundant_proteome,SNAP23,Homo sapiens (Human)
Q9NTJ3,CONTAM:top_1000_human,top 1000 Human,contaminants,abundant_proteome,SMC4,Homo sapiens (Human)
Q9UQE7,CONTAM:top_1000_human,top 1000 Human,contaminants,abundant_proteome,SMC3,Homo sapiens (Human)
Q14683,CONTAM:top_1000_human,top 1000 Human,contaminants,abundant_proteome,SMC1A,Homo sapiens (Human)
P08195,CONTAM:top_1000_human,top 1000 Human,contaminants,abundant_proteome,SLC3A2,Homo sapiens (Human)
P12236,CONTAM:top_1000_human,top 1000 Human,contaminants,abundant_proteome,SLC25A6,Homo sapiens (Human)
P05141,CONTAM:top_1000_human,top 1000 Human,contaminants,abundant_proteome,SLC25A5,Homo sapiens (Human)
Q00325,CONTAM:top_1000_human,top 1000 Human,contaminants,abundant_proteome,SLC25A3,Homo sapiens (Human)
P43007,CONTAM:top_1000_human,top 1000 Human,contaminants,abundant_proteome,SLC1A4,Homo sapiens (Human)
P63208,CONTAM:top_1000_human,top 1000 Human,contaminants,abundant_proteome,SKP1,Homo sapiens (Human)
P34897,CONTAM:top_1000_human,top 1000 Human,contaminants,abundant_proteome,SHMT2,Homo sapiens (Human)
O75368,CONTAM:top_1000_human,top 1000 Human,contaminants,abundant_proteome,SH3BGRL,Homo sapiens (Human)
Q9H9B4,CONTAM:top_1000_human,top 1000 Human,contaminants,abundant_proteome,SFXN1,Homo sapiens (Human)
P23246,CONTAM:top_1000_human,top 1000 Human,contaminants,abundant_proteome,SFPQ,Homo sapiens (Human)
P31947,CONTAM:top_1000_human,top 1000 Human,contaminants,abundant_proteome,SFN,Homo sapiens (Human)
Q15393,CONTAM:top_1000_human,top 1000 Human,contaminants,abundant_proteome,SF3B3,Homo sapiens (Human)
Q13435,CONTAM:top_1000_human,top 1000 Human,contaminants,abundant_proteome,SF3B2,Homo sapiens (Human)
O75533,CONTAM:top_1000_human,top 1000 Human,contaminants,abundant_proteome,SF3B1,Homo sapiens (Human)
Q12874,CONTAM:top_1000_human,top 1000 Human,contaminants,abundant_proteome,SF3A3,Homo sapiens (Human)
Q15459,CONTAM:top_1000_human,top 1000 Human,contaminants,abundant_proteome,SF3A1,Homo sapiens (Human)
Q01105,CONTAM:top_1000_human,top 1000 Human,contaminants,abundant_proteome,SET,Homo sapiens (Human)
P50454,CONTAM:top_1000_human,top 1000 Human,contaminants,abundant_proteome,SERPINH1,Homo sapiens (Human)
P05155,CONTAM:top_1000_human,top 1000 Human,contaminants,abundant_proteome,SERPING1,Homo sapiens (Human)
P08697,CONTAM:top_1000_human,top 1000 Human,contaminants,abundant_proteome,SERPINF2,Homo sapiens (Human)
P36955,CONTAM:top_1000_human,top 1000 Human,contaminants,abundant_proteome,SERPINF1,Homo sapiens (Human)
P05546,CONTAM:top_1000_human,top 1000 Human,contaminants,abundant_proteome,SERPIND1,Homo sapiens (Human)
P01008,CONTAM:top_1000_human,top 1000 Human,contaminants,abundant_proteome,SERPINC1,Homo sapiens (Human)
P50453,CONTAM:top_1000_human,top 1000 Human,contaminants,abundant_proteome,SERPINB9,Homo sapiens (Human)
P30740,CONTAM:top_1000_human,top 1000 Human,contaminants,abundant_proteome,SERPINB1,Homo sapiens (Human)
P05543,CONTAM:top_1000_human,top 1000 Human,contaminants,abundant_proteome,SERPINA7,Homo sapiens (Human)
P08185,CONTAM:top_1000_human,top 1000 Human,contaminants,abundant_proteome,SERPINA6,Homo sapiens (Human)
P29622,CONTAM:top_1000_human,top 1000 Human,contaminants,abundant_proteome,SERPINA4,Homo sapiens (Human)
P01011,CONTAM:top_1000_human,top 1000 Human,contaminants,abundant_proteome,SERPINA3,Homo sapiens (Human)
P01009,CONTAM:top_1000_human,top 1000 Human,contaminants,abundant_proteome,SERPINA1,Homo sapiens (Human)
Q8NC51,CONTAM:top_1000_human,top 1000 Human,contaminants,abundant_proteome,SERBP1,Homo sapiens (Human)
Q9UHD8,CONTAM:top_1000_human,top 1000 Human,contaminants,abundant_proteome,SEPTIN9,Homo sapiens (Human)
E7EPK1,CONTAM:top_1000_human,top 1000 Human,contaminants,abundant_proteome,SEPTIN7,Homo sapiens (Human)
Q16181,CONTAM:top_1000_human,top 1000 Human,contaminants,abundant_proteome,SEPTIN7,Homo sapiens (Human)
Q15019,CONTAM:top_1000_human,top 1000 Human,contaminants,abundant_proteome,SEPTIN2,Homo sapiens (Human)
Q15436,CONTAM:top_1000_human,top 1000 Human,contaminants,abundant_proteome,SEC23A,Homo sapiens (Human)
P31040,CONTAM:top_1000_human,top 1000 Human,contaminants,abundant_proteome,SDHA,Homo sapiens (Human)
O15127,CONTAM:top_1000_human,top 1000 Human,contaminants,abundant_proteome,SCAMP2,Homo sapiens (Human)
P49591,CONTAM:top_1000_human,top 1000 Human,contaminants,abundant_proteome,SARS1,Homo sapiens (Human)
P35542,CONTAM:top_1000_human,top 1000 Human,contaminants,abundant_proteome,SAA4,Homo sapiens (Human)
P06702,CONTAM:top_1000_human,top 1000 Human,contaminants,abundant_proteome,S100A9,Homo sapiens (Human)
P31949,CONTAM:top_1000_human,top 1000 Human,contaminants,abundant_proteome,S100A11,Homo sapiens (Human)
X6R2L4,CONTAM:top_1000_human,top 1000 Human,contaminants,abundant_proteome,RUVBL2,Homo sapiens (Human)
Q9Y265,CONTAM:top_1000_human,top 1000 Human,contaminants,abundant_proteome,RUVBL1,Homo sapiens (Human)
Q9Y224,CONTAM:top_1000_human,top 1000 Human,contaminants,abundant_proteome,RTRAF,Homo sapiens (Human)
Q9NQC3,CONTAM:top_1000_human,top 1000 Human,contaminants,abundant_proteome,RTN4,Homo sapiens (Human)
Q9Y3I0,CONTAM:top_1000_human,top 1000 Human,contaminants,abundant_proteome,RTCB,Homo sapiens (Human)
Q15404,CONTAM:top_1000_human,top 1000 Human,contaminants,abundant_proteome,RSU1,Homo sapiens (Human)
Q9P2E9,CONTAM:top_1000_human,top 1000 Human,contaminants,abundant_proteome,RRBP1,Homo sapiens (Human)
P08865,CONTAM:top_1000_human,top 1000 Human,contaminants,abundant_proteome,RPSA,Homo sapiens (Human)
P46781,CONTAM:top_1000_human,top 1000 Human,contaminants,abundant_proteome,RPS9,Homo sapiens (Human)
P62241,CONTAM:top_1000_human,top 1000 Human,contaminants,abundant_proteome,RPS8,Homo sapiens (Human)
P62753,CONTAM:top_1000_human,top 1000 Human,contaminants,abundant_proteome,RPS6,Homo sapiens (Human)
P46782,CONTAM:top_1000_human,top 1000 Human,contaminants,abundant_proteome,RPS5,Homo sapiens (Human)
P62701,CONTAM:top_1000_human,top 1000 Human,contaminants,abundant_proteome,RPS4X,Homo sapiens (Human)
P23396,CONTAM:top_1000_human,top 1000 Human,contaminants,abundant_proteome,RPS3,Homo sapiens (Human)
A0A2R8Y849,CONTAM:top_1000_human,top 1000 Human,contaminants,abundant_proteome,RPS24,Homo sapiens (Human)
P62266,CONTAM:top_1000_human,top 1000 Human,contaminants,abundant_proteome,RPS23,Homo sapiens (Human)
P60866,CONTAM:top_1000_human,top 1000 Human,contaminants,abundant_proteome,RPS20,Homo sapiens (Human)
P15880,CONTAM:top_1000_human,top 1000 Human,contaminants,abundant_proteome,RPS2,Homo sapiens (Human)
A0A075B6E2,CONTAM:top_1000_human,top 1000 Human,contaminants,abundant_proteome,RPS19,Homo sapiens (Human)
P62269,CONTAM:top_1000_human,top 1000 Human,contaminants,abundant_proteome,RPS18,Homo sapiens (Human)
P62249,CONTAM:top_1000_human,top 1000 Human,contaminants,abundant_proteome,RPS16,Homo sapiens (Human)
P62244,CONTAM:top_1000_human,top 1000 Human,contaminants,abundant_proteome,RPS15A,Homo sapiens (Human)
P62263,CONTAM:top_1000_human,top 1000 Human,contaminants,abundant_proteome,RPS14,Homo sapiens (Human)
J3KMX5,CONTAM:top_1000_human,top 1000 Human,contaminants,abundant_proteome,RPS13,Homo sapiens (Human)
P62280,CONTAM:top_1000_human,top 1000 Human,contaminants,abundant_proteome,RPS11,Homo sapiens (Human)
P04844,CONTAM:top_1000_human,top 1000 Human,contaminants,abundant_proteome,RPN2,Homo sapiens (Human)
P04843,CONTAM:top_1000_human,top 1000 Human,contaminants,abundant_proteome,RPN1,Homo sapiens (Human)
P05387,CONTAM:top_1000_human,top 1000 Human,contaminants,abundant_proteome,RPLP2,Homo sapiens (Human)
P05386,CONTAM:top_1000_human,top 1000 Human,contaminants,abundant_proteome,RPLP1,Homo sapiens (Human)
P05388,CONTAM:top_1000_human,top 1000 Human,contaminants,abundant_proteome,RPLP0,Homo sapiens (Human)
P32969,CONTAM:top_1000_human,top 1000 Human,contaminants,abundant_proteome,RPL9P9,Homo sapiens (Human)
P62917,CONTAM:top_1000_human,top 1000 Human,contaminants,abundant_proteome,RPL8,Homo sapiens (Human)
P62424,CONTAM:top_1000_human,top 1000 Human,contaminants,abundant_proteome,RPL7A,Homo sapiens (Human)
Q02878,CONTAM:top_1000_human,top 1000 Human,contaminants,abundant_proteome,RPL6,Homo sapiens (Human)
P46777,CONTAM:top_1000_human,top 1000 Human,contaminants,abundant_proteome,RPL5,Homo sapiens (Human)
P36578,CONTAM:top_1000_human,top 1000 Human,contaminants,abundant_proteome,RPL4,Homo sapiens (Human)
P63173,CONTAM:top_1000_human,top 1000 Human,contaminants,abundant_proteome,RPL38,Homo sapiens (Human)
Q9Y3U8,CONTAM:top_1000_human,top 1000 Human,contaminants,abundant_proteome,RPL36,Homo sapiens (Human)
P42766,CONTAM:top_1000_human,top 1000 Human,contaminants,abundant_proteome,RPL35,Homo sapiens (Human)
P62899,CONTAM:top_1000_human,top 1000 Human,contaminants,abundant_proteome,RPL31,Homo sapiens (Human)
P62888,CONTAM:top_1000_human,top 1000 Human,contaminants,abundant_proteome,RPL30,Homo sapiens (Human)
P39023,CONTAM:top_1000_human,top 1000 Human,contaminants,abundant_proteome,RPL3,Homo sapiens (Human)
P47914,CONTAM:top_1000_human,top 1000 Human,contaminants,abundant_proteome,RPL29,Homo sapiens (Human)
P46779,CONTAM:top_1000_human,top 1000 Human,contaminants,abundant_proteome,RPL28,Homo sapiens (Human)
P46776,CONTAM:top_1000_human,top 1000 Human,contaminants,abundant_proteome,RPL27A,Homo sapiens (Human)
P61353,CONTAM:top_1000_human,top 1000 Human,contaminants,abundant_proteome,RPL27,Homo sapiens (Human)
P83731,CONTAM:top_1000_human,top 1000 Human,contaminants,abundant_proteome,RPL24,Homo sapiens (Human)
P62750,CONTAM:top_1000_human,top 1000 Human,contaminants,abundant_proteome,RPL23A,Homo sapiens (Human)
P35268,CONTAM:top_1000_human,top 1000 Human,contaminants,abundant_proteome,RPL22,Homo sapiens (Human)
P46778,CONTAM:top_1000_human,top 1000 Human,contaminants,abundant_proteome,RPL21,Homo sapiens (Human)
P84098,CONTAM:top_1000_human,top 1000 Human,contaminants,abundant_proteome,RPL19,Homo sapiens (Human)
Q02543,CONTAM:top_1000_human,top 1000 Human,contaminants,abundant_proteome,RPL18A,Homo sapiens (Human)
J3QQ67,CONTAM:top_1000_human,top 1000 Human,contaminants,abundant_proteome,RPL18,Homo sapiens (Human)
P40429,CONTAM:top_1000_human,top 1000 Human,contaminants,abundant_proteome,RPL13A,Homo sapiens (Human)
P26373,CONTAM:top_1000_human,top 1000 Human,contaminants,abundant_proteome,RPL13,Homo sapiens (Human)
P30050,CONTAM:top_1000_human,top 1000 Human,contaminants,abundant_proteome,RPL12,Homo sapiens (Human)
P62913,CONTAM:top_1000_human,top 1000 Human,contaminants,abundant_proteome,RPL11,Homo sapiens (Human)
P62906,CONTAM:top_1000_human,top 1000 Human,contaminants,abundant_proteome,RPL10A,Homo sapiens (Human)
Q9H4A4,CONTAM:top_1000_human,top 1000 Human,contaminants,abundant_proteome,RNPEP,Homo sapiens (Human)
P13489,CONTAM:top_1000_human,top 1000 Human,contaminants,abundant_proteome,RNH1,Homo sapiens (Human)
Q15293,CONTAM:top_1000_human,top 1000 Human,contaminants,abundant_proteome,RCN1,Homo sapiens (Human)
Q9P258,CONTAM:top_1000_human,top 1000 Human,contaminants,abundant_proteome,RCC2,Homo sapiens (Human)
Q5VY30,CONTAM:top_1000_human,top 1000 Human,contaminants,abundant_proteome,RBP4,Homo sapiens (Human)
P38159,CONTAM:top_1000_human,top 1000 Human,contaminants,abundant_proteome,RBMX,Homo sapiens (Human)
Q96PK6,CONTAM:top_1000_human,top 1000 Human,contaminants,abundant_proteome,RBM14,Homo sapiens (Human)
Q16576,CONTAM:top_1000_human,top 1000 Human,contaminants,abundant_proteome,RBBP7,Homo sapiens (Human)
Q09028,CONTAM:top_1000_human,top 1000 Human,contaminants,abundant_proteome,RBBP4,Homo sapiens (Human)
P54136,CONTAM:top_1000_human,top 1000 Human,contaminants,abundant_proteome,RARS1,Homo sapiens (Human)
P61224,CONTAM:top_1000_human,top 1000 Human,contaminants,abundant_proteome,RAP1B,Homo sapiens (Human)
P49792,CONTAM:top_1000_human,top 1000 Human,contaminants,abundant_proteome,RANBP2,Homo sapiens (Human)
J3KPE3,CONTAM:top_1000_human,top 1000 Human,contaminants,abundant_proteome,RACK1,Homo sapiens (Human)
P15153,CONTAM:top_1000_human,top 1000 Human,contaminants,abundant_proteome,RAC2,Homo sapiens (Human)
P61006,CONTAM:top_1000_human,top 1000 Human,contaminants,abundant_proteome,RAB8A,Homo sapiens (Human)
P51149,CONTAM:top_1000_human,top 1000 Human,contaminants,abundant_proteome,RAB7A,Homo sapiens (Human)
P51148,CONTAM:top_1000_human,top 1000 Human,contaminants,abundant_proteome,RAB5C,Homo sapiens (Human)
P61019,CONTAM:top_1000_human,top 1000 Human,contaminants,abundant_proteome,RAB2A,Homo sapiens (Human)
Q9UL25,CONTAM:top_1000_human,top 1000 Human,contaminants,abundant_proteome,RAB21,Homo sapiens (Human)
Q9H0U4,CONTAM:top_1000_human,top 1000 Human,contaminants,abundant_proteome,RAB1B,Homo sapiens (Human)
P61106,CONTAM:top_1000_human,top 1000 Human,contaminants,abundant_proteome,RAB14,Homo sapiens (Human)
Q15907,CONTAM:top_1000_human,top 1000 Human,contaminants,abundant_proteome,RAB11B,Homo sapiens (Human)
P61026,CONTAM:top_1000_human,top 1000 Human,contaminants,abundant_proteome,RAB10,Homo sapiens (Human)
P47897,CONTAM:top_1000_human,top 1000 Human,contaminants,abundant_proteome,QARS1,Homo sapiens (Human)
P06737,CONTAM:top_1000_human,top 1000 Human,contaminants,abundant_proteome,PYGL,Homo sapiens (Human)
P11216,CONTAM:top_1000_human,top 1000 Human,contaminants,abundant_proteome,PYGB,Homo sapiens (Human)
Q15185,CONTAM:top_1000_human,top 1000 Human,contaminants,abundant_proteome,PTGES3,Homo sapiens (Human)
P26599,CONTAM:top_1000_human,top 1000 Human,contaminants,abundant_proteome,PTBP1,Homo sapiens (Human)
Q9UL46,CONTAM:top_1000_human,top 1000 Human,contaminants,abundant_proteome,PSME2,Homo sapiens (Human)
P51665,CONTAM:top_1000_human,top 1000 Human,contaminants,abundant_proteome,PSMD7,Homo sapiens (Human)
Q15008,CONTAM:top_1000_human,top 1000 Human,contaminants,abundant_proteome,PSMD6,Homo sapiens (Human)
O43242,CONTAM:top_1000_human,top 1000 Human,contaminants,abundant_proteome,PSMD3,Homo sapiens (Human)
Q13200,CONTAM:top_1000_human,top 1000 Human,contaminants,abundant_proteome,PSMD2,Homo sapiens (Human)
O00231,CONTAM:top_1000_human,top 1000 Human,contaminants,abundant_proteome,PSMD11,Homo sapiens (Human)
Q99460,CONTAM:top_1000_human,top 1000 Human,contaminants,abundant_proteome,PSMD1,Homo sapiens (Human)
P62195,CONTAM:top_1000_human,top 1000 Human,contaminants,abundant_proteome,PSMC5,Homo sapiens (Human)
P43686,CONTAM:top_1000_human,top 1000 Human,contaminants,abundant_proteome,PSMC4,Homo sapiens (Human)
P17980,CONTAM:top_1000_human,top 1000 Human,contaminants,abundant_proteome,PSMC3,Homo sapiens (Human)
P35998,CONTAM:top_1000_human,top 1000 Human,contaminants,abundant_proteome,PSMC2,Homo sapiens (Human)
P62191,CONTAM:top_1000_human,top 1000 Human,contaminants,abundant_proteome,PSMC1,Homo sapiens (Human)
Q99436,CONTAM:top_1000_human,top 1000 Human,contaminants,abundant_proteome,PSMB7,Homo sapiens (Human)
P28070,CONTAM:top_1000_human,top 1000 Human,contaminants,abundant_proteome,PSMB4,Homo sapiens (Human)
P49721,CONTAM:top_1000_human,top 1000 Human,contaminants,abundant_proteome,PSMB2,Homo sapiens (Human)
P20618,CONTAM:top_1000_human,top 1000 Human,contaminants,abundant_proteome,PSMB1,Homo sapiens (Human)
O14818,CONTAM:top_1000_human,top 1000 Human,contaminants,abundant_proteome,PSMA7,Homo sapiens (Human)
P60900,CONTAM:top_1000_human,top 1000 Human,contaminants,abundant_proteome,PSMA6,Homo sapiens (Human)
P28066,CONTAM:top_1000_human,top 1000 Human,contaminants,abundant_proteome,PSMA5,Homo sapiens (Human)
P25789,CONTAM:top_1000_human,top 1000 Human,contaminants,abundant_proteome,PSMA4,Homo sapiens (Human)
P25788,CONTAM:top_1000_human,top 1000 Human,contaminants,abundant_proteome,PSMA3,Homo sapiens (Human)
P25787,CONTAM:top_1000_human,top 1000 Human,contaminants,abundant_proteome,PSMA2,Homo sapiens (Human)
Q6P2Q9,CONTAM:top_1000_human,top 1000 Human,contaminants,abundant_proteome,PRPF8,Homo sapiens (Human)
Q9UMS4,CONTAM:top_1000_human,top 1000 Human,contaminants,abundant_proteome,PRPF19,Homo sapiens (Human)
O14744,CONTAM:top_1000_human,top 1000 Human,contaminants,abundant_proteome,PRMT5,Homo sapiens (Human)
P78527,CONTAM:top_1000_human,top 1000 Human,contaminants,abundant_proteome,PRKDC,Homo sapiens (Human)
P30041,CONTAM:top_1000_human,top 1000 Human,contaminants,abundant_proteome,PRDX6,Homo sapiens (Human)
P30044,CONTAM:top_1000_human,top 1000 Human,contaminants,abundant_proteome,PRDX5,Homo sapiens (Human)
Q13162,CONTAM:top_1000_human,top 1000 Human,contaminants,abundant_proteome,PRDX4,Homo sapiens (Human)
P30048,CONTAM:top_1000_human,top 1000 Human,contaminants,abundant_proteome,PRDX3,Homo sapiens (Human)
P32119,CONTAM:top_1000_human,top 1000 Human,contaminants,abundant_proteome,PRDX2,Homo sapiens (Human)
P30153,CONTAM:top_1000_human,top 1000 Human,contaminants,abundant_proteome,PPP2R1A,Homo sapiens (Human)
P36873,CONTAM:top_1000_human,top 1000 Human,contaminants,abundant_proteome,PPP1CC,Homo sapiens (Human)
P23284,CONTAM:top_1000_human,top 1000 Human,contaminants,abundant_proteome,PPIB,Homo sapiens (Human)
P02775,CONTAM:top_1000_human,top 1000 Human,contaminants,abundant_proteome,PPBP,Homo sapiens (Human)
Q15181,CONTAM:top_1000_human,top 1000 Human,contaminants,abundant_proteome,PPA1,Homo sapiens (Human)
P27169,CONTAM:top_1000_human,top 1000 Human,contaminants,abundant_proteome,PON1,Homo sapiens (Human)
P00491,CONTAM:top_1000_human,top 1000 Human,contaminants,abundant_proteome,PNP,Homo sapiens (Human)
O60664,CONTAM:top_1000_human,top 1000 Human,contaminants,abundant_proteome,PLIN3,Homo sapiens (Human)
P00747,CONTAM:top_1000_human,top 1000 Human,contaminants,abundant_proteome,PLG,Homo sapiens (Human)
P08567,CONTAM:top_1000_human,top 1000 Human,contaminants,abundant_proteome,PLEK,Homo sapiens (Human)
Q15149,CONTAM:top_1000_human,top 1000 Human,contaminants,abundant_proteome,PLEC,Homo sapiens (Human)
P14618,CONTAM:top_1000_human,top 1000 Human,contaminants,abundant_proteome,PKM,Homo sapiens (Human)
P01833,CONTAM:top_1000_human,top 1000 Human,contaminants,abundant_proteome,PIGR,Homo sapiens (Human)
A0A2C9F2M7,CONTAM:top_1000_human,top 1000 Human,contaminants,abundant_proteome,PHGDH,Homo sapiens (Human)
J3KPX7,CONTAM:top_1000_human,top 1000 Human,contaminants,abundant_proteome,PHB2,Homo sapiens (Human)
P35232,CONTAM:top_1000_human,top 1000 Human,contaminants,abundant_proteome,PHB1,Homo sapiens (Human)
O15173,CONTAM:top_1000_human,top 1000 Human,contaminants,abundant_proteome,PGRMC2,Homo sapiens (Human)
O00264,CONTAM:top_1000_human,top 1000 Human,contaminants,abundant_proteome,PGRMC1,Homo sapiens (Human)
P36871,CONTAM:top_1000_human,top 1000 Human,contaminants,abundant_proteome,PGM1,Homo sapiens (Human)
Q96PD5,CONTAM:top_1000_human,top 1000 Human,contaminants,abundant_proteome,PGLYRP2,Homo sapiens (Human)
O95336,CONTAM:top_1000_human,top 1000 Human,contaminants,abundant_proteome,PGLS,Homo sapiens (Human)
P00558,CONTAM:top_1000_human,top 1000 Human,contaminants,abundant_proteome,PGK1,Homo sapiens (Human)
P52209,CONTAM:top_1000_human,top 1000 Human,contaminants,abundant_proteome,PGD,Homo sapiens (Human)
P07737,CONTAM:top_1000_human,top 1000 Human,contaminants,abundant_proteome,PFN1,Homo sapiens (Human)
Q01813,CONTAM:top_1000_human,top 1000 Human,contaminants,abundant_proteome,PFKP,Homo sapiens (Human)
P30086,CONTAM:top_1000_human,top 1000 Human,contaminants,abundant_proteome,PEBP1,Homo sapiens (Human)
Q29RF7,CONTAM:top_1000_human,top 1000 Human,contaminants,abundant_proteome,PDS5A,Homo sapiens (Human)
O00151,CONTAM:top_1000_human,top 1000 Human,contaminants,abundant_proteome,PDLIM1,Homo sapiens (Human)
Q15084,CONTAM:top_1000_human,top 1000 Human,contaminants,abundant_proteome,PDIA6,Homo sapiens (Human)
A0A499FI48,CONTAM:top_1000_human,top 1000 Human,contaminants,abundant_proteome,PDIA4,Homo sapiens (Human)
P30101,CONTAM:top_1000_human,top 1000 Human,contaminants,abundant_proteome,PDIA3,Homo sapiens (Human)
P11177,CONTAM:top_1000_human,top 1000 Human,contaminants,abundant_proteome,PDHB,Homo sapiens (Human)
Q8WUM4,CONTAM:top_1000_human,top 1000 Human,contaminants,abundant_proteome,PDCD6IP,Homo sapiens (Human)
P12004,CONTAM:top_1000_human,top 1000 Human,contaminants,abundant_proteome,PCNA,Homo sapiens (Human)
P22061,CONTAM:top_1000_human,top 1000 Human,contaminants,abundant_proteome,PCMT1,Homo sapiens (Human)
Q15366,CONTAM:top_1000_human,top 1000 Human,contaminants,abundant_proteome,PCBP2,Homo sapiens (Human)
Q15365,CONTAM:top_1000_human,top 1000 Human,contaminants,abundant_proteome,PCBP1,Homo sapiens (Human)
P09874,CONTAM:top_1000_human,top 1000 Human,contaminants,abundant_proteome,PARP1,Homo sapiens (Human)
Q99497,CONTAM:top_1000_human,top 1000 Human,contaminants,abundant_proteome,PARK7,Homo sapiens (Human)
P22234,CONTAM:top_1000_human,top 1000 Human,contaminants,abundant_proteome,PAICS,Homo sapiens (Human)
Q86U42,CONTAM:top_1000_human,top 1000 Human,contaminants,abundant_proteome,PABPN1,Homo sapiens (Human)
P11940,CONTAM:top_1000_human,top 1000 Human,contaminants,abundant_proteome,PABPC1,Homo sapiens (Human)
Q9UQ80,CONTAM:top_1000_human,top 1000 Human,contaminants,abundant_proteome,PA2G4,Homo sapiens (Human)
P07237,CONTAM:top_1000_human,top 1000 Human,contaminants,abundant_proteome,P4HB,Homo sapiens (Human)
P02763,CONTAM:top_1000_human,top 1000 Human,contaminants,abundant_proteome,ORM1,Homo sapiens (Human)
Q9NTK5,CONTAM:top_1000_human,top 1000 Human,contaminants,abundant_proteome,OLA1,Homo sapiens (Human)
Q02218,CONTAM:top_1000_human,top 1000 Human,contaminants,abundant_proteome,OGDH,Homo sapiens (Human)
Q8TEM1,CONTAM:top_1000_human,top 1000 Human,contaminants,abundant_proteome,NUP210,Homo sapiens (Human)
O43809,CONTAM:top_1000_human,top 1000 Human,contaminants,abundant_proteome,NUDT21,Homo sapiens (Human)
Q9Y266,CONTAM:top_1000_human,top 1000 Human,contaminants,abundant_proteome,NUDC,Homo sapiens (Human)
P46459,CONTAM:top_1000_human,top 1000 Human,contaminants,abundant_proteome,NSF,Homo sapiens (Human)
P06748,CONTAM:top_1000_human,top 1000 Human,contaminants,abundant_proteome,NPM1,Homo sapiens (Human)
P55786,CONTAM:top_1000_human,top 1000 Human,contaminants,abundant_proteome,NPEPPS,Homo sapiens (Human)
Q9Y2X3,CONTAM:top_1000_human,top 1000 Human,contaminants,abundant_proteome,NOP58,Homo sapiens (Human)
O00567,CONTAM:top_1000_human,top 1000 Human,contaminants,abundant_proteome,NOP56,Homo sapiens (Human)
Q15233,CONTAM:top_1000_human,top 1000 Human,contaminants,abundant_proteome,NONO,Homo sapiens (Human)
J3KPD9,CONTAM:top_1000_human,top 1000 Human,contaminants,abundant_proteome,NME1-NME2,Homo sapiens (Human)
P14543,CONTAM:top_1000_human,top 1000 Human,contaminants,abundant_proteome,NID1,Homo sapiens (Human)
O14745,CONTAM:top_1000_human,top 1000 Human,contaminants,abundant_proteome,NHERF1,Homo sapiens (Human)
O75489,CONTAM:top_1000_human,top 1000 Human,contaminants,abundant_proteome,NDUFS3,Homo sapiens (Human)
P28331,CONTAM:top_1000_human,top 1000 Human,contaminants,abundant_proteome,NDUFS1,Homo sapiens (Human)
P19338,CONTAM:top_1000_human,top 1000 Human,contaminants,abundant_proteome,NCL,Homo sapiens (Human)
O43776,CONTAM:top_1000_human,top 1000 Human,contaminants,abundant_proteome,NARS1,Homo sapiens (Human)
P54920,CONTAM:top_1000_human,top 1000 Human,contaminants,abundant_proteome,NAPA,Homo sapiens (Human)
Q13765,CONTAM:top_1000_human,top 1000 Human,contaminants,abundant_proteome,NACA,Homo sapiens (Human)
B0I1T2,CONTAM:top_1000_human,top 1000 Human,contaminants,abundant_proteome,MYO1G,Homo sapiens (Human)
P24844,CONTAM:top_1000_human,top 1000 Human,contaminants,abundant_proteome,MYL9,Homo sapiens (Human)
G8JLA2,CONTAM:top_1000_human,top 1000 Human,contaminants,abundant_proteome,MYL6,Homo sapiens (Human)
J3KND3,CONTAM:top_1000_human,top 1000 Human,contaminants,abundant_proteome,MYL6,Homo sapiens (Human)
P19105,CONTAM:top_1000_human,top 1000 Human,contaminants,abundant_proteome,MYL12A,Homo sapiens (Human)
P35579,CONTAM:top_1000_human,top 1000 Human,contaminants,abundant_proteome,MYH9,Homo sapiens (Human)
P35580,CONTAM:top_1000_human,top 1000 Human,contaminants,abundant_proteome,MYH10,Homo sapiens (Human)
Q14764,CONTAM:top_1000_human,top 1000 Human,contaminants,abundant_proteome,MVP,Homo sapiens (Human)
P58546,CONTAM:top_1000_human,top 1000 Human,contaminants,abundant_proteome,MTPN,Homo sapiens (Human)
Q86UE4,CONTAM:top_1000_human,top 1000 Human,contaminants,abundant_proteome,MTDH,Homo sapiens (Human)
P00403,CONTAM:top_1000_human,top 1000 Human,contaminants,abundant_proteome,MT-CO2,Homo sapiens (Human)
Q9Y6C9,CONTAM:top_1000_human,top 1000 Human,contaminants,abundant_proteome,MTCH2,Homo sapiens (Human)
P26038,CONTAM:top_1000_human,top 1000 Human,contaminants,abundant_proteome,MSN,Homo sapiens (Human)
Q13201,CONTAM:top_1000_human,top 1000 Human,contaminants,abundant_proteome,MMRN1,Homo sapiens (Human)
Q14165,CONTAM:top_1000_human,top 1000 Human,contaminants,abundant_proteome,MLEC,Homo sapiens (Human)
P14174,CONTAM:top_1000_human,top 1000 Human,contaminants,abundant_proteome,MIF,Homo sapiens (Human)
P40926,CONTAM:top_1000_human,top 1000 Human,contaminants,abundant_proteome,MDH2,Homo sapiens (Human)
P40925,CONTAM:top_1000_human,top 1000 Human,contaminants,abundant_proteome,MDH1,Homo sapiens (Human)
P33993,CONTAM:top_1000_human,top 1000 Human,contaminants,abundant_proteome,MCM7,Homo sapiens (Human)
Q14566,CONTAM:top_1000_human,top 1000 Human,contaminants,abundant_proteome,MCM6,Homo sapiens (Human)
P33992,CONTAM:top_1000_human,top 1000 Human,contaminants,abundant_proteome,MCM5,Homo sapiens (Human)
P33991,CONTAM:top_1000_human,top 1000 Human,contaminants,abundant_proteome,MCM4,Homo sapiens (Human)
A0A499FHX9,CONTAM:top_1000_human,top 1000 Human,contaminants,abundant_proteome,MCM3,Homo sapiens (Human)
P49736,CONTAM:top_1000_human,top 1000 Human,contaminants,abundant_proteome,MCM2,Homo sapiens (Human)
A0A0R4J2E8,CONTAM:top_1000_human,top 1000 Human,contaminants,abundant_proteome,MATR3,Homo sapiens (Human)
P43243,CONTAM:top_1000_human,top 1000 Human,contaminants,abundant_proteome,MATR3,Homo sapiens (Human)
P31153,CONTAM:top_1000_human,top 1000 Human,contaminants,abundant_proteome,MAT2A,Homo sapiens (Human)
P56192,CONTAM:top_1000_human,top 1000 Human,contaminants,abundant_proteome,MARS1,Homo sapiens (Human)
Q15691,CONTAM:top_1000_human,top 1000 Human,contaminants,abundant_proteome,MAPRE1,Homo sapiens (Human)
P28482,CONTAM:top_1000_human,top 1000 Human,contaminants,abundant_proteome,MAPK1,Homo sapiens (Human)
P27816,CONTAM:top_1000_human,top 1000 Human,contaminants,abundant_proteome,MAP4,Homo sapiens (Human)
P20645,CONTAM:top_1000_human,top 1000 Human,contaminants,abundant_proteome,M6PR,Homo sapiens (Human)
P51884,CONTAM:top_1000_human,top 1000 Human,contaminants,abundant_proteome,LUM,Homo sapiens (Human)
P09960,CONTAM:top_1000_human,top 1000 Human,contaminants,abundant_proteome,LTA4H,Homo sapiens (Human)
Q96AG4,CONTAM:top_1000_human,top 1000 Human,contaminants,abundant_proteome,LRRC59,Homo sapiens (Human)
P42704,CONTAM:top_1000_human,top 1000 Human,contaminants,abundant_proteome,LRPPRC,Homo sapiens (Human)
Q07954,CONTAM:top_1000_human,top 1000 Human,contaminants,abundant_proteome,LRP1,Homo sapiens (Human)
P02750,CONTAM:top_1000_human,top 1000 Human,contaminants,abundant_proteome,LRG1,Homo sapiens (Human)
A0A2U3TZJ4,CONTAM:top_1000_human,top 1000 Human,contaminants,abundant_proteome,LOC112694756,Homo sapiens (Human)
A0A2U3TZM8,CONTAM:top_1000_human,top 1000 Human,contaminants,abundant_proteome,LOC112694756,Homo sapiens (Human)
Q03252,CONTAM:top_1000_human,top 1000 Human,contaminants,abundant_proteome,LMNB2,Homo sapiens (Human)
P20700,CONTAM:top_1000_human,top 1000 Human,contaminants,abundant_proteome,LMNB1,Homo sapiens (Human)
P02545,CONTAM:top_1000_human,top 1000 Human,contaminants,abundant_proteome,LMNA,Homo sapiens (Human)
Q12907,CONTAM:top_1000_human,top 1000 Human,contaminants,abundant_proteome,LMAN2,Homo sapiens (Human)
P49257,CONTAM:top_1000_human,top 1000 Human,contaminants,abundant_proteome,LMAN1,Homo sapiens (Human)
P48059,CONTAM:top_1000_human,top 1000 Human,contaminants,abundant_proteome,LIMS1,Homo sapiens (Human)
Q08380,CONTAM:top_1000_human,top 1000 Human,contaminants,abundant_proteome,LGALS3BP,Homo sapiens (Human)
P17931,CONTAM:top_1000_human,top 1000 Human,contaminants,abundant_proteome,LGALS3,Homo sapiens (Human)
P09382,CONTAM:top_1000_human,top 1000 Human,contaminants,abundant_proteome,LGALS1,Homo sapiens (Human)
P07195,CONTAM:top_1000_human,top 1000 Human,contaminants,abundant_proteome,LDHB,Homo sapiens (Human)
P00338,CONTAM:top_1000_human,top 1000 Human,contaminants,abundant_proteome,LDHA,Homo sapiens (Human)
P13796,CONTAM:top_1000_human,top 1000 Human,contaminants,abundant_proteome,LCP1,Homo sapiens (Human)
Q14847,CONTAM:top_1000_human,top 1000 Human,contaminants,abundant_proteome,LASP1,Homo sapiens (Human)
Q6PKG0,CONTAM:top_1000_human,top 1000 Human,contaminants,abundant_proteome,LARP1,Homo sapiens (Human)
P28838,CONTAM:top_1000_human,top 1000 Human,contaminants,abundant_proteome,LAP3,Homo sapiens (Human)
Q6IAA8,CONTAM:top_1000_human,top 1000 Human,contaminants,abundant_proteome,LAMTOR1,Homo sapiens (Human)
P11279,CONTAM:top_1000_human,top 1000 Human,contaminants,abundant_proteome,LAMP1,Homo sapiens (Human)
P11047,CONTAM:top_1000_human,top 1000 Human,contaminants,abundant_proteome,LAMC1,Homo sapiens (Human)
Q14974,CONTAM:top_1000_human,top 1000 Human,contaminants,abundant_proteome,KPNB1,Homo sapiens (Human)
P52292,CONTAM:top_1000_human,top 1000 Human,contaminants,abundant_proteome,KPNA2,Homo sapiens (Human)
P01042,CONTAM:top_1000_human,top 1000 Human,contaminants,abundant_proteome,KNG1,Homo sapiens (Human)
P03952,CONTAM:top_1000_human,top 1000 Human,contaminants,abundant_proteome,KLKB1,Homo sapiens (Human)
P33176,CONTAM:top_1000_human,top 1000 Human,contaminants,abundant_proteome,KIF5B,Homo sapiens (Human)
Q92945,CONTAM:top_1000_human,top 1000 Human,contaminants,abundant_proteome,KHSRP,Homo sapiens (Human)
Q07666,CONTAM:top_1000_human,top 1000 Human,contaminants,abundant_proteome,KHDRBS1,Homo sapiens (Human)
Q15046,CONTAM:top_1000_human,top 1000 Human,contaminants,abundant_proteome,KARS1,Homo sapiens (Human)
P01591,CONTAM:top_1000_human,top 1000 Human,contaminants,abundant_proteome,JCHAIN,Homo sapiens (Human)
Q14624,CONTAM:top_1000_human,top 1000 Human,contaminants,abundant_proteome,ITIH4,Homo sapiens (Human)
P19823,CONTAM:top_1000_human,top 1000 Human,contaminants,abundant_proteome,ITIH2,Homo sapiens (Human)
P19827,CONTAM:top_1000_human,top 1000 Human,contaminants,abundant_proteome,ITIH1,Homo sapiens (Human)
P05556,CONTAM:top_1000_human,top 1000 Human,contaminants,abundant_proteome,ITGB1,Homo sapiens (Human)
P08648,CONTAM:top_1000_human,top 1000 Human,contaminants,abundant_proteome,ITGA5,Homo sapiens (Human)
P08514,CONTAM:top_1000_human,top 1000 Human,contaminants,abundant_proteome,ITGA2B,Homo sapiens (Human)
P46940,CONTAM:top_1000_human,top 1000 Human,contaminants,abundant_proteome,IQGAP1,Homo sapiens (Human)
O95373,CONTAM:top_1000_human,top 1000 Human,contaminants,abundant_proteome,IPO7,Homo sapiens (Human)
O00410,CONTAM:top_1000_human,top 1000 Human,contaminants,abundant_proteome,IPO5,Homo sapiens (Human)
P12268,CONTAM:top_1000_human,top 1000 Human,contaminants,abundant_proteome,IMPDH2,Homo sapiens (Human)
C9J406,CONTAM:top_1000_human,top 1000 Human,contaminants,abundant_proteome,IMMT,Homo sapiens (Human)
Q13418,CONTAM:top_1000_human,top 1000 Human,contaminants,abundant_proteome,ILK,Homo sapiens (Human)
Q12905,CONTAM:top_1000_human,top 1000 Human,contaminants,abundant_proteome,ILF2,Homo sapiens (Human)
X6R6Z1,CONTAM:top_1000_human,top 1000 Human,contaminants,abundant_proteome,ILF2,Homo sapiens (Human)
P0DOY2,CONTAM:top_1000_human,top 1000 Human,contaminants,abundant_proteome,IGLC2,Homo sapiens (Human)
A0A5H1ZRQ4,CONTAM:top_1000_human,top 1000 Human,contaminants,abundant_proteome,IGLC1,Homo sapiens (Human)
A0A5H1ZRQ3,CONTAM:top_1000_human,top 1000 Human,contaminants,abundant_proteome,IGKC,Homo sapiens (Human)
A0A0A0MS07,CONTAM:top_1000_human,top 1000 Human,contaminants,abundant_proteome,IGHG1,Homo sapiens (Human)
P01857,CONTAM:top_1000_human,top 1000 Human,contaminants,abundant_proteome,IGHG1,Homo sapiens (Human)
P01876,CONTAM:top_1000_human,top 1000 Human,contaminants,abundant_proteome,IGHA1,Homo sapiens (Human)
P35858,CONTAM:top_1000_human,top 1000 Human,contaminants,abundant_proteome,IGFALS,Homo sapiens (Human)
P11717,CONTAM:top_1000_human,top 1000 Human,contaminants,abundant_proteome,IGF2R,Homo sapiens (Human)
P50213,CONTAM:top_1000_human,top 1000 Human,contaminants,abundant_proteome,IDH3A,Homo sapiens (Human)
P48735,CONTAM:top_1000_human,top 1000 Human,contaminants,abundant_proteome,IDH2,Homo sapiens (Human)
O75874,CONTAM:top_1000_human,top 1000 Human,contaminants,abundant_proteome,IDH1,Homo sapiens (Human)
Q7Z6Z7,CONTAM:top_1000_human,top 1000 Human,contaminants,abundant_proteome,HUWE1,Homo sapiens (Human)
Q92598,CONTAM:top_1000_human,top 1000 Human,contaminants,abundant_proteome,HSPH1,Homo sapiens (Human)
P98160,CONTAM:top_1000_human,top 1000 Human,contaminants,abundant_proteome,HSPG2,Homo sapiens (Human)
P61604,CONTAM:top_1000_human,top 1000 Human,contaminants,abundant_proteome,HSPE1,Homo sapiens (Human)
P10809,CONTAM:top_1000_human,top 1000 Human,contaminants,abundant_proteome,HSPD1,Homo sapiens (Human)
P04792,CONTAM:top_1000_human,top 1000 Human,contaminants,abundant_proteome,HSPB1,Homo sapiens (Human)
P38646,CONTAM:top_1000_human,top 1000 Human,contaminants,abundant_proteome,HSPA9,Homo sapiens (Human)
P11142,CONTAM:top_1000_human,top 1000 Human,contaminants,abundant_proteome,HSPA8,Homo sapiens (Human)
P11021,CONTAM:top_1000_human,top 1000 Human,contaminants,abundant_proteome,HSPA5,Homo sapiens (Human)
P34932,CONTAM:top_1000_human,top 1000 Human,contaminants,abundant_proteome,HSPA4,Homo sapiens (Human)
P54652,CONTAM:top_1000_human,top 1000 Human,contaminants,abundant_proteome,HSPA2,Homo sapiens (Human)
P0DMV8,CONTAM:top_1000_human,top 1000 Human,contaminants,abundant_proteome,HSPA1A,Homo sapiens (Human)
P14625,CONTAM:top_1000_human,top 1000 Human,contaminants,abundant_proteome,HSP90B1,Homo sapiens (Human)
P08238,CONTAM:top_1000_human,top 1000 Human,contaminants,abundant_proteome,HSP90AB1,Homo sapiens (Human)
P07900,CONTAM:top_1000_human,top 1000 Human,contaminants,abundant_proteome,HSP90AA1,Homo sapiens (Human)
Q99714,CONTAM:top_1000_human,top 1000 Human,contaminants,abundant_proteome,HSD17B10,Homo sapiens (Human)
Q86YZ3,CONTAM:top_1000_human,top 1000 Human,contaminants,abundant_proteome,HRNR,Homo sapiens (Human)
P04196,CONTAM:top_1000_human,top 1000 Human,contaminants,abundant_proteome,HRG,Homo sapiens (Human)
P02790,CONTAM:top_1000_human,top 1000 Human,contaminants,abundant_proteome,HPX,Homo sapiens (Human)
H0Y300,CONTAM:top_1000_human,top 1000 Human,contaminants,abundant_proteome,HP,Homo sapiens (Human)
P00738,CONTAM:top_1000_human,top 1000 Human,contaminants,abundant_proteome,HP,Homo sapiens (Human)
Q1KMD3,CONTAM:top_1000_human,top 1000 Human,contaminants,abundant_proteome,HNRNPUL2,Homo sapiens (Human)
A0A0A0MRA5,CONTAM:top_1000_human,top 1000 Human,contaminants,abundant_proteome,HNRNPUL1,Homo sapiens (Human)
A0A1X7SBS1,CONTAM:top_1000_human,top 1000 Human,contaminants,abundant_proteome,HNRNPU,Homo sapiens (Human)
O43390,CONTAM:top_1000_human,top 1000 Human,contaminants,abundant_proteome,HNRNPR,Homo sapiens (Human)
P52272,CONTAM:top_1000_human,top 1000 Human,contaminants,abundant_proteome,HNRNPM,Homo sapiens (Human)
P14866,CONTAM:top_1000_human,top 1000 Human,contaminants,abundant_proteome,HNRNPL,Homo sapiens (Human)
P61978,CONTAM:top_1000_human,top 1000 Human,contaminants,abundant_proteome,HNRNPK,Homo sapiens (Human)
P55795,CONTAM:top_1000_human,top 1000 Human,contaminants,abundant_proteome,HNRNPH2,Homo sapiens (Human)
P31943,CONTAM:top_1000_human,top 1000 Human,contaminants,abundant_proteome,HNRNPH1,Homo sapiens (Human)
P52597,CONTAM:top_1000_human,top 1000 Human,contaminants,abundant_proteome,HNRNPF,Homo sapiens (Human)
O14979,CONTAM:top_1000_human,top 1000 Human,contaminants,abundant_proteome,HNRNPDL,Homo sapiens (Human)
Q14103,CONTAM:top_1000_human,top 1000 Human,contaminants,abundant_proteome,HNRNPD,Homo sapiens (Human)
B4DY08,CONTAM:top_1000_human,top 1000 Human,contaminants,abundant_proteome,HNRNPC,Homo sapiens (Human)
Q99729,CONTAM:top_1000_human,top 1000 Human,contaminants,abundant_proteome,HNRNPAB,Homo sapiens (Human)
P22626,CONTAM:top_1000_human,top 1000 Human,contaminants,abundant_proteome,HNRNPA2B1,Homo sapiens (Human)
P09651,CONTAM:top_1000_human,top 1000 Human,contaminants,abundant_proteome,HNRNPA1,Homo sapiens (Human)
Q13151,CONTAM:top_1000_human,top 1000 Human,contaminants,abundant_proteome,HNRNPA0,Homo sapiens (Human)
P26583,CONTAM:top_1000_human,top 1000 Human,contaminants,abundant_proteome,HMGB2,Homo sapiens (Human)
P09429,CONTAM:top_1000_human,top 1000 Human,contaminants,abundant_proteome,HMGB1,Homo sapiens (Human)
P49773,CONTAM:top_1000_human,top 1000 Human,contaminants,abundant_proteome,HINT1,Homo sapiens (Human)
P31937,CONTAM:top_1000_human,top 1000 Human,contaminants,abundant_proteome,HIBADH,Homo sapiens (Human)
P07686,CONTAM:top_1000_human,top 1000 Human,contaminants,abundant_proteome,HEXB,Homo sapiens (Human)
P06865,CONTAM:top_1000_human,top 1000 Human,contaminants,abundant_proteome,HEXA,Homo sapiens (Human)
P51858,CONTAM:top_1000_human,top 1000 Human,contaminants,abundant_proteome,HDGF,Homo sapiens (Human)
F8W6P5,CONTAM:top_1000_human,top 1000 Human,contaminants,abundant_proteome,HBB,Homo sapiens (Human)
P55084,CONTAM:top_1000_human,top 1000 Human,contaminants,abundant_proteome,HADHB,Homo sapiens (Human)
P40939,CONTAM:top_1000_human,top 1000 Human,contaminants,abundant_proteome,HADHA,Homo sapiens (Human)
Q9P035,CONTAM:top_1000_human,top 1000 Human,contaminants,abundant_proteome,HACD3,Homo sapiens (Human)
P62805,CONTAM:top_1000_human,top 1000 Human,contaminants,abundant_proteome,H4C9,Homo sapiens (Human)
P84243,CONTAM:top_1000_human,top 1000 Human,contaminants,abundant_proteome,H3-3B,Homo sapiens (Human)
P62807,CONTAM:top_1000_human,top 1000 Human,contaminants,abundant_proteome,H2BC8,Homo sapiens (Human)
P16104,CONTAM:top_1000_human,top 1000 Human,contaminants,abundant_proteome,H2AX,Homo sapiens (Human)
Q9BTM1,CONTAM:top_1000_human,top 1000 Human,contaminants,abundant_proteome,H2AJ,Homo sapiens (Human)
P16401,CONTAM:top_1000_human,top 1000 Human,contaminants,abundant_proteome,H1-5,Homo sapiens (Human)
P10412,CONTAM:top_1000_human,top 1000 Human,contaminants,abundant_proteome,H1-4,Homo sapiens (Human)
P16403,CONTAM:top_1000_human,top 1000 Human,contaminants,abundant_proteome,H1-2,Homo sapiens (Human)
Q92522,CONTAM:top_1000_human,top 1000 Human,contaminants,abundant_proteome,H1-10,Homo sapiens (Human)
P78417,CONTAM:top_1000_human,top 1000 Human,contaminants,abundant_proteome,GSTO1,Homo sapiens (Human)
P00390,CONTAM:top_1000_human,top 1000 Human,contaminants,abundant_proteome,GSR,Homo sapiens (Human)
Q9UBQ7,CONTAM:top_1000_human,top 1000 Human,contaminants,abundant_proteome,GRHPR,Homo sapiens (Human)
P22352,CONTAM:top_1000_human,top 1000 Human,contaminants,abundant_proteome,GPX3,Homo sapiens (Human)
P06744,CONTAM:top_1000_human,top 1000 Human,contaminants,abundant_proteome,GPI,Homo sapiens (Human)
P07359,CONTAM:top_1000_human,top 1000 Human,contaminants,abundant_proteome,GP1BA,Homo sapiens (Human)
P00505,CONTAM:top_1000_human,top 1000 Human,contaminants,abundant_proteome,GOT2,Homo sapiens (Human)
P17174,CONTAM:top_1000_human,top 1000 Human,contaminants,abundant_proteome,GOT1,Homo sapiens (Human)
P15586,CONTAM:top_1000_human,top 1000 Human,contaminants,abundant_proteome,GNS,Homo sapiens (Human)
P62879,CONTAM:top_1000_human,top 1000 Human,contaminants,abundant_proteome,GNB2,Homo sapiens (Human)
P62873,CONTAM:top_1000_human,top 1000 Human,contaminants,abundant_proteome,GNB1,Homo sapiens (Human)
P04899,CONTAM:top_1000_human,top 1000 Human,contaminants,abundant_proteome,GNAI2,Homo sapiens (Human)
P00367,CONTAM:top_1000_human,top 1000 Human,contaminants,abundant_proteome,GLUD1,Homo sapiens (Human)
Q04760,CONTAM:top_1000_human,top 1000 Human,contaminants,abundant_proteome,GLO1,Homo sapiens (Human)
Q92896,CONTAM:top_1000_human,top 1000 Human,contaminants,abundant_proteome,GLG1,Homo sapiens (Human)
P16278,CONTAM:top_1000_human,top 1000 Human,contaminants,abundant_proteome,GLB1,Homo sapiens (Human)
Q92820,CONTAM:top_1000_human,top 1000 Human,contaminants,abundant_proteome,GGH,Homo sapiens (Human)
P50395,CONTAM:top_1000_human,top 1000 Human,contaminants,abundant_proteome,GDI2,Homo sapiens (Human)
Q92616,CONTAM:top_1000_human,top 1000 Human,contaminants,abundant_proteome,GCN1,Homo sapiens (Human)
P02774,CONTAM:top_1000_human,top 1000 Human,contaminants,abundant_proteome,GC,Homo sapiens (Human)
P22102,CONTAM:top_1000_human,top 1000 Human,contaminants,abundant_proteome,GART,Homo sapiens (Human)
P41250,CONTAM:top_1000_human,top 1000 Human,contaminants,abundant_proteome,GARS1,Homo sapiens (Human)
P04406,CONTAM:top_1000_human,top 1000 Human,contaminants,abundant_proteome,GAPDH,Homo sapiens (Human)
Q14697,CONTAM:top_1000_human,top 1000 Human,contaminants,abundant_proteome,GANAB,Homo sapiens (Human)
O14976,CONTAM:top_1000_human,top 1000 Human,contaminants,abundant_proteome,GAK,Homo sapiens (Human)
P10253,CONTAM:top_1000_human,top 1000 Human,contaminants,abundant_proteome,GAA,Homo sapiens (Human)
Q13283,CONTAM:top_1000_human,top 1000 Human,contaminants,abundant_proteome,G3BP1,Homo sapiens (Human)
P35637,CONTAM:top_1000_human,top 1000 Human,contaminants,abundant_proteome,FUS,Homo sapiens (Human)
Q96AE4,CONTAM:top_1000_human,top 1000 Human,contaminants,abundant_proteome,FUBP1,Homo sapiens (Human)
P02751,CONTAM:top_1000_human,top 1000 Human,contaminants,abundant_proteome,FN1,Homo sapiens (Human)
Q14315,CONTAM:top_1000_human,top 1000 Human,contaminants,abundant_proteome,FLNC,Homo sapiens (Human)
O75369,CONTAM:top_1000_human,top 1000 Human,contaminants,abundant_proteome,FLNB,Homo sapiens (Human)
P21333,CONTAM:top_1000_human,top 1000 Human,contaminants,abundant_proteome,FLNA,Homo sapiens (Human)
Q02790,CONTAM:top_1000_human,top 1000 Human,contaminants,abundant_proteome,FKBP4,Homo sapiens (Human)
P07954,CONTAM:top_1000_human,top 1000 Human,contaminants,abundant_proteome,FH,Homo sapiens (Human)
C9JPQ9,CONTAM:top_1000_human,top 1000 Human,contaminants,abundant_proteome,FGG,Homo sapiens (Human)
P02679,CONTAM:top_1000_human,top 1000 Human,contaminants,abundant_proteome,FGG,Homo sapiens (Human)
P02675,CONTAM:top_1000_human,top 1000 Human,contaminants,abundant_proteome,FGB,Homo sapiens (Human)
Q86UX7,CONTAM:top_1000_human,top 1000 Human,contaminants,abundant_proteome,FERMT3,Homo sapiens (Human)
P35555,CONTAM:top_1000_human,top 1000 Human,contaminants,abundant_proteome,FBN1,Homo sapiens (Human)
P22087,CONTAM:top_1000_human,top 1000 Human,contaminants,abundant_proteome,FBL,Homo sapiens (Human)
J3KN89,CONTAM:top_1000_human,top 1000 Human,contaminants,abundant_proteome,FAU,Homo sapiens (Human)
P49327,CONTAM:top_1000_human,top 1000 Human,contaminants,abundant_proteome,FASN,Homo sapiens (Human)
Q9NSD9,CONTAM:top_1000_human,top 1000 Human,contaminants,abundant_proteome,FARSB,Homo sapiens (Human)
Q9Y285,CONTAM:top_1000_human,top 1000 Human,contaminants,abundant_proteome,FARSA,Homo sapiens (Human)
Q01469,CONTAM:top_1000_human,top 1000 Human,contaminants,abundant_proteome,FABP5,Homo sapiens (Human)
P00734,CONTAM:top_1000_human,top 1000 Human,contaminants,abundant_proteome,F2,Homo sapiens (Human)
P00488,CONTAM:top_1000_human,top 1000 Human,contaminants,abundant_proteome,F13A1,Homo sapiens (Human)
P00748,CONTAM:top_1000_human,top 1000 Human,contaminants,abundant_proteome,F12,Homo sapiens (Human)
P15311,CONTAM:top_1000_human,top 1000 Human,contaminants,abundant_proteome,EZR,Homo sapiens (Human)
P38117,CONTAM:top_1000_human,top 1000 Human,contaminants,abundant_proteome,ETFB,Homo sapiens (Human)
J3KN60,CONTAM:top_1000_human,top 1000 Human,contaminants,abundant_proteome,ETFA,Homo sapiens (Human)
P62495,CONTAM:top_1000_human,top 1000 Human,contaminants,abundant_proteome,ETF1,Homo sapiens (Human)
A0A499FIX8,CONTAM:top_1000_human,top 1000 Human,contaminants,abundant_proteome,ESYT2,Homo sapiens (Human)
Q9BSJ8,CONTAM:top_1000_human,top 1000 Human,contaminants,abundant_proteome,ESYT1,Homo sapiens (Human)
P10768,CONTAM:top_1000_human,top 1000 Human,contaminants,abundant_proteome,ESD,Homo sapiens (Human)
Q9BS26,CONTAM:top_1000_human,top 1000 Human,contaminants,abundant_proteome,ERP44,Homo sapiens (Human)
P30040,CONTAM:top_1000_human,top 1000 Human,contaminants,abundant_proteome,ERP29,Homo sapiens (Human)
P07814,CONTAM:top_1000_human,top 1000 Human,contaminants,abundant_proteome,EPRS1,Homo sapiens (Human)
P09104,CONTAM:top_1000_human,top 1000 Human,contaminants,abundant_proteome,ENO2,Homo sapiens (Human)
P06733,CONTAM:top_1000_human,top 1000 Human,contaminants,abundant_proteome,ENO1,Homo sapiens (Human)
O94919,CONTAM:top_1000_human,top 1000 Human,contaminants,abundant_proteome,ENDOD1,Homo sapiens (Human)
P56537,CONTAM:top_1000_human,top 1000 Human,contaminants,abundant_proteome,EIF6,Homo sapiens (Human)
O60841,CONTAM:top_1000_human,top 1000 Human,contaminants,abundant_proteome,EIF5B,Homo sapiens (Human)
P63241,CONTAM:top_1000_human,top 1000 Human,contaminants,abundant_proteome,EIF5A,Homo sapiens (Human)
P55010,CONTAM:top_1000_human,top 1000 Human,contaminants,abundant_proteome,EIF5,Homo sapiens (Human)
D3DQV9,CONTAM:top_1000_human,top 1000 Human,contaminants,abundant_proteome,EIF4G2,Homo sapiens (Human)
P78344,CONTAM:top_1000_human,top 1000 Human,contaminants,abundant_proteome,EIF4G2,Homo sapiens (Human)
Q04637,CONTAM:top_1000_human,top 1000 Human,contaminants,abundant_proteome,EIF4G1,Homo sapiens (Human)
P60842,CONTAM:top_1000_human,top 1000 Human,contaminants,abundant_proteome,EIF4A1,Homo sapiens (Human)
J3KNJ2,CONTAM:top_1000_human,top 1000 Human,contaminants,abundant_proteome,EIF3M,Homo sapiens (Human)
O75822,CONTAM:top_1000_human,top 1000 Human,contaminants,abundant_proteome,EIF3J,Homo sapiens (Human)
A0A7P0MRT9,CONTAM:top_1000_human,top 1000 Human,contaminants,abundant_proteome,EIF3I,Homo sapiens (Human)
B3KS98,CONTAM:top_1000_human,top 1000 Human,contaminants,abundant_proteome,EIF3H,Homo sapiens (Human)
O75821,CONTAM:top_1000_human,top 1000 Human,contaminants,abundant_proteome,EIF3G,Homo sapiens (Human)
P60228,CONTAM:top_1000_human,top 1000 Human,contaminants,abundant_proteome,EIF3E,Homo sapiens (Human)
B5ME19,CONTAM:top_1000_human,top 1000 Human,contaminants,abundant_proteome,EIF3CL,Homo sapiens (Human)
P55884,CONTAM:top_1000_human,top 1000 Human,contaminants,abundant_proteome,EIF3B,Homo sapiens (Human)
Q14152,CONTAM:top_1000_human,top 1000 Human,contaminants,abundant_proteome,EIF3A,Homo sapiens (Human)
P41091,CONTAM:top_1000_human,top 1000 Human,contaminants,abundant_proteome,EIF2S3,Homo sapiens (Human)
P20042,CONTAM:top_1000_human,top 1000 Human,contaminants,abundant_proteome,EIF2S2,Homo sapiens (Human)
P05198,CONTAM:top_1000_human,top 1000 Human,contaminants,abundant_proteome,EIF2S1,Homo sapiens (Human)
Q9NZN4,CONTAM:top_1000_human,top 1000 Human,contaminants,abundant_proteome,EHD2,Homo sapiens (Human)
Q9H4M9,CONTAM:top_1000_human,top 1000 Human,contaminants,abundant_proteome,EHD1,Homo sapiens (Human)
P13639,CONTAM:top_1000_human,top 1000 Human,contaminants,abundant_proteome,EEF2,Homo sapiens (Human)
P26641,CONTAM:top_1000_human,top 1000 Human,contaminants,abundant_proteome,EEF1G,Homo sapiens (Human)
P29692,CONTAM:top_1000_human,top 1000 Human,contaminants,abundant_proteome,EEF1D,Homo sapiens (Human)
P24534,CONTAM:top_1000_human,top 1000 Human,contaminants,abundant_proteome,EEF1B2,Homo sapiens (Human)
A0A2U3TZH3,CONTAM:top_1000_human,top 1000 Human,contaminants,abundant_proteome,EEF1A2,Homo sapiens (Human)
Q05639,CONTAM:top_1000_human,top 1000 Human,contaminants,abundant_proteome,EEF1A2,Homo sapiens (Human)
P68104,CONTAM:top_1000_human,top 1000 Human,contaminants,abundant_proteome,EEF1A1,Homo sapiens (Human)
Q6P2E9,CONTAM:top_1000_human,top 1000 Human,contaminants,abundant_proteome,EDC4,Homo sapiens (Human)
P30084,CONTAM:top_1000_human,top 1000 Human,contaminants,abundant_proteome,ECHS1,Homo sapiens (Human)
Q13011,CONTAM:top_1000_human,top 1000 Human,contaminants,abundant_proteome,ECH1,Homo sapiens (Human)
Q14204,CONTAM:top_1000_human,top 1000 Human,contaminants,abundant_proteome,DYNC1H1,Homo sapiens (Human)
P33316,CONTAM:top_1000_human,top 1000 Human,contaminants,abundant_proteome,DUT,Homo sapiens (Human)
P60981,CONTAM:top_1000_human,top 1000 Human,contaminants,abundant_proteome,DSTN,Homo sapiens (Human)
P15924,CONTAM:top_1000_human,top 1000 Human,contaminants,abundant_proteome,DSP,Homo sapiens (Human)
Q9Y295,CONTAM:top_1000_human,top 1000 Human,contaminants,abundant_proteome,DRG1,Homo sapiens (Human)
Q16555,CONTAM:top_1000_human,top 1000 Human,contaminants,abundant_proteome,DPYSL2,Homo sapiens (Human)
O60884,CONTAM:top_1000_human,top 1000 Human,contaminants,abundant_proteome,DNAJA2,Homo sapiens (Human)
P31689,CONTAM:top_1000_human,top 1000 Human,contaminants,abundant_proteome,DNAJA1,Homo sapiens (Human)
P36957,CONTAM:top_1000_human,top 1000 Human,contaminants,abundant_proteome,DLST,Homo sapiens (Human)
P09622,CONTAM:top_1000_human,top 1000 Human,contaminants,abundant_proteome,DLD,Homo sapiens (Human)
Q08211,CONTAM:top_1000_human,top 1000 Human,contaminants,abundant_proteome,DHX9,Homo sapiens (Human)
O43143,CONTAM:top_1000_human,top 1000 Human,contaminants,abundant_proteome,DHX15,Homo sapiens (Human)
Q16698,CONTAM:top_1000_human,top 1000 Human,contaminants,abundant_proteome,DECR1,Homo sapiens (Human)
P17844,CONTAM:top_1000_human,top 1000 Human,contaminants,abundant_proteome,DDX5,Homo sapiens (Human)
A0A2U3TZJ9,CONTAM:top_1000_human,top 1000 Human,contaminants,abundant_proteome,DDX3X,Homo sapiens (Human)
O00148,CONTAM:top_1000_human,top 1000 Human,contaminants,abundant_proteome,DDX39A,Homo sapiens (Human)
Q9NR30,CONTAM:top_1000_human,top 1000 Human,contaminants,abundant_proteome,DDX21,Homo sapiens (Human)
A0A5H1ZRQ2,CONTAM:top_1000_human,top 1000 Human,contaminants,abundant_proteome,DDX17,Homo sapiens (Human)
Q92499,CONTAM:top_1000_human,top 1000 Human,contaminants,abundant_proteome,DDX1,Homo sapiens (Human)
Q16531,CONTAM:top_1000_human,top 1000 Human,contaminants,abundant_proteome,DDB1,Homo sapiens (Human)
P81605,CONTAM:top_1000_human,top 1000 Human,contaminants,abundant_proteome,DCD,Homo sapiens (Human)
Q16643,CONTAM:top_1000_human,top 1000 Human,contaminants,abundant_proteome,DBN1,Homo sapiens (Human)
P14868,CONTAM:top_1000_human,top 1000 Human,contaminants,abundant_proteome,DARS1,Homo sapiens (Human)
P08574,CONTAM:top_1000_human,top 1000 Human,contaminants,abundant_proteome,CYC1,Homo sapiens (Human)
P00387,CONTAM:top_1000_human,top 1000 Human,contaminants,abundant_proteome,CYB5R3,Homo sapiens (Human)
O43169,CONTAM:top_1000_human,top 1000 Human,contaminants,abundant_proteome,CYB5B,Homo sapiens (Human)
Q14247,CONTAM:top_1000_human,top 1000 Human,contaminants,abundant_proteome,CTTN,Homo sapiens (Human)
P53634,CONTAM:top_1000_human,top 1000 Human,contaminants,abundant_proteome,CTSC,Homo sapiens (Human)
P35221,CONTAM:top_1000_human,top 1000 Human,contaminants,abundant_proteome,CTNNA1,Homo sapiens (Human)
P04080,CONTAM:top_1000_human,top 1000 Human,contaminants,abundant_proteome,CSTB,Homo sapiens (Human)
P21291,CONTAM:top_1000_human,top 1000 Human,contaminants,abundant_proteome,CSRP1,Homo sapiens (Human)
P41240,CONTAM:top_1000_human,top 1000 Human,contaminants,abundant_proteome,CSK,Homo sapiens (Human)
P55060,CONTAM:top_1000_human,top 1000 Human,contaminants,abundant_proteome,CSE1L,Homo sapiens (Human)
O75390,CONTAM:top_1000_human,top 1000 Human,contaminants,abundant_proteome,CS,Homo sapiens (Human)
Q16630,CONTAM:top_1000_human,top 1000 Human,contaminants,abundant_proteome,CPSF6,Homo sapiens (Human)
P22792,CONTAM:top_1000_human,top 1000 Human,contaminants,abundant_proteome,CPN2,Homo sapiens (Human)
Q96IY4,CONTAM:top_1000_human,top 1000 Human,contaminants,abundant_proteome,CPB2,Homo sapiens (Human)
P00450,CONTAM:top_1000_human,top 1000 Human,contaminants,abundant_proteome,CP,Homo sapiens (Human)
P20674,CONTAM:top_1000_human,top 1000 Human,contaminants,abundant_proteome,COX5A,Homo sapiens (Human)
P13073,CONTAM:top_1000_human,top 1000 Human,contaminants,abundant_proteome,COX4I1,Homo sapiens (Human)
Q14019,CONTAM:top_1000_human,top 1000 Human,contaminants,abundant_proteome,COTL1,Homo sapiens (Human)
Q9ULV4,CONTAM:top_1000_human,top 1000 Human,contaminants,abundant_proteome,CORO1C,Homo sapiens (Human)
P31146,CONTAM:top_1000_human,top 1000 Human,contaminants,abundant_proteome,CORO1A,Homo sapiens (Human)
Q9Y678,CONTAM:top_1000_human,top 1000 Human,contaminants,abundant_proteome,COPG1,Homo sapiens (Human)
P35606,CONTAM:top_1000_human,top 1000 Human,contaminants,abundant_proteome,COPB2,Homo sapiens (Human)
P53618,CONTAM:top_1000_human,top 1000 Human,contaminants,abundant_proteome,COPB1,Homo sapiens (Human)
P53621,CONTAM:top_1000_human,top 1000 Human,contaminants,abundant_proteome,COPA,Homo sapiens (Human)
Q8NBJ5,CONTAM:top_1000_human,top 1000 Human,contaminants,abundant_proteome,COLGALT1,Homo sapiens (Human)
P12111,CONTAM:top_1000_human,top 1000 Human,contaminants,abundant_proteome,COL6A3,Homo sapiens (Human)
P12109,CONTAM:top_1000_human,top 1000 Human,contaminants,abundant_proteome,COL6A1,Homo sapiens (Human)
P02461,CONTAM:top_1000_human,top 1000 Human,contaminants,abundant_proteome,COL3A1,Homo sapiens (Human)
P08123,CONTAM:top_1000_human,top 1000 Human,contaminants,abundant_proteome,COL1A2,Homo sapiens (Human)
P02452,CONTAM:top_1000_human,top 1000 Human,contaminants,abundant_proteome,COL1A1,Homo sapiens (Human)
Q9Y2B0,CONTAM:top_1000_human,top 1000 Human,contaminants,abundant_proteome,CNPY2,Homo sapiens (Human)
A5YKK6,CONTAM:top_1000_human,top 1000 Human,contaminants,abundant_proteome,CNOT1,Homo sapiens (Human)
Q99439,CONTAM:top_1000_human,top 1000 Human,contaminants,abundant_proteome,CNN2,Homo sapiens (Human)
Q96KP4,CONTAM:top_1000_human,top 1000 Human,contaminants,abundant_proteome,CNDP2,Homo sapiens (Human)
P10909,CONTAM:top_1000_human,top 1000 Human,contaminants,abundant_proteome,CLU,Homo sapiens (Human)
Q00610,CONTAM:top_1000_human,top 1000 Human,contaminants,abundant_proteome,CLTC,Homo sapiens (Human)
J3KN38,CONTAM:top_1000_human,top 1000 Human,contaminants,abundant_proteome,CLNS1A,Homo sapiens (Human)
Q9Y696,CONTAM:top_1000_human,top 1000 Human,contaminants,abundant_proteome,CLIC4,Homo sapiens (Human)
P05452,CONTAM:top_1000_human,top 1000 Human,contaminants,abundant_proteome,CLEC3B,Homo sapiens (Human)
P12277,CONTAM:top_1000_human,top 1000 Human,contaminants,abundant_proteome,CKB,Homo sapiens (Human)
P23528,CONTAM:top_1000_human,top 1000 Human,contaminants,abundant_proteome,CFL1,Homo sapiens (Human)
P36980,CONTAM:top_1000_human,top 1000 Human,contaminants,abundant_proteome,CFHR2,Homo sapiens (Human)
Q03591,CONTAM:top_1000_human,top 1000 Human,contaminants,abundant_proteome,CFHR1,Homo sapiens (Human)
P08603,CONTAM:top_1000_human,top 1000 Human,contaminants,abundant_proteome,CFH,Homo sapiens (Human)
Q16543,CONTAM:top_1000_human,top 1000 Human,contaminants,abundant_proteome,CDC37,Homo sapiens (Human)
P13987,CONTAM:top_1000_human,top 1000 Human,contaminants,abundant_proteome,CD59,Homo sapiens (Human)
P08571,CONTAM:top_1000_human,top 1000 Human,contaminants,abundant_proteome,CD14,Homo sapiens (Human)
P50990,CONTAM:top_1000_human,top 1000 Human,contaminants,abundant_proteome,CCT8,Homo sapiens (Human)
Q99832,CONTAM:top_1000_human,top 1000 Human,contaminants,abundant_proteome,CCT7,Homo sapiens (Human)
P40227,CONTAM:top_1000_human,top 1000 Human,contaminants,abundant_proteome,CCT6A,Homo sapiens (Human)
P48643,CONTAM:top_1000_human,top 1000 Human,contaminants,abundant_proteome,CCT5,Homo sapiens (Human)
P50991,CONTAM:top_1000_human,top 1000 Human,contaminants,abundant_proteome,CCT4,Homo sapiens (Human)
P49368,CONTAM:top_1000_human,top 1000 Human,contaminants,abundant_proteome,CCT3,Homo sapiens (Human)
P78371,CONTAM:top_1000_human,top 1000 Human,contaminants,abundant_proteome,CCT2,Homo sapiens (Human)
Q8N163,CONTAM:top_1000_human,top 1000 Human,contaminants,abundant_proteome,CCAR2,Homo sapiens (Human)
Q13185,CONTAM:top_1000_human,top 1000 Human,contaminants,abundant_proteome,CBX3,Homo sapiens (Human)
P16152,CONTAM:top_1000_human,top 1000 Human,contaminants,abundant_proteome,CBR1,Homo sapiens (Human)
O95810,CONTAM:top_1000_human,top 1000 Human,contaminants,abundant_proteome,CAVIN2,Homo sapiens (Human)
B1AK85,CONTAM:top_1000_human,top 1000 Human,contaminants,abundant_proteome,CAPZB,Homo sapiens (Human)
P47755,CONTAM:top_1000_human,top 1000 Human,contaminants,abundant_proteome,CAPZA2,Homo sapiens (Human)
P52907,CONTAM:top_1000_human,top 1000 Human,contaminants,abundant_proteome,CAPZA1,Homo sapiens (Human)
Q14444,CONTAM:top_1000_human,top 1000 Human,contaminants,abundant_proteome,CAPRIN1,Homo sapiens (Human)
P04632,CONTAM:top_1000_human,top 1000 Human,contaminants,abundant_proteome,CAPNS1,Homo sapiens (Human)
P07384,CONTAM:top_1000_human,top 1000 Human,contaminants,abundant_proteome,CAPN1,Homo sapiens (Human)
P40121,CONTAM:top_1000_human,top 1000 Human,contaminants,abundant_proteome,CAPG,Homo sapiens (Human)
Q01518,CONTAM:top_1000_human,top 1000 Human,contaminants,abundant_proteome,CAP1,Homo sapiens (Human)
P27824,CONTAM:top_1000_human,top 1000 Human,contaminants,abundant_proteome,CANX,Homo sapiens (Human)
O43852,CONTAM:top_1000_human,top 1000 Human,contaminants,abundant_proteome,CALU,Homo sapiens (Human)
P27797,CONTAM:top_1000_human,top 1000 Human,contaminants,abundant_proteome,CALR,Homo sapiens (Human)
P0DP25,CONTAM:top_1000_human,top 1000 Human,contaminants,abundant_proteome,CALM3,Homo sapiens (Human)
P27708,CONTAM:top_1000_human,top 1000 Human,contaminants,abundant_proteome,CAD,Homo sapiens (Human)
P02748,CONTAM:top_1000_human,top 1000 Human,contaminants,abundant_proteome,C9,Homo sapiens (Human)
P07358,CONTAM:top_1000_human,top 1000 Human,contaminants,abundant_proteome,C8B,Homo sapiens (Human)
P07357,CONTAM:top_1000_human,top 1000 Human,contaminants,abundant_proteome,C8A,Homo sapiens (Human)
P10643,CONTAM:top_1000_human,top 1000 Human,contaminants,abundant_proteome,C7,Homo sapiens (Human)
P13671,CONTAM:top_1000_human,top 1000 Human,contaminants,abundant_proteome,C6,Homo sapiens (Human)
P04003,CONTAM:top_1000_human,top 1000 Human,contaminants,abundant_proteome,C4BPA,Homo sapiens (Human)
P0C0L5,CONTAM:top_1000_human,top 1000 Human,contaminants,abundant_proteome,C4B_2,Homo sapiens (Human)
P01024,CONTAM:top_1000_human,top 1000 Human,contaminants,abundant_proteome,C3,Homo sapiens (Human)
P06681,CONTAM:top_1000_human,top 1000 Human,contaminants,abundant_proteome,C2,Homo sapiens (Human)
P09871,CONTAM:top_1000_human,top 1000 Human,contaminants,abundant_proteome,C1S,Homo sapiens (Human)
P02747,CONTAM:top_1000_human,top 1000 Human,contaminants,abundant_proteome,C1QC,Homo sapiens (Human)
Q07021,CONTAM:top_1000_human,top 1000 Human,contaminants,abundant_proteome,C1QBP,Homo sapiens (Human)
P35613,CONTAM:top_1000_human,top 1000 Human,contaminants,abundant_proteome,BSG,Homo sapiens (Human)
P30043,CONTAM:top_1000_human,top 1000 Human,contaminants,abundant_proteome,BLVRB,Homo sapiens (Human)
P21810,CONTAM:top_1000_human,top 1000 Human,contaminants,abundant_proteome,BGN,Homo sapiens (Human)
P51572,CONTAM:top_1000_human,top 1000 Human,contaminants,abundant_proteome,BCAP31,Homo sapiens (Human)
P80723,CONTAM:top_1000_human,top 1000 Human,contaminants,abundant_proteome,BASP1,Homo sapiens (Human)
J3KNU0,CONTAM:top_1000_human,top 1000 Human,contaminants,abundant_proteome,B2M,Homo sapiens (Human)
P25311,CONTAM:top_1000_human,top 1000 Human,contaminants,abundant_proteome,AZGP1,Homo sapiens (Human)
P21281,CONTAM:top_1000_human,top 1000 Human,contaminants,abundant_proteome,ATP6V1B2,Homo sapiens (Human)
P38606,CONTAM:top_1000_human,top 1000 Human,contaminants,abundant_proteome,ATP6V1A,Homo sapiens (Human)
P48047,CONTAM:top_1000_human,top 1000 Human,contaminants,abundant_proteome,ATP5PO,Homo sapiens (Human)
O75947,CONTAM:top_1000_human,top 1000 Human,contaminants,abundant_proteome,ATP5PD,Homo sapiens (Human)
P24539,CONTAM:top_1000_human,top 1000 Human,contaminants,abundant_proteome,ATP5PB,Homo sapiens (Human)
P06576,CONTAM:top_1000_human,top 1000 Human,contaminants,abundant_proteome,ATP5F1B,Homo sapiens (Human)
P25705,CONTAM:top_1000_human,top 1000 Human,contaminants,abundant_proteome,ATP5F1A,Homo sapiens (Human)
P16615,CONTAM:top_1000_human,top 1000 Human,contaminants,abundant_proteome,ATP2A2,Homo sapiens (Human)
P54709,CONTAM:top_1000_human,top 1000 Human,contaminants,abundant_proteome,ATP1B3,Homo sapiens (Human)
P05023,CONTAM:top_1000_human,top 1000 Human,contaminants,abundant_proteome,ATP1A1,Homo sapiens (Human)
P31939,CONTAM:top_1000_human,top 1000 Human,contaminants,abundant_proteome,ATIC,Homo sapiens (Human)
O15144,CONTAM:top_1000_human,top 1000 Human,contaminants,abundant_proteome,ARPC2,Homo sapiens (Human)
O75915,CONTAM:top_1000_human,top 1000 Human,contaminants,abundant_proteome,ARL6IP5,Homo sapiens (Human)
P52566,CONTAM:top_1000_human,top 1000 Human,contaminants,abundant_proteome,ARHGDIB,Homo sapiens (Human)
P52565,CONTAM:top_1000_human,top 1000 Human,contaminants,abundant_proteome,ARHGDIA,Homo sapiens (Human)
P18085,CONTAM:top_1000_human,top 1000 Human,contaminants,abundant_proteome,ARF4,Homo sapiens (Human)
P61204,CONTAM:top_1000_human,top 1000 Human,contaminants,abundant_proteome,ARF3,Homo sapiens (Human)
P48444,CONTAM:top_1000_human,top 1000 Human,contaminants,abundant_proteome,ARCN1,Homo sapiens (Human)
P07741,CONTAM:top_1000_human,top 1000 Human,contaminants,abundant_proteome,APRT,Homo sapiens (Human)
O14791,CONTAM:top_1000_human,top 1000 Human,contaminants,abundant_proteome,APOL1,Homo sapiens (Human)
P02749,CONTAM:top_1000_human,top 1000 Human,contaminants,abundant_proteome,APOH,Homo sapiens (Human)
P02649,CONTAM:top_1000_human,top 1000 Human,contaminants,abundant_proteome,APOE,Homo sapiens (Human)
P05090,CONTAM:top_1000_human,top 1000 Human,contaminants,abundant_proteome,APOD,Homo sapiens (Human)
P02656,CONTAM:top_1000_human,top 1000 Human,contaminants,abundant_proteome,APOC3,Homo sapiens (Human)
P02655,CONTAM:top_1000_human,top 1000 Human,contaminants,abundant_proteome,APOC2,Homo sapiens (Human)
P04114,CONTAM:top_1000_human,top 1000 Human,contaminants,abundant_proteome,APOB,Homo sapiens (Human)
P06727,CONTAM:top_1000_human,top 1000 Human,contaminants,abundant_proteome,APOA4,Homo sapiens (Human)
P02652,CONTAM:top_1000_human,top 1000 Human,contaminants,abundant_proteome,APOA2,Homo sapiens (Human)
F8W696,CONTAM:top_1000_human,top 1000 Human,contaminants,abundant_proteome,APOA1,Homo sapiens (Human)
P02647,CONTAM:top_1000_human,top 1000 Human,contaminants,abundant_proteome,APOA1,Homo sapiens (Human)
P27695,CONTAM:top_1000_human,top 1000 Human,contaminants,abundant_proteome,APEX1,Homo sapiens (Human)
P13798,CONTAM:top_1000_human,top 1000 Human,contaminants,abundant_proteome,APEH,Homo sapiens (Human)
P02743,CONTAM:top_1000_human,top 1000 Human,contaminants,abundant_proteome,APCS,Homo sapiens (Human)
O95782,CONTAM:top_1000_human,top 1000 Human,contaminants,abundant_proteome,AP2A1,Homo sapiens (Human)
Q10567,CONTAM:top_1000_human,top 1000 Human,contaminants,abundant_proteome,AP1B1,Homo sapiens (Human)
P08133,CONTAM:top_1000_human,top 1000 Human,contaminants,abundant_proteome,ANXA6,Homo sapiens (Human)
P08758,CONTAM:top_1000_human,top 1000 Human,contaminants,abundant_proteome,ANXA5,Homo sapiens (Human)
P07355,CONTAM:top_1000_human,top 1000 Human,contaminants,abundant_proteome,ANXA2,Homo sapiens (Human)
P04083,CONTAM:top_1000_human,top 1000 Human,contaminants,abundant_proteome,ANXA1,Homo sapiens (Human)
P15144,CONTAM:top_1000_human,top 1000 Human,contaminants,abundant_proteome,ANPEP,Homo sapiens (Human)
Q92688,CONTAM:top_1000_human,top 1000 Human,contaminants,abundant_proteome,ANP32B,Homo sapiens (Human)
P02760,CONTAM:top_1000_human,top 1000 Human,contaminants,abundant_proteome,AMBP,Homo sapiens (Human)
P09972,CONTAM:top_1000_human,top 1000 Human,contaminants,abundant_proteome,ALDOC,Homo sapiens (Human)
P49189,CONTAM:top_1000_human,top 1000 Human,contaminants,abundant_proteome,ALDH9A1,Homo sapiens (Human)
P05091,CONTAM:top_1000_human,top 1000 Human,contaminants,abundant_proteome,ALDH2,Homo sapiens (Human)
P54886,CONTAM:top_1000_human,top 1000 Human,contaminants,abundant_proteome,ALDH18A1,Homo sapiens (Human)
P15121,CONTAM:top_1000_human,top 1000 Human,contaminants,abundant_proteome,AKR1B1,Homo sapiens (Human)
P54819,CONTAM:top_1000_human,top 1000 Human,contaminants,abundant_proteome,AK2,Homo sapiens (Human)
O95831,CONTAM:top_1000_human,top 1000 Human,contaminants,abundant_proteome,AIFM1,Homo sapiens (Human)
C9JV77,CONTAM:top_1000_human,top 1000 Human,contaminants,abundant_proteome,AHSG,Homo sapiens (Human)
P02765,CONTAM:top_1000_human,top 1000 Human,contaminants,abundant_proteome,AHSG,Homo sapiens (Human)
O95433,CONTAM:top_1000_human,top 1000 Human,contaminants,abundant_proteome,AHSA1,Homo sapiens (Human)
Q09666,CONTAM:top_1000_human,top 1000 Human,contaminants,abundant_proteome,AHNAK,Homo sapiens (Human)
P23526,CONTAM:top_1000_human,top 1000 Human,contaminants,abundant_proteome,AHCY,Homo sapiens (Human)
P01019,CONTAM:top_1000_human,top 1000 Human,contaminants,abundant_proteome,AGT,Homo sapiens (Human)
O00116,CONTAM:top_1000_human,top 1000 Human,contaminants,abundant_proteome,AGPS,Homo sapiens (Human)
P43652,CONTAM:top_1000_human,top 1000 Human,contaminants,abundant_proteome,AFM,Homo sapiens (Human)
P61158,CONTAM:top_1000_human,top 1000 Human,contaminants,abundant_proteome,ACTR3,Homo sapiens (Human)
P61160,CONTAM:top_1000_human,top 1000 Human,contaminants,abundant_proteome,ACTR2,Homo sapiens (Human)
P61163,CONTAM:top_1000_human,top 1000 Human,contaminants,abundant_proteome,ACTR1A,Homo sapiens (Human)
O43707,CONTAM:top_1000_human,top 1000 Human,contaminants,abundant_proteome,ACTN4,Homo sapiens (Human)
P12814,CONTAM:top_1000_human,top 1000 Human,contaminants,abundant_proteome,ACTN1,Homo sapiens (Human)
P68032,CONTAM:top_1000_human,top 1000 Human,contaminants,abundant_proteome,ACTC1,Homo sapiens (Human)
Q562R1,CONTAM:top_1000_human,top 1000 Human,contaminants,abundant_proteome,ACTBL2,Homo sapiens (Human)
P62736,CONTAM:top_1000_human,top 1000 Human,contaminants,abundant_proteome,ACTA2,Homo sapiens (Human)
Q99798,CONTAM:top_1000_human,top 1000 Human,contaminants,abundant_proteome,ACO2,Homo sapiens (Human)
P53396,CONTAM:top_1000_human,top 1000 Human,contaminants,abundant_proteome,ACLY,Homo sapiens (Human)
Q9BWD1,CONTAM:top_1000_human,top 1000 Human,contaminants,abundant_proteome,ACAT2,Homo sapiens (Human)
P24752,CONTAM:top_1000_human,top 1000 Human,contaminants,abundant_proteome,ACAT1,Homo sapiens (Human)
P49748,CONTAM:top_1000_human,top 1000 Human,contaminants,abundant_proteome,ACADVL,Homo sapiens (Human)
P49588,CONTAM:top_1000_human,top 1000 Human,contaminants,abundant_proteome,AARS1,Homo sapiens (Human)
P01023,CONTAM:top_1000_human,top 1000 Human,contaminants,abundant_proteome,A2M,Homo sapiens (Human)
P04217,CONTAM:top_1000_human,top 1000 Human,contaminants,abundant_proteome,A1BG,Homo sapiens (Human)
P11679,CONTAM:top_1000_mus,top 1000 Mus,contaminants,abundant_proteome,Krt8,Mus musculus (Mouse)
Q8VED5,CONTAM:top_1000_mus,top 1000 Mus,contaminants,abundant_proteome,Krt79,Mus musculus (Mouse)
Q6IFZ6,CONTAM:top_1000_mus,top 1000 Mus,contaminants,abundant_proteome,Krt77,Mus musculus (Mouse)
Q3UV17,CONTAM:top_1000_mus,top 1000 Mus,contaminants,abundant_proteome,Krt76,Mus musculus (Mouse)
Q8BGZ7,CONTAM:top_1000_mus,top 1000 Mus,contaminants,abundant_proteome,Krt75,Mus musculus (Mouse)
Q9R0H5,CONTAM:top_1000_mus,top 1000 Mus,contaminants,abundant_proteome,Krt71,Mus musculus (Mouse)
P50446,CONTAM:top_1000_mus,top 1000 Mus,contaminants,abundant_proteome,Krt6a,Mus musculus (Mouse)
Q922U2,CONTAM:top_1000_mus,top 1000 Mus,contaminants,abundant_proteome,Krt5,Mus musculus (Mouse)
Q6IFX2,CONTAM:top_1000_mus,top 1000 Mus,contaminants,abundant_proteome,Krt42,Mus musculus (Mouse)
Q3TTY5,CONTAM:top_1000_mus,top 1000 Mus,contaminants,abundant_proteome,Krt2,Mus musculus (Mouse)
P05784,CONTAM:top_1000_mus,top 1000 Mus,contaminants,abundant_proteome,Krt18,Mus musculus (Mouse)
Q9QWL7,CONTAM:top_1000_mus,top 1000 Mus,contaminants,abundant_proteome,Krt17,Mus musculus (Mouse)
Q61781,CONTAM:top_1000_mus,top 1000 Mus,contaminants,abundant_proteome,Krt14,Mus musculus (Mouse)
P04104,CONTAM:top_1000_mus,top 1000 Mus,contaminants,abundant_proteome,Krt1,Mus musculus (Mouse)
P63101,CONTAM:top_1000_mus,top 1000 Mus,contaminants,abundant_proteome,Ywhaz,Mus musculus (Mouse)
P68254,CONTAM:top_1000_mus,top 1000 Mus,contaminants,abundant_proteome,Ywhaq,Mus musculus (Mouse)
P68510,CONTAM:top_1000_mus,top 1000 Mus,contaminants,abundant_proteome,Ywhah,Mus musculus (Mouse)
P61982,CONTAM:top_1000_mus,top 1000 Mus,contaminants,abundant_proteome,Ywhag,Mus musculus (Mouse)
P62259,CONTAM:top_1000_mus,top 1000 Mus,contaminants,abundant_proteome,Ywhae,Mus musculus (Mouse)
Q9CQV8,CONTAM:top_1000_mus,top 1000 Mus,contaminants,abundant_proteome,Ywhab,Mus musculus (Mouse)
P62960,CONTAM:top_1000_mus,top 1000 Mus,contaminants,abundant_proteome,Ybx1,Mus musculus (Mouse)
Q00519,CONTAM:top_1000_mus,top 1000 Mus,contaminants,abundant_proteome,Xdh,Mus musculus (Mouse)
O88342,CONTAM:top_1000_mus,top 1000 Mus,contaminants,abundant_proteome,Wdr1,Mus musculus (Mouse)
P29788,CONTAM:top_1000_mus,top 1000 Mus,contaminants,abundant_proteome,Vtn,Mus musculus (Mouse)
Q9EQH3,CONTAM:top_1000_mus,top 1000 Mus,contaminants,abundant_proteome,Vps35,Mus musculus (Mouse)
P20152,CONTAM:top_1000_mus,top 1000 Mus,contaminants,abundant_proteome,Vim,Mus musculus (Mouse)
Q60930,CONTAM:top_1000_mus,top 1000 Mus,contaminants,abundant_proteome,Vdac2,Mus musculus (Mouse)
Q60932,CONTAM:top_1000_mus,top 1000 Mus,contaminants,abundant_proteome,Vdac1,Mus musculus (Mouse)
Q01853,CONTAM:top_1000_mus,top 1000 Mus,contaminants,abundant_proteome,Vcp,Mus musculus (Mouse)
Q64727,CONTAM:top_1000_mus,top 1000 Mus,contaminants,abundant_proteome,Vcl,Mus musculus (Mouse)
Q62465,CONTAM:top_1000_mus,top 1000 Mus,contaminants,abundant_proteome,Vat1,Mus musculus (Mouse)
Q9Z1Q9,CONTAM:top_1000_mus,top 1000 Mus,contaminants,abundant_proteome,Vars1,Mus musculus (Mouse)
Q9WV55,CONTAM:top_1000_mus,top 1000 Mus,contaminants,abundant_proteome,Vapa,Mus musculus (Mouse)
P56399,CONTAM:top_1000_mus,top 1000 Mus,contaminants,abundant_proteome,Usp5,Mus musculus (Mouse)
Q9CQ69,CONTAM:top_1000_mus,top 1000 Mus,contaminants,abundant_proteome,Uqcrq,Mus musculus (Mouse)
P99028,CONTAM:top_1000_mus,top 1000 Mus,contaminants,abundant_proteome,Uqcrh,Mus musculus (Mouse)
Q9CR68,CONTAM:top_1000_mus,top 1000 Mus,contaminants,abundant_proteome,Uqcrfs1,Mus musculus (Mouse)
Q9DB77,CONTAM:top_1000_mus,top 1000 Mus,contaminants,abundant_proteome,Uqcrc2,Mus musculus (Mouse)
Q9CZ13,CONTAM:top_1000_mus,top 1000 Mus,contaminants,abundant_proteome,Uqcrc1,Mus musculus (Mouse)
Q9CQB4,CONTAM:top_1000_mus,top 1000 Mus,contaminants,abundant_proteome,Uqcrb,Mus musculus (Mouse)
Q9EPU0,CONTAM:top_1000_mus,top 1000 Mus,contaminants,abundant_proteome,Upf1,Mus musculus (Mouse)
P25688,CONTAM:top_1000_mus,top 1000 Mus,contaminants,abundant_proteome,Uox,Mus musculus (Mouse)
Q6P5E4,CONTAM:top_1000_mus,top 1000 Mus,contaminants,abundant_proteome,Uggt1,Mus musculus (Mouse)
H7BWZ1,CONTAM:top_1000_mus,top 1000 Mus,contaminants,abundant_proteome,Ufm1,Mus musculus (Mouse)
Q02053,CONTAM:top_1000_mus,top 1000 Mus,contaminants,abundant_proteome,Uba1,Mus musculus (Mouse)
Q80XR5,CONTAM:top_1000_mus,top 1000 Mus,contaminants,abundant_proteome,U2af2,Mus musculus (Mouse)
Q9JMH6,CONTAM:top_1000_mus,top 1000 Mus,contaminants,abundant_proteome,Txnrd1,Mus musculus (Mouse)
Q91W90,CONTAM:top_1000_mus,top 1000 Mus,contaminants,abundant_proteome,Txndc5,Mus musculus (Mouse)
P10639,CONTAM:top_1000_mus,top 1000 Mus,contaminants,abundant_proteome,Txn,Mus musculus (Mouse)
Q922F4,CONTAM:top_1000_mus,top 1000 Mus,contaminants,abundant_proteome,Tubb6,Mus musculus (Mouse)
P99024,CONTAM:top_1000_mus,top 1000 Mus,contaminants,abundant_proteome,Tubb5,Mus musculus (Mouse)
P68372,CONTAM:top_1000_mus,top 1000 Mus,contaminants,abundant_proteome,Tubb4b,Mus musculus (Mouse)
Q9D6F9,CONTAM:top_1000_mus,top 1000 Mus,contaminants,abundant_proteome,Tubb4a,Mus musculus (Mouse)
Q9ERD7,CONTAM:top_1000_mus,top 1000 Mus,contaminants,abundant_proteome,Tubb3,Mus musculus (Mouse)
Q7TMM9,CONTAM:top_1000_mus,top 1000 Mus,contaminants,abundant_proteome,Tubb2a,Mus musculus (Mouse)
A0A0A0MQA5,CONTAM:top_1000_mus,top 1000 Mus,contaminants,abundant_proteome,Tuba4a,Mus musculus (Mouse)
P68373,CONTAM:top_1000_mus,top 1000 Mus,contaminants,abundant_proteome,Tuba1c,Mus musculus (Mouse)
P05213,CONTAM:top_1000_mus,top 1000 Mus,contaminants,abundant_proteome,Tuba1b,Mus musculus (Mouse)
P68369,CONTAM:top_1000_mus,top 1000 Mus,contaminants,abundant_proteome,Tuba1a,Mus musculus (Mouse)
P07309,CONTAM:top_1000_mus,top 1000 Mus,contaminants,abundant_proteome,Ttr,Mus musculus (Mouse)
Q792Z1,CONTAM:top_1000_mus,top 1000 Mus,contaminants,abundant_proteome,Try10,Mus musculus (Mouse)
Q62318,CONTAM:top_1000_mus,top 1000 Mus,contaminants,abundant_proteome,Trim28,Mus musculus (Mouse)
Q9CQN1,CONTAM:top_1000_mus,top 1000 Mus,contaminants,abundant_proteome,Trap1,Mus musculus (Mouse)
O89023,CONTAM:top_1000_mus,top 1000 Mus,contaminants,abundant_proteome,Tpp1,Mus musculus (Mouse)
Q6IRU2,CONTAM:top_1000_mus,top 1000 Mus,contaminants,abundant_proteome,Tpm4,Mus musculus (Mouse)
D3Z2H9,CONTAM:top_1000_mus,top 1000 Mus,contaminants,abundant_proteome,Tpm3-rs7,Mus musculus (Mouse)
Q9CPQ3,CONTAM:top_1000_mus,top 1000 Mus,contaminants,abundant_proteome,Tomm22,Mus musculus (Mouse)
Q80YX1,CONTAM:top_1000_mus,top 1000 Mus,contaminants,abundant_proteome,Tnc,Mus musculus (Mouse)
Q9D1D4,CONTAM:top_1000_mus,top 1000 Mus,contaminants,abundant_proteome,Tmed10,Mus musculus (Mouse)
P26039,CONTAM:top_1000_mus,top 1000 Mus,contaminants,abundant_proteome,Tln1,Mus musculus (Mouse)
P40142,CONTAM:top_1000_mus,top 1000 Mus,contaminants,abundant_proteome,Tkt,Mus musculus (Mouse)
Q569Z6,CONTAM:top_1000_mus,top 1000 Mus,contaminants,abundant_proteome,Thrap3,Mus musculus (Mouse)
Q80YQ1,CONTAM:top_1000_mus,top 1000 Mus,contaminants,abundant_proteome,Thbs1,Mus musculus (Mouse)
Q921I1,CONTAM:top_1000_mus,top 1000 Mus,contaminants,abundant_proteome,Tf,Mus musculus (Mouse)
P11983,CONTAM:top_1000_mus,top 1000 Mus,contaminants,abundant_proteome,Tcp1,Mus musculus (Mouse)
Q8BLD4,CONTAM:top_1000_mus,top 1000 Mus,contaminants,abundant_proteome,Tardbp,Mus musculus (Mouse)
Q93092,CONTAM:top_1000_mus,top 1000 Mus,contaminants,abundant_proteome,Taldo1,Mus musculus (Mouse)
Q9WVA4,CONTAM:top_1000_mus,top 1000 Mus,contaminants,abundant_proteome,Tagln2,Mus musculus (Mouse)
Q7TMK9,CONTAM:top_1000_mus,top 1000 Mus,contaminants,abundant_proteome,Syncrip,Mus musculus (Mouse)
Q8R086,CONTAM:top_1000_mus,top 1000 Mus,contaminants,abundant_proteome,Suox,Mus musculus (Mouse)
Q9Z2I8,CONTAM:top_1000_mus,top 1000 Mus,contaminants,abundant_proteome,Suclg2,Mus musculus (Mouse)
Q9WUM5,CONTAM:top_1000_mus,top 1000 Mus,contaminants,abundant_proteome,Suclg1,Mus musculus (Mouse)
Q9Z2I9,CONTAM:top_1000_mus,top 1000 Mus,contaminants,abundant_proteome,Sucla2,Mus musculus (Mouse)
Q60864,CONTAM:top_1000_mus,top 1000 Mus,contaminants,abundant_proteome,Stip1,Mus musculus (Mouse)
F8WJK8,CONTAM:top_1000_mus,top 1000 Mus,contaminants,abundant_proteome,St13,Mus musculus (Mouse)
Q62186,CONTAM:top_1000_mus,top 1000 Mus,contaminants,abundant_proteome,Ssr4,Mus musculus (Mouse)
P32067,CONTAM:top_1000_mus,top 1000 Mus,contaminants,abundant_proteome,Ssb,Mus musculus (Mouse)
Q62093,CONTAM:top_1000_mus,top 1000 Mus,contaminants,abundant_proteome,Srsf2,Mus musculus (Mouse)
Q62261,CONTAM:top_1000_mus,top 1000 Mus,contaminants,abundant_proteome,Sptbn1,Mus musculus (Mouse)
A3KGU5,CONTAM:top_1000_mus,top 1000 Mus,contaminants,abundant_proteome,Sptan1,Mus musculus (Mouse)
P16546,CONTAM:top_1000_mus,top 1000 Mus,contaminants,abundant_proteome,Sptan1,Mus musculus (Mouse)
Q8K1I3,CONTAM:top_1000_mus,top 1000 Mus,contaminants,abundant_proteome,Spp2,Mus musculus (Mouse)
F8WIP8,CONTAM:top_1000_mus,top 1000 Mus,contaminants,abundant_proteome,Spp1,Mus musculus (Mouse)
O09164,CONTAM:top_1000_mus,top 1000 Mus,contaminants,abundant_proteome,Sod3,Mus musculus (Mouse)
P09671,CONTAM:top_1000_mus,top 1000 Mus,contaminants,abundant_proteome,Sod2,Mus musculus (Mouse)
P08228,CONTAM:top_1000_mus,top 1000 Mus,contaminants,abundant_proteome,Sod1,Mus musculus (Mouse)
P62320,CONTAM:top_1000_mus,top 1000 Mus,contaminants,abundant_proteome,Snrpd3,Mus musculus (Mouse)
P62315,CONTAM:top_1000_mus,top 1000 Mus,contaminants,abundant_proteome,Snrpd1,Mus musculus (Mouse)
Q6P4T2,CONTAM:top_1000_mus,top 1000 Mus,contaminants,abundant_proteome,Snrnp200,Mus musculus (Mouse)
Q78PY7,CONTAM:top_1000_mus,top 1000 Mus,contaminants,abundant_proteome,Snd1,Mus musculus (Mouse)
P97496,CONTAM:top_1000_mus,top 1000 Mus,contaminants,abundant_proteome,Smarcc1,Mus musculus (Mouse)
P10852,CONTAM:top_1000_mus,top 1000 Mus,contaminants,abundant_proteome,Slc3a2,Mus musculus (Mouse)
O35488,CONTAM:top_1000_mus,top 1000 Mus,contaminants,abundant_proteome,Slc27a2,Mus musculus (Mouse)
P51881,CONTAM:top_1000_mus,top 1000 Mus,contaminants,abundant_proteome,Slc25a5,Mus musculus (Mouse)
P48962,CONTAM:top_1000_mus,top 1000 Mus,contaminants,abundant_proteome,Slc25a4,Mus musculus (Mouse)
Q8VEM8,CONTAM:top_1000_mus,top 1000 Mus,contaminants,abundant_proteome,Slc25a3,Mus musculus (Mouse)
Q9QXX4,CONTAM:top_1000_mus,top 1000 Mus,contaminants,abundant_proteome,Slc25a13,Mus musculus (Mouse)
Q9CR62,CONTAM:top_1000_mus,top 1000 Mus,contaminants,abundant_proteome,Slc25a11,Mus musculus (Mouse)
Q8JZU2,CONTAM:top_1000_mus,top 1000 Mus,contaminants,abundant_proteome,Slc25a1,Mus musculus (Mouse)
P53986,CONTAM:top_1000_mus,top 1000 Mus,contaminants,abundant_proteome,Slc16a1,Mus musculus (Mouse)
Q9WTX5,CONTAM:top_1000_mus,top 1000 Mus,contaminants,abundant_proteome,Skp1,Mus musculus (Mouse)
Q9CZN7,CONTAM:top_1000_mus,top 1000 Mus,contaminants,abundant_proteome,Shmt2,Mus musculus (Mouse)
Q91VW3,CONTAM:top_1000_mus,top 1000 Mus,contaminants,abundant_proteome,Sh3bgrl3,Mus musculus (Mouse)
Q8VIJ6,CONTAM:top_1000_mus,top 1000 Mus,contaminants,abundant_proteome,Sfpq,Mus musculus (Mouse)
Q921M3,CONTAM:top_1000_mus,top 1000 Mus,contaminants,abundant_proteome,Sf3b3,Mus musculus (Mouse)
Q3UJB0,CONTAM:top_1000_mus,top 1000 Mus,contaminants,abundant_proteome,Sf3b2,Mus musculus (Mouse)
G5E866,CONTAM:top_1000_mus,top 1000 Mus,contaminants,abundant_proteome,Sf3b1,Mus musculus (Mouse)
D3YZC9,CONTAM:top_1000_mus,top 1000 Mus,contaminants,abundant_proteome,Sf1,Mus musculus (Mouse)
P19324,CONTAM:top_1000_mus,top 1000 Mus,contaminants,abundant_proteome,Serpinh1,Mus musculus (Mouse)
Q61247,CONTAM:top_1000_mus,top 1000 Mus,contaminants,abundant_proteome,Serpinf2,Mus musculus (Mouse)
P97298,CONTAM:top_1000_mus,top 1000 Mus,contaminants,abundant_proteome,Serpinf1,Mus musculus (Mouse)
P49182,CONTAM:top_1000_mus,top 1000 Mus,contaminants,abundant_proteome,Serpind1,Mus musculus (Mouse)
P32261,CONTAM:top_1000_mus,top 1000 Mus,contaminants,abundant_proteome,Serpinc1,Mus musculus (Mouse)
F8WIV2,CONTAM:top_1000_mus,top 1000 Mus,contaminants,abundant_proteome,Serpinb6a,Mus musculus (Mouse)
Q06770,CONTAM:top_1000_mus,top 1000 Mus,contaminants,abundant_proteome,Serpina6,Mus musculus (Mouse)
G3X8T9,CONTAM:top_1000_mus,top 1000 Mus,contaminants,abundant_proteome,Serpina3n,Mus musculus (Mouse)
A0A0R4J0I1,CONTAM:top_1000_mus,top 1000 Mus,contaminants,abundant_proteome,Serpina3k,Mus musculus (Mouse)
P29621,CONTAM:top_1000_mus,top 1000 Mus,contaminants,abundant_proteome,Serpina3c,Mus musculus (Mouse)
Q00898,CONTAM:top_1000_mus,top 1000 Mus,contaminants,abundant_proteome,Serpina1e,Mus musculus (Mouse)
Q00897,CONTAM:top_1000_mus,top 1000 Mus,contaminants,abundant_proteome,Serpina1d,Mus musculus (Mouse)
A0A0R4J0X5,CONTAM:top_1000_mus,top 1000 Mus,contaminants,abundant_proteome,Serpina1c,Mus musculus (Mouse)
P22599,CONTAM:top_1000_mus,top 1000 Mus,contaminants,abundant_proteome,Serpina1b,Mus musculus (Mouse)
A0A0A0MQA3,CONTAM:top_1000_mus,top 1000 Mus,contaminants,abundant_proteome,Serpina1a,Mus musculus (Mouse)
P07758,CONTAM:top_1000_mus,top 1000 Mus,contaminants,abundant_proteome,Serpina1a,Mus musculus (Mouse)
Q8R121,CONTAM:top_1000_mus,top 1000 Mus,contaminants,abundant_proteome,Serpina10,Mus musculus (Mouse)
Q9CY58,CONTAM:top_1000_mus,top 1000 Mus,contaminants,abundant_proteome,Serbp1,Mus musculus (Mouse)
Q80UG5,CONTAM:top_1000_mus,top 1000 Mus,contaminants,abundant_proteome,Septin9,Mus musculus (Mouse)
E9Q9F5,CONTAM:top_1000_mus,top 1000 Mus,contaminants,abundant_proteome,Septin7,Mus musculus (Mouse)
P42208,CONTAM:top_1000_mus,top 1000 Mus,contaminants,abundant_proteome,Septin2,Mus musculus (Mouse)
P70274,CONTAM:top_1000_mus,top 1000 Mus,contaminants,abundant_proteome,Selenop,Mus musculus (Mouse)
A0A0R4J135,CONTAM:top_1000_mus,top 1000 Mus,contaminants,abundant_proteome,Selenbp2,Mus musculus (Mouse)
Q01405,CONTAM:top_1000_mus,top 1000 Mus,contaminants,abundant_proteome,Sec23a,Mus musculus (Mouse)
Q9CQA3,CONTAM:top_1000_mus,top 1000 Mus,contaminants,abundant_proteome,Sdhb,Mus musculus (Mouse)
Q8K2B3,CONTAM:top_1000_mus,top 1000 Mus,contaminants,abundant_proteome,Sdha,Mus musculus (Mouse)
P32020,CONTAM:top_1000_mus,top 1000 Mus,contaminants,abundant_proteome,Scp2,Mus musculus (Mouse)
P31532,CONTAM:top_1000_mus,top 1000 Mus,contaminants,abundant_proteome,Saa4,Mus musculus (Mouse)
P27005,CONTAM:top_1000_mus,top 1000 Mus,contaminants,abundant_proteome,S100a8,Mus musculus (Mouse)
P14069,CONTAM:top_1000_mus,top 1000 Mus,contaminants,abundant_proteome,S100a6,Mus musculus (Mouse)
P08207,CONTAM:top_1000_mus,top 1000 Mus,contaminants,abundant_proteome,S100a10,Mus musculus (Mouse)
Q9CQE8,CONTAM:top_1000_mus,top 1000 Mus,contaminants,abundant_proteome,RTRAF,Mus musculus (Mouse)
Q99P72,CONTAM:top_1000_mus,top 1000 Mus,contaminants,abundant_proteome,Rtn4,Mus musculus (Mouse)
Q99LF4,CONTAM:top_1000_mus,top 1000 Mus,contaminants,abundant_proteome,Rtcb,Mus musculus (Mouse)
A2AVJ7,CONTAM:top_1000_mus,top 1000 Mus,contaminants,abundant_proteome,Rrbp1,Mus musculus (Mouse)
P14206,CONTAM:top_1000_mus,top 1000 Mus,contaminants,abundant_proteome,Rpsa,Mus musculus (Mouse)
Q6ZWN5,CONTAM:top_1000_mus,top 1000 Mus,contaminants,abundant_proteome,Rps9,Mus musculus (Mouse)
P62082,CONTAM:top_1000_mus,top 1000 Mus,contaminants,abundant_proteome,Rps7,Mus musculus (Mouse)
P97461,CONTAM:top_1000_mus,top 1000 Mus,contaminants,abundant_proteome,Rps5,Mus musculus (Mouse)
P62702,CONTAM:top_1000_mus,top 1000 Mus,contaminants,abundant_proteome,Rps4x,Mus musculus (Mouse)
P62908,CONTAM:top_1000_mus,top 1000 Mus,contaminants,abundant_proteome,Rps3,Mus musculus (Mouse)
P62858,CONTAM:top_1000_mus,top 1000 Mus,contaminants,abundant_proteome,Rps28,Mus musculus (Mouse)
Q6ZWY3,CONTAM:top_1000_mus,top 1000 Mus,contaminants,abundant_proteome,Rps27l,Mus musculus (Mouse)
P62983,CONTAM:top_1000_mus,top 1000 Mus,contaminants,abundant_proteome,Rps27a,Mus musculus (Mouse)
P62855,CONTAM:top_1000_mus,top 1000 Mus,contaminants,abundant_proteome,Rps26,Mus musculus (Mouse)
P62852,CONTAM:top_1000_mus,top 1000 Mus,contaminants,abundant_proteome,Rps25,Mus musculus (Mouse)
P62267,CONTAM:top_1000_mus,top 1000 Mus,contaminants,abundant_proteome,Rps23,Mus musculus (Mouse)
Q9CQR2,CONTAM:top_1000_mus,top 1000 Mus,contaminants,abundant_proteome,Rps21,Mus musculus (Mouse)
P25444,CONTAM:top_1000_mus,top 1000 Mus,contaminants,abundant_proteome,Rps2,Mus musculus (Mouse)
P62270,CONTAM:top_1000_mus,top 1000 Mus,contaminants,abundant_proteome,Rps18,Mus musculus (Mouse)
P63276,CONTAM:top_1000_mus,top 1000 Mus,contaminants,abundant_proteome,Rps17,Mus musculus (Mouse)
P14131,CONTAM:top_1000_mus,top 1000 Mus,contaminants,abundant_proteome,Rps16,Mus musculus (Mouse)
P62843,CONTAM:top_1000_mus,top 1000 Mus,contaminants,abundant_proteome,Rps15,Mus musculus (Mouse)
P62264,CONTAM:top_1000_mus,top 1000 Mus,contaminants,abundant_proteome,Rps14,Mus musculus (Mouse)
P63325,CONTAM:top_1000_mus,top 1000 Mus,contaminants,abundant_proteome,Rps10,Mus musculus (Mouse)
Q91YQ5,CONTAM:top_1000_mus,top 1000 Mus,contaminants,abundant_proteome,Rpn1,Mus musculus (Mouse)
P99027,CONTAM:top_1000_mus,top 1000 Mus,contaminants,abundant_proteome,Rplp2,Mus musculus (Mouse)
P47955,CONTAM:top_1000_mus,top 1000 Mus,contaminants,abundant_proteome,Rplp1,Mus musculus (Mouse)
P14869,CONTAM:top_1000_mus,top 1000 Mus,contaminants,abundant_proteome,Rplp0,Mus musculus (Mouse)
P62918,CONTAM:top_1000_mus,top 1000 Mus,contaminants,abundant_proteome,Rpl8,Mus musculus (Mouse)
P14148,CONTAM:top_1000_mus,top 1000 Mus,contaminants,abundant_proteome,Rpl7,Mus musculus (Mouse)
P47911,CONTAM:top_1000_mus,top 1000 Mus,contaminants,abundant_proteome,Rpl6,Mus musculus (Mouse)
P47962,CONTAM:top_1000_mus,top 1000 Mus,contaminants,abundant_proteome,Rpl5,Mus musculus (Mouse)
Q9D8E6,CONTAM:top_1000_mus,top 1000 Mus,contaminants,abundant_proteome,Rpl4,Mus musculus (Mouse)
P62911,CONTAM:top_1000_mus,top 1000 Mus,contaminants,abundant_proteome,Rpl32,Mus musculus (Mouse)
P62889,CONTAM:top_1000_mus,top 1000 Mus,contaminants,abundant_proteome,Rpl30,Mus musculus (Mouse)
P27659,CONTAM:top_1000_mus,top 1000 Mus,contaminants,abundant_proteome,Rpl3,Mus musculus (Mouse)
P41105,CONTAM:top_1000_mus,top 1000 Mus,contaminants,abundant_proteome,Rpl28,Mus musculus (Mouse)
P62830,CONTAM:top_1000_mus,top 1000 Mus,contaminants,abundant_proteome,Rpl23,Mus musculus (Mouse)
P67984,CONTAM:top_1000_mus,top 1000 Mus,contaminants,abundant_proteome,Rpl22,Mus musculus (Mouse)
A2A547,CONTAM:top_1000_mus,top 1000 Mus,contaminants,abundant_proteome,Rpl19,Mus musculus (Mouse)
P62717,CONTAM:top_1000_mus,top 1000 Mus,contaminants,abundant_proteome,Rpl18a,Mus musculus (Mouse)
P47963,CONTAM:top_1000_mus,top 1000 Mus,contaminants,abundant_proteome,Rpl13,Mus musculus (Mouse)
Q5XJF6,CONTAM:top_1000_mus,top 1000 Mus,contaminants,abundant_proteome,Rpl10a,Mus musculus (Mouse)
Q6ZWV3,CONTAM:top_1000_mus,top 1000 Mus,contaminants,abundant_proteome,Rpl10,Mus musculus (Mouse)
Q3UJU9,CONTAM:top_1000_mus,top 1000 Mus,contaminants,abundant_proteome,Rmdn3,Mus musculus (Mouse)
P52760,CONTAM:top_1000_mus,top 1000 Mus,contaminants,abundant_proteome,Rida,Mus musculus (Mouse)
Q9QUI0,CONTAM:top_1000_mus,top 1000 Mus,contaminants,abundant_proteome,Rhoa,Mus musculus (Mouse)
P26043,CONTAM:top_1000_mus,top 1000 Mus,contaminants,abundant_proteome,Rdx,Mus musculus (Mouse)
Q00724,CONTAM:top_1000_mus,top 1000 Mus,contaminants,abundant_proteome,Rbp4,Mus musculus (Mouse)
Q8BG13,CONTAM:top_1000_mus,top 1000 Mus,contaminants,abundant_proteome,Rbm3,Mus musculus (Mouse)
Q8C2Q3,CONTAM:top_1000_mus,top 1000 Mus,contaminants,abundant_proteome,Rbm14,Mus musculus (Mouse)
Q99JI6,CONTAM:top_1000_mus,top 1000 Mus,contaminants,abundant_proteome,Rap1b,Mus musculus (Mouse)
Q9ERU9,CONTAM:top_1000_mus,top 1000 Mus,contaminants,abundant_proteome,Ranbp2,Mus musculus (Mouse)
P62827,CONTAM:top_1000_mus,top 1000 Mus,contaminants,abundant_proteome,Ran,Mus musculus (Mouse)
Q64012,CONTAM:top_1000_mus,top 1000 Mus,contaminants,abundant_proteome,Raly,Mus musculus (Mouse)
P54728,CONTAM:top_1000_mus,top 1000 Mus,contaminants,abundant_proteome,Rad23b,Mus musculus (Mouse)
Q8CAP3,CONTAM:top_1000_mus,top 1000 Mus,contaminants,abundant_proteome,Rad23a,Mus musculus (Mouse)
P68040,CONTAM:top_1000_mus,top 1000 Mus,contaminants,abundant_proteome,Rack1,Mus musculus (Mouse)
P51150,CONTAM:top_1000_mus,top 1000 Mus,contaminants,abundant_proteome,Rab7a,Mus musculus (Mouse)
P53994,CONTAM:top_1000_mus,top 1000 Mus,contaminants,abundant_proteome,Rab2a,Mus musculus (Mouse)
Q9D1G1,CONTAM:top_1000_mus,top 1000 Mus,contaminants,abundant_proteome,Rab1b,Mus musculus (Mouse)
Q5SW88,CONTAM:top_1000_mus,top 1000 Mus,contaminants,abundant_proteome,Rab1a,Mus musculus (Mouse)
Q91V41,CONTAM:top_1000_mus,top 1000 Mus,contaminants,abundant_proteome,Rab14,Mus musculus (Mouse)
P46638,CONTAM:top_1000_mus,top 1000 Mus,contaminants,abundant_proteome,Rab11b,Mus musculus (Mouse)
P61027,CONTAM:top_1000_mus,top 1000 Mus,contaminants,abundant_proteome,Rab10,Mus musculus (Mouse)
Q8BND5,CONTAM:top_1000_mus,top 1000 Mus,contaminants,abundant_proteome,Qsox1,Mus musculus (Mouse)
Q8BVI4,CONTAM:top_1000_mus,top 1000 Mus,contaminants,abundant_proteome,Qdpr,Mus musculus (Mouse)
Q61838,CONTAM:top_1000_mus,top 1000 Mus,contaminants,abundant_proteome,Pzp,Mus musculus (Mouse)
Q9ET01,CONTAM:top_1000_mus,top 1000 Mus,contaminants,abundant_proteome,Pygl,Mus musculus (Mouse)
Q8CI94,CONTAM:top_1000_mus,top 1000 Mus,contaminants,abundant_proteome,Pygb,Mus musculus (Mouse)
P32848,CONTAM:top_1000_mus,top 1000 Mus,contaminants,abundant_proteome,Pvalb,Mus musculus (Mouse)
P42669,CONTAM:top_1000_mus,top 1000 Mus,contaminants,abundant_proteome,Pura,Mus musculus (Mouse)
P26350,CONTAM:top_1000_mus,top 1000 Mus,contaminants,abundant_proteome,Ptma,Mus musculus (Mouse)
Q9R0Q7,CONTAM:top_1000_mus,top 1000 Mus,contaminants,abundant_proteome,Ptges3,Mus musculus (Mouse)
G3X9K9,CONTAM:top_1000_mus,top 1000 Mus,contaminants,abundant_proteome,Psme1,Mus musculus (Mouse)
Q8VDM4,CONTAM:top_1000_mus,top 1000 Mus,contaminants,abundant_proteome,Psmd2,Mus musculus (Mouse)
Q8BG32,CONTAM:top_1000_mus,top 1000 Mus,contaminants,abundant_proteome,Psmd11,Mus musculus (Mouse)
P62334,CONTAM:top_1000_mus,top 1000 Mus,contaminants,abundant_proteome,Psmc6,Mus musculus (Mouse)
P62196,CONTAM:top_1000_mus,top 1000 Mus,contaminants,abundant_proteome,Psmc5,Mus musculus (Mouse)
P54775,CONTAM:top_1000_mus,top 1000 Mus,contaminants,abundant_proteome,Psmc4,Mus musculus (Mouse)
B7ZCF1,CONTAM:top_1000_mus,top 1000 Mus,contaminants,abundant_proteome,Psmc3,Mus musculus (Mouse)
P46471,CONTAM:top_1000_mus,top 1000 Mus,contaminants,abundant_proteome,Psmc2,Mus musculus (Mouse)
Q8BVQ9,CONTAM:top_1000_mus,top 1000 Mus,contaminants,abundant_proteome,Psmc2,Mus musculus (Mouse)
P70195,CONTAM:top_1000_mus,top 1000 Mus,contaminants,abundant_proteome,Psmb7,Mus musculus (Mouse)
P99026,CONTAM:top_1000_mus,top 1000 Mus,contaminants,abundant_proteome,Psmb4,Mus musculus (Mouse)
Q9R1P3,CONTAM:top_1000_mus,top 1000 Mus,contaminants,abundant_proteome,Psmb2,Mus musculus (Mouse)
O09061,CONTAM:top_1000_mus,top 1000 Mus,contaminants,abundant_proteome,Psmb1,Mus musculus (Mouse)
Q9Z2U0,CONTAM:top_1000_mus,top 1000 Mus,contaminants,abundant_proteome,Psma7,Mus musculus (Mouse)
Q9QUM9,CONTAM:top_1000_mus,top 1000 Mus,contaminants,abundant_proteome,Psma6,Mus musculus (Mouse)
Q9R1P0,CONTAM:top_1000_mus,top 1000 Mus,contaminants,abundant_proteome,Psma4,Mus musculus (Mouse)
F8WH02,CONTAM:top_1000_mus,top 1000 Mus,contaminants,abundant_proteome,Psma3,Mus musculus (Mouse)
Q9R1P4,CONTAM:top_1000_mus,top 1000 Mus,contaminants,abundant_proteome,Psma1,Mus musculus (Mouse)
Q8BFQ1,CONTAM:top_1000_mus,top 1000 Mus,contaminants,abundant_proteome,Psap,Mus musculus (Mouse)
Q9CPN9,CONTAM:top_1000_mus,top 1000 Mus,contaminants,abundant_proteome,Prss3b,Mus musculus (Mouse)
Q9Z1R9,CONTAM:top_1000_mus,top 1000 Mus,contaminants,abundant_proteome,Prss1,Mus musculus (Mouse)
Q99PV0,CONTAM:top_1000_mus,top 1000 Mus,contaminants,abundant_proteome,Prpf8,Mus musculus (Mouse)
Q99KP6,CONTAM:top_1000_mus,top 1000 Mus,contaminants,abundant_proteome,Prpf19,Mus musculus (Mouse)
Q9CQW3,CONTAM:top_1000_mus,top 1000 Mus,contaminants,abundant_proteome,Proz,Mus musculus (Mouse)
O08795,CONTAM:top_1000_mus,top 1000 Mus,contaminants,abundant_proteome,Prkcsh,Mus musculus (Mouse)
P31324,CONTAM:top_1000_mus,top 1000 Mus,contaminants,abundant_proteome,Prkar2b,Mus musculus (Mouse)
Q8K1M3,CONTAM:top_1000_mus,top 1000 Mus,contaminants,abundant_proteome,Prkar2a,Mus musculus (Mouse)
Q6GT24,CONTAM:top_1000_mus,top 1000 Mus,contaminants,abundant_proteome,Prdx6,Mus musculus (Mouse)
P99029,CONTAM:top_1000_mus,top 1000 Mus,contaminants,abundant_proteome,Prdx5,Mus musculus (Mouse)
P20108,CONTAM:top_1000_mus,top 1000 Mus,contaminants,abundant_proteome,Prdx3,Mus musculus (Mouse)
Q61171,CONTAM:top_1000_mus,top 1000 Mus,contaminants,abundant_proteome,Prdx2,Mus musculus (Mouse)
B1AXW6,CONTAM:top_1000_mus,top 1000 Mus,contaminants,abundant_proteome,Prdx1,Mus musculus (Mouse)
O88531,CONTAM:top_1000_mus,top 1000 Mus,contaminants,abundant_proteome,Ppt1,Mus musculus (Mouse)
Q76MZ3,CONTAM:top_1000_mus,top 1000 Mus,contaminants,abundant_proteome,Ppp2r1a,Mus musculus (Mouse)
P63330,CONTAM:top_1000_mus,top 1000 Mus,contaminants,abundant_proteome,Ppp2ca,Mus musculus (Mouse)
P62137,CONTAM:top_1000_mus,top 1000 Mus,contaminants,abundant_proteome,Ppp1ca,Mus musculus (Mouse)
P24369,CONTAM:top_1000_mus,top 1000 Mus,contaminants,abundant_proteome,Ppib,Mus musculus (Mouse)
Q9D819,CONTAM:top_1000_mus,top 1000 Mus,contaminants,abundant_proteome,Ppa1,Mus musculus (Mouse)
Q62009,CONTAM:top_1000_mus,top 1000 Mus,contaminants,abundant_proteome,Postn,Mus musculus (Mouse)
P37040,CONTAM:top_1000_mus,top 1000 Mus,contaminants,abundant_proteome,Por,Mus musculus (Mouse)
P52430,CONTAM:top_1000_mus,top 1000 Mus,contaminants,abundant_proteome,Pon1,Mus musculus (Mouse)
P60202,CONTAM:top_1000_mus,top 1000 Mus,contaminants,abundant_proteome,Plp1,Mus musculus (Mouse)
P20918,CONTAM:top_1000_mus,top 1000 Mus,contaminants,abundant_proteome,Plg,Mus musculus (Mouse)
E9Q3W4,CONTAM:top_1000_mus,top 1000 Mus,contaminants,abundant_proteome,Plec,Mus musculus (Mouse)
Q9QXS1,CONTAM:top_1000_mus,top 1000 Mus,contaminants,abundant_proteome,Plec,Mus musculus (Mouse)
P52480,CONTAM:top_1000_mus,top 1000 Mus,contaminants,abundant_proteome,Pkm,Mus musculus (Mouse)
Q7M6Y3,CONTAM:top_1000_mus,top 1000 Mus,contaminants,abundant_proteome,Picalm,Mus musculus (Mouse)
Q9ET66,CONTAM:top_1000_mus,top 1000 Mus,contaminants,abundant_proteome,Pi16,Mus musculus (Mouse)
O35129,CONTAM:top_1000_mus,top 1000 Mus,contaminants,abundant_proteome,Phb2,Mus musculus (Mouse)
Q5SQG5,CONTAM:top_1000_mus,top 1000 Mus,contaminants,abundant_proteome,Phb1,Mus musculus (Mouse)
O55022,CONTAM:top_1000_mus,top 1000 Mus,contaminants,abundant_proteome,Pgrmc1,Mus musculus (Mouse)
Q9D0F9,CONTAM:top_1000_mus,top 1000 Mus,contaminants,abundant_proteome,Pgm1,Mus musculus (Mouse)
A0A498WFR9,CONTAM:top_1000_mus,top 1000 Mus,contaminants,abundant_proteome,Pglyrp2,Mus musculus (Mouse)
Q9CQ60,CONTAM:top_1000_mus,top 1000 Mus,contaminants,abundant_proteome,Pgls,Mus musculus (Mouse)
P09411,CONTAM:top_1000_mus,top 1000 Mus,contaminants,abundant_proteome,Pgk1,Mus musculus (Mouse)
Q9DCD0,CONTAM:top_1000_mus,top 1000 Mus,contaminants,abundant_proteome,Pgd,Mus musculus (Mouse)
Q9DBJ1,CONTAM:top_1000_mus,top 1000 Mus,contaminants,abundant_proteome,Pgam1,Mus musculus (Mouse)
P62962,CONTAM:top_1000_mus,top 1000 Mus,contaminants,abundant_proteome,Pfn1,Mus musculus (Mouse)
Q8C605,CONTAM:top_1000_mus,top 1000 Mus,contaminants,abundant_proteome,Pfkp,Mus musculus (Mouse)
P47857,CONTAM:top_1000_mus,top 1000 Mus,contaminants,abundant_proteome,Pfkm,Mus musculus (Mouse)
P12382,CONTAM:top_1000_mus,top 1000 Mus,contaminants,abundant_proteome,Pfkl,Mus musculus (Mouse)
Q5SUR0,CONTAM:top_1000_mus,top 1000 Mus,contaminants,abundant_proteome,Pfas,Mus musculus (Mouse)
Q99MZ7,CONTAM:top_1000_mus,top 1000 Mus,contaminants,abundant_proteome,Pecr,Mus musculus (Mouse)
P70296,CONTAM:top_1000_mus,top 1000 Mus,contaminants,abundant_proteome,Pebp1,Mus musculus (Mouse)
Q8K183,CONTAM:top_1000_mus,top 1000 Mus,contaminants,abundant_proteome,Pdxk,Mus musculus (Mouse)
O70400,CONTAM:top_1000_mus,top 1000 Mus,contaminants,abundant_proteome,Pdlim1,Mus musculus (Mouse)
Q3TML0,CONTAM:top_1000_mus,top 1000 Mus,contaminants,abundant_proteome,Pdia6,Mus musculus (Mouse)
A0A0R4J0Z1,CONTAM:top_1000_mus,top 1000 Mus,contaminants,abundant_proteome,Pdia4,Mus musculus (Mouse)
P27773,CONTAM:top_1000_mus,top 1000 Mus,contaminants,abundant_proteome,Pdia3,Mus musculus (Mouse)
Q8BKZ9,CONTAM:top_1000_mus,top 1000 Mus,contaminants,abundant_proteome,Pdhx,Mus musculus (Mouse)
Q9D051,CONTAM:top_1000_mus,top 1000 Mus,contaminants,abundant_proteome,Pdhb,Mus musculus (Mouse)
P35486,CONTAM:top_1000_mus,top 1000 Mus,contaminants,abundant_proteome,Pdha1,Mus musculus (Mouse)
Q3UHX2,CONTAM:top_1000_mus,top 1000 Mus,contaminants,abundant_proteome,Pdap1,Mus musculus (Mouse)
Q9CQF9,CONTAM:top_1000_mus,top 1000 Mus,contaminants,abundant_proteome,Pcyox1,Mus musculus (Mouse)
E9QPD7,CONTAM:top_1000_mus,top 1000 Mus,contaminants,abundant_proteome,Pcx,Mus musculus (Mouse)
P17918,CONTAM:top_1000_mus,top 1000 Mus,contaminants,abundant_proteome,Pcna,Mus musculus (Mouse)
A0A0R4J0G0,CONTAM:top_1000_mus,top 1000 Mus,contaminants,abundant_proteome,Pck2,Mus musculus (Mouse)
Q99MN9,CONTAM:top_1000_mus,top 1000 Mus,contaminants,abundant_proteome,Pccb,Mus musculus (Mouse)
Q91ZA3,CONTAM:top_1000_mus,top 1000 Mus,contaminants,abundant_proteome,Pcca,Mus musculus (Mouse)
Q3TT81,CONTAM:top_1000_mus,top 1000 Mus,contaminants,abundant_proteome,Pcbp2,Mus musculus (Mouse)
P60335,CONTAM:top_1000_mus,top 1000 Mus,contaminants,abundant_proteome,Pcbp1,Mus musculus (Mouse)
Q99LX0,CONTAM:top_1000_mus,top 1000 Mus,contaminants,abundant_proteome,Park7,Mus musculus (Mouse)
Q8CIN4,CONTAM:top_1000_mus,top 1000 Mus,contaminants,abundant_proteome,Pak2,Mus musculus (Mouse)
P29341,CONTAM:top_1000_mus,top 1000 Mus,contaminants,abundant_proteome,Pabpc1,Mus musculus (Mouse)
P50580,CONTAM:top_1000_mus,top 1000 Mus,contaminants,abundant_proteome,Pa2g4,Mus musculus (Mouse)
P09103,CONTAM:top_1000_mus,top 1000 Mus,contaminants,abundant_proteome,P4hb,Mus musculus (Mouse)
Q9D0K2,CONTAM:top_1000_mus,top 1000 Mus,contaminants,abundant_proteome,Oxct1,Mus musculus (Mouse)
P07361,CONTAM:top_1000_mus,top 1000 Mus,contaminants,abundant_proteome,Orm2,Mus musculus (Mouse)
Q60590,CONTAM:top_1000_mus,top 1000 Mus,contaminants,abundant_proteome,Orm1,Mus musculus (Mouse)
Q9CZ30,CONTAM:top_1000_mus,top 1000 Mus,contaminants,abundant_proteome,Ola1,Mus musculus (Mouse)
Q60597,CONTAM:top_1000_mus,top 1000 Mus,contaminants,abundant_proteome,Ogdh,Mus musculus (Mouse)
P29758,CONTAM:top_1000_mus,top 1000 Mus,contaminants,abundant_proteome,Oat,Mus musculus (Mouse)
E9Q7G0,CONTAM:top_1000_mus,top 1000 Mus,contaminants,abundant_proteome,Numa1,Mus musculus (Mouse)
A0A1C7CYU3,CONTAM:top_1000_mus,top 1000 Mus,contaminants,abundant_proteome,Nucb1,Mus musculus (Mouse)
Q9CZ44,CONTAM:top_1000_mus,top 1000 Mus,contaminants,abundant_proteome,Nsfl1c,Mus musculus (Mouse)
P46460,CONTAM:top_1000_mus,top 1000 Mus,contaminants,abundant_proteome,Nsf,Mus musculus (Mouse)
Q5SQB0,CONTAM:top_1000_mus,top 1000 Mus,contaminants,abundant_proteome,Npm1,Mus musculus (Mouse)
Q61937,CONTAM:top_1000_mus,top 1000 Mus,contaminants,abundant_proteome,Npm1,Mus musculus (Mouse)
Q11011,CONTAM:top_1000_mus,top 1000 Mus,contaminants,abundant_proteome,Npepps,Mus musculus (Mouse)
Q9Z0J0,CONTAM:top_1000_mus,top 1000 Mus,contaminants,abundant_proteome,Npc2,Mus musculus (Mouse)
Q01705,CONTAM:top_1000_mus,top 1000 Mus,contaminants,abundant_proteome,Notch1,Mus musculus (Mouse)
A0A0A0MQ76,CONTAM:top_1000_mus,top 1000 Mus,contaminants,abundant_proteome,Nop58,Mus musculus (Mouse)
Q9D6Z1,CONTAM:top_1000_mus,top 1000 Mus,contaminants,abundant_proteome,Nop56,Mus musculus (Mouse)
Q99K48,CONTAM:top_1000_mus,top 1000 Mus,contaminants,abundant_proteome,Nono,Mus musculus (Mouse)
O70310,CONTAM:top_1000_mus,top 1000 Mus,contaminants,abundant_proteome,Nmt1,Mus musculus (Mouse)
Q01768,CONTAM:top_1000_mus,top 1000 Mus,contaminants,abundant_proteome,Nme2,Mus musculus (Mouse)
Q5NC80,CONTAM:top_1000_mus,top 1000 Mus,contaminants,abundant_proteome,Nme1,Mus musculus (Mouse)
O55125,CONTAM:top_1000_mus,top 1000 Mus,contaminants,abundant_proteome,Nipsnap1,Mus musculus (Mouse)
P10493,CONTAM:top_1000_mus,top 1000 Mus,contaminants,abundant_proteome,Nid1,Mus musculus (Mouse)
P70441,CONTAM:top_1000_mus,top 1000 Mus,contaminants,abundant_proteome,Nherf1,Mus musculus (Mouse)
P46935,CONTAM:top_1000_mus,top 1000 Mus,contaminants,abundant_proteome,Nedd4,Mus musculus (Mouse)
Q9D6J6,CONTAM:top_1000_mus,top 1000 Mus,contaminants,abundant_proteome,Ndufv2,Mus musculus (Mouse)
Q91YT0,CONTAM:top_1000_mus,top 1000 Mus,contaminants,abundant_proteome,Ndufv1,Mus musculus (Mouse)
Q8K3J1,CONTAM:top_1000_mus,top 1000 Mus,contaminants,abundant_proteome,Ndufs8,Mus musculus (Mouse)
Q9DC70,CONTAM:top_1000_mus,top 1000 Mus,contaminants,abundant_proteome,Ndufs7,Mus musculus (Mouse)
P52503,CONTAM:top_1000_mus,top 1000 Mus,contaminants,abundant_proteome,Ndufs6,Mus musculus (Mouse)
Q9DCT2,CONTAM:top_1000_mus,top 1000 Mus,contaminants,abundant_proteome,Ndufs3,Mus musculus (Mouse)
Q91VD9,CONTAM:top_1000_mus,top 1000 Mus,contaminants,abundant_proteome,Ndufs1,Mus musculus (Mouse)
Q9CQ54,CONTAM:top_1000_mus,top 1000 Mus,contaminants,abundant_proteome,Ndufc2,Mus musculus (Mouse)
Q9DCS9,CONTAM:top_1000_mus,top 1000 Mus,contaminants,abundant_proteome,Ndufb10,Mus musculus (Mouse)
A0A0R3P9C8,CONTAM:top_1000_mus,top 1000 Mus,contaminants,abundant_proteome,Ndufa9,Mus musculus (Mouse)
Q9DCJ5,CONTAM:top_1000_mus,top 1000 Mus,contaminants,abundant_proteome,Ndufa8,Mus musculus (Mouse)
Q9CQZ5,CONTAM:top_1000_mus,top 1000 Mus,contaminants,abundant_proteome,Ndufa6,Mus musculus (Mouse)
A0A0N4SVQ1,CONTAM:top_1000_mus,top 1000 Mus,contaminants,abundant_proteome,Ndufa4,Mus musculus (Mouse)
Q9CQ75,CONTAM:top_1000_mus,top 1000 Mus,contaminants,abundant_proteome,Ndufa2,Mus musculus (Mouse)
Q7TMF3,CONTAM:top_1000_mus,top 1000 Mus,contaminants,abundant_proteome,Ndufa12,Mus musculus (Mouse)
Q99LC3,CONTAM:top_1000_mus,top 1000 Mus,contaminants,abundant_proteome,Ndufa10,Mus musculus (Mouse)
Q9QYG0,CONTAM:top_1000_mus,top 1000 Mus,contaminants,abundant_proteome,Ndrg2,Mus musculus (Mouse)
Q62433,CONTAM:top_1000_mus,top 1000 Mus,contaminants,abundant_proteome,Ndrg1,Mus musculus (Mouse)
P09405,CONTAM:top_1000_mus,top 1000 Mus,contaminants,abundant_proteome,Ncl,Mus musculus (Mouse)
Q8K4Z3,CONTAM:top_1000_mus,top 1000 Mus,contaminants,abundant_proteome,Naxe,Mus musculus (Mouse)
A0A498WGK2,CONTAM:top_1000_mus,top 1000 Mus,contaminants,abundant_proteome,Nars1,Mus musculus (Mouse)
Q78ZA7,CONTAM:top_1000_mus,top 1000 Mus,contaminants,abundant_proteome,Nap1l4,Mus musculus (Mouse)
P28656,CONTAM:top_1000_mus,top 1000 Mus,contaminants,abundant_proteome,Nap1l1,Mus musculus (Mouse)
P70670,CONTAM:top_1000_mus,top 1000 Mus,contaminants,abundant_proteome,Naca,Mus musculus (Mouse)
Q14BI5,CONTAM:top_1000_mus,top 1000 Mus,contaminants,abundant_proteome,Myom2,Mus musculus (Mouse)
Q8CI43,CONTAM:top_1000_mus,top 1000 Mus,contaminants,abundant_proteome,Myl6b,Mus musculus (Mouse)
Q3THE2,CONTAM:top_1000_mus,top 1000 Mus,contaminants,abundant_proteome,Myl12b,Mus musculus (Mouse)
P97457,CONTAM:top_1000_mus,top 1000 Mus,contaminants,abundant_proteome,Myl11,Mus musculus (Mouse)
Q8VDD5,CONTAM:top_1000_mus,top 1000 Mus,contaminants,abundant_proteome,Myh9,Mus musculus (Mouse)
E9QPE7,CONTAM:top_1000_mus,top 1000 Mus,contaminants,abundant_proteome,Myh11,Mus musculus (Mouse)
Q5SV64,CONTAM:top_1000_mus,top 1000 Mus,contaminants,abundant_proteome,Myh10,Mus musculus (Mouse)
Q7TPV4,CONTAM:top_1000_mus,top 1000 Mus,contaminants,abundant_proteome,Mybbp1a,Mus musculus (Mouse)
Q58EV3,CONTAM:top_1000_mus,top 1000 Mus,contaminants,abundant_proteome,Mup7,Mus musculus (Mouse)
A2BIN1,CONTAM:top_1000_mus,top 1000 Mus,contaminants,abundant_proteome,Mup10,Mus musculus (Mouse)
P28665,CONTAM:top_1000_mus,top 1000 Mus,contaminants,abundant_proteome,Mug1,Mus musculus (Mouse)
P62774,CONTAM:top_1000_mus,top 1000 Mus,contaminants,abundant_proteome,Mtpn,Mus musculus (Mouse)
P03921,CONTAM:top_1000_mus,top 1000 Mus,contaminants,abundant_proteome,Mtnd5,Mus musculus (Mouse)
P03911,CONTAM:top_1000_mus,top 1000 Mus,contaminants,abundant_proteome,Mtnd4,Mus musculus (Mouse)
Q922D8,CONTAM:top_1000_mus,top 1000 Mus,contaminants,abundant_proteome,Mthfd1,Mus musculus (Mouse)
P00405,CONTAM:top_1000_mus,top 1000 Mus,contaminants,abundant_proteome,Mt-co2,Mus musculus (Mouse)
P03930,CONTAM:top_1000_mus,top 1000 Mus,contaminants,abundant_proteome,Mtatp8,Mus musculus (Mouse)
Q922Q1,CONTAM:top_1000_mus,top 1000 Mus,contaminants,abundant_proteome,Mtarc2,Mus musculus (Mouse)
P26928,CONTAM:top_1000_mus,top 1000 Mus,contaminants,abundant_proteome,Mst1,Mus musculus (Mouse)
P26041,CONTAM:top_1000_mus,top 1000 Mus,contaminants,abundant_proteome,Msn,Mus musculus (Mouse)
Q9DB15,CONTAM:top_1000_mus,top 1000 Mus,contaminants,abundant_proteome,Mrpl12,Mus musculus (Mouse)
Q99J99,CONTAM:top_1000_mus,top 1000 Mus,contaminants,abundant_proteome,Mpst,Mus musculus (Mouse)
Q9D023,CONTAM:top_1000_mus,top 1000 Mus,contaminants,abundant_proteome,Mpc2,Mus musculus (Mouse)
P34884,CONTAM:top_1000_mus,top 1000 Mus,contaminants,abundant_proteome,Mif,Mus musculus (Mouse)
Q9CPU4,CONTAM:top_1000_mus,top 1000 Mus,contaminants,abundant_proteome,Mgst3,Mus musculus (Mouse)
Q9DCS3,CONTAM:top_1000_mus,top 1000 Mus,contaminants,abundant_proteome,Mecr,Mus musculus (Mouse)
P06801,CONTAM:top_1000_mus,top 1000 Mus,contaminants,abundant_proteome,Me1,Mus musculus (Mouse)
P08249,CONTAM:top_1000_mus,top 1000 Mus,contaminants,abundant_proteome,Mdh2,Mus musculus (Mouse)
P14152,CONTAM:top_1000_mus,top 1000 Mus,contaminants,abundant_proteome,Mdh1,Mus musculus (Mouse)
Q3ULD5,CONTAM:top_1000_mus,top 1000 Mus,contaminants,abundant_proteome,Mccc2,Mus musculus (Mouse)
Q99MR8,CONTAM:top_1000_mus,top 1000 Mus,contaminants,abundant_proteome,Mccc1,Mus musculus (Mouse)
P41317,CONTAM:top_1000_mus,top 1000 Mus,contaminants,abundant_proteome,Mbl2,Mus musculus (Mouse)
A0A2C9F2B6,CONTAM:top_1000_mus,top 1000 Mus,contaminants,abundant_proteome,Mbl1,Mus musculus (Mouse)
P04247,CONTAM:top_1000_mus,top 1000 Mus,contaminants,abundant_proteome,Mb,Mus musculus (Mouse)
P26645,CONTAM:top_1000_mus,top 1000 Mus,contaminants,abundant_proteome,Marcks,Mus musculus (Mouse)
P27546,CONTAM:top_1000_mus,top 1000 Mus,contaminants,abundant_proteome,Map4,Mus musculus (Mouse)
P14873,CONTAM:top_1000_mus,top 1000 Mus,contaminants,abundant_proteome,Map1b,Mus musculus (Mouse)
Q8BW75,CONTAM:top_1000_mus,top 1000 Mus,contaminants,abundant_proteome,Maob,Mus musculus (Mouse)
Q64133,CONTAM:top_1000_mus,top 1000 Mus,contaminants,abundant_proteome,Maoa,Mus musculus (Mouse)
Q80ZP8,CONTAM:top_1000_mus,top 1000 Mus,contaminants,abundant_proteome,Manf,Mus musculus (Mouse)
O09159,CONTAM:top_1000_mus,top 1000 Mus,contaminants,abundant_proteome,Man2b1,Mus musculus (Mouse)
P51885,CONTAM:top_1000_mus,top 1000 Mus,contaminants,abundant_proteome,Lum,Mus musculus (Mouse)
P08071,CONTAM:top_1000_mus,top 1000 Mus,contaminants,abundant_proteome,Ltf,Mus musculus (Mouse)
Q922Q8,CONTAM:top_1000_mus,top 1000 Mus,contaminants,abundant_proteome,Lrrc59,Mus musculus (Mouse)
A0A0R4J0I9,CONTAM:top_1000_mus,top 1000 Mus,contaminants,abundant_proteome,Lrp1,Mus musculus (Mouse)
Q91XL1,CONTAM:top_1000_mus,top 1000 Mus,contaminants,abundant_proteome,Lrg1,Mus musculus (Mouse)
Q8CGK3,CONTAM:top_1000_mus,top 1000 Mus,contaminants,abundant_proteome,Lonp1,Mus musculus (Mouse)
P14733,CONTAM:top_1000_mus,top 1000 Mus,contaminants,abundant_proteome,Lmnb1,Mus musculus (Mouse)
P48678,CONTAM:top_1000_mus,top 1000 Mus,contaminants,abundant_proteome,Lmna,Mus musculus (Mouse)
Q9D0F3,CONTAM:top_1000_mus,top 1000 Mus,contaminants,abundant_proteome,Lman1,Mus musculus (Mouse)
P42703,CONTAM:top_1000_mus,top 1000 Mus,contaminants,abundant_proteome,Lifr,Mus musculus (Mouse)
P16045,CONTAM:top_1000_mus,top 1000 Mus,contaminants,abundant_proteome,Lgals1,Mus musculus (Mouse)
Q9Z2I0,CONTAM:top_1000_mus,top 1000 Mus,contaminants,abundant_proteome,Letm1,Mus musculus (Mouse)
P16125,CONTAM:top_1000_mus,top 1000 Mus,contaminants,abundant_proteome,Ldhb,Mus musculus (Mouse)
P06151,CONTAM:top_1000_mus,top 1000 Mus,contaminants,abundant_proteome,Ldha,Mus musculus (Mouse)
P11672,CONTAM:top_1000_mus,top 1000 Mus,contaminants,abundant_proteome,Lcn2,Mus musculus (Mouse)
P16301,CONTAM:top_1000_mus,top 1000 Mus,contaminants,abundant_proteome,Lcat,Mus musculus (Mouse)
Q61792,CONTAM:top_1000_mus,top 1000 Mus,contaminants,abundant_proteome,Lasp1,Mus musculus (Mouse)
Q9CPY7,CONTAM:top_1000_mus,top 1000 Mus,contaminants,abundant_proteome,Lap3,Mus musculus (Mouse)
F8VQJ3,CONTAM:top_1000_mus,top 1000 Mus,contaminants,abundant_proteome,Lamc1,Mus musculus (Mouse)
E9QN70,CONTAM:top_1000_mus,top 1000 Mus,contaminants,abundant_proteome,Lamb1,Mus musculus (Mouse)
P02469,CONTAM:top_1000_mus,top 1000 Mus,contaminants,abundant_proteome,Lamb1,Mus musculus (Mouse)
A2A513,CONTAM:top_1000_mus,top 1000 Mus,contaminants,abundant_proteome,Krt10,Mus musculus (Mouse)
P70168,CONTAM:top_1000_mus,top 1000 Mus,contaminants,abundant_proteome,Kpnb1,Mus musculus (Mouse)
Q6S9I0,CONTAM:top_1000_mus,top 1000 Mus,contaminants,abundant_proteome,Kng2,Mus musculus (Mouse)
A0A0R4J038,CONTAM:top_1000_mus,top 1000 Mus,contaminants,abundant_proteome,Kng1,Mus musculus (Mouse)
O08677,CONTAM:top_1000_mus,top 1000 Mus,contaminants,abundant_proteome,Kng1,Mus musculus (Mouse)
Q61768,CONTAM:top_1000_mus,top 1000 Mus,contaminants,abundant_proteome,Kif5b,Mus musculus (Mouse)
Q3U0V1,CONTAM:top_1000_mus,top 1000 Mus,contaminants,abundant_proteome,Khsrp,Mus musculus (Mouse)
Q02257,CONTAM:top_1000_mus,top 1000 Mus,contaminants,abundant_proteome,Jup,Mus musculus (Mouse)
Q9JHI5,CONTAM:top_1000_mus,top 1000 Mus,contaminants,abundant_proteome,Ivd,Mus musculus (Mouse)
A0A2K6EDJ7,CONTAM:top_1000_mus,top 1000 Mus,contaminants,abundant_proteome,Itih4,Mus musculus (Mouse)
E9PVD2,CONTAM:top_1000_mus,top 1000 Mus,contaminants,abundant_proteome,Itih4,Mus musculus (Mouse)
Q61704,CONTAM:top_1000_mus,top 1000 Mus,contaminants,abundant_proteome,Itih3,Mus musculus (Mouse)
G3X977,CONTAM:top_1000_mus,top 1000 Mus,contaminants,abundant_proteome,Itih2,Mus musculus (Mouse)
Q61703,CONTAM:top_1000_mus,top 1000 Mus,contaminants,abundant_proteome,Itih2,Mus musculus (Mouse)
F8WJ05,CONTAM:top_1000_mus,top 1000 Mus,contaminants,abundant_proteome,Itih1,Mus musculus (Mouse)
Q8BKC5,CONTAM:top_1000_mus,top 1000 Mus,contaminants,abundant_proteome,Ipo5,Mus musculus (Mouse)
Q9DBD0,CONTAM:top_1000_mus,top 1000 Mus,contaminants,abundant_proteome,Inhca,Mus musculus (Mouse)
Q8CAQ8,CONTAM:top_1000_mus,top 1000 Mus,contaminants,abundant_proteome,Immt,Mus musculus (Mouse)
Q9Z1X4,CONTAM:top_1000_mus,top 1000 Mus,contaminants,abundant_proteome,Ilf3,Mus musculus (Mouse)
Q61730,CONTAM:top_1000_mus,top 1000 Mus,contaminants,abundant_proteome,Il1rap,Mus musculus (Mouse)
A0A5H1ZRK8,CONTAM:top_1000_mus,top 1000 Mus,contaminants,abundant_proteome,Igkc,Mus musculus (Mouse)
A0A0R4J0S2,CONTAM:top_1000_mus,top 1000 Mus,contaminants,abundant_proteome,Igfals,Mus musculus (Mouse)
Q07113,CONTAM:top_1000_mus,top 1000 Mus,contaminants,abundant_proteome,Igf2r,Mus musculus (Mouse)
P70404,CONTAM:top_1000_mus,top 1000 Mus,contaminants,abundant_proteome,Idh3g,Mus musculus (Mouse)
Q91VA7,CONTAM:top_1000_mus,top 1000 Mus,contaminants,abundant_proteome,Idh3b,Mus musculus (Mouse)
P54071,CONTAM:top_1000_mus,top 1000 Mus,contaminants,abundant_proteome,Idh2,Mus musculus (Mouse)
O88844,CONTAM:top_1000_mus,top 1000 Mus,contaminants,abundant_proteome,Idh1,Mus musculus (Mouse)
Q8BIJ6,CONTAM:top_1000_mus,top 1000 Mus,contaminants,abundant_proteome,Iars2,Mus musculus (Mouse)
Q9JKR6,CONTAM:top_1000_mus,top 1000 Mus,contaminants,abundant_proteome,Hyou1,Mus musculus (Mouse)
B1B0C7,CONTAM:top_1000_mus,top 1000 Mus,contaminants,abundant_proteome,Hspg2,Mus musculus (Mouse)
P63038,CONTAM:top_1000_mus,top 1000 Mus,contaminants,abundant_proteome,Hspd1,Mus musculus (Mouse)
P14602,CONTAM:top_1000_mus,top 1000 Mus,contaminants,abundant_proteome,Hspb1,Mus musculus (Mouse)
P38647,CONTAM:top_1000_mus,top 1000 Mus,contaminants,abundant_proteome,Hspa9,Mus musculus (Mouse)
P63017,CONTAM:top_1000_mus,top 1000 Mus,contaminants,abundant_proteome,Hspa8,Mus musculus (Mouse)
P20029,CONTAM:top_1000_mus,top 1000 Mus,contaminants,abundant_proteome,Hspa5,Mus musculus (Mouse)
Q3U2G2,CONTAM:top_1000_mus,top 1000 Mus,contaminants,abundant_proteome,Hspa4,Mus musculus (Mouse)
P16627,CONTAM:top_1000_mus,top 1000 Mus,contaminants,abundant_proteome,Hspa1l,Mus musculus (Mouse)
P08113,CONTAM:top_1000_mus,top 1000 Mus,contaminants,abundant_proteome,Hsp90b1,Mus musculus (Mouse)
P11499,CONTAM:top_1000_mus,top 1000 Mus,contaminants,abundant_proteome,Hsp90ab1,Mus musculus (Mouse)
P07901,CONTAM:top_1000_mus,top 1000 Mus,contaminants,abundant_proteome,Hsp90aa1,Mus musculus (Mouse)
P51660,CONTAM:top_1000_mus,top 1000 Mus,contaminants,abundant_proteome,Hsd17b4,Mus musculus (Mouse)
O70503,CONTAM:top_1000_mus,top 1000 Mus,contaminants,abundant_proteome,Hsd17b12,Mus musculus (Mouse)
Q99N15,CONTAM:top_1000_mus,top 1000 Mus,contaminants,abundant_proteome,Hsd17b10,Mus musculus (Mouse)
A0A0R4J039,CONTAM:top_1000_mus,top 1000 Mus,contaminants,abundant_proteome,Hrg,Mus musculus (Mouse)
Q91X72,CONTAM:top_1000_mus,top 1000 Mus,contaminants,abundant_proteome,Hpx,Mus musculus (Mouse)
P00493,CONTAM:top_1000_mus,top 1000 Mus,contaminants,abundant_proteome,Hprt1,Mus musculus (Mouse)
Q61646,CONTAM:top_1000_mus,top 1000 Mus,contaminants,abundant_proteome,Hp,Mus musculus (Mouse)
Q00PI9,CONTAM:top_1000_mus,top 1000 Mus,contaminants,abundant_proteome,Hnrnpul2,Mus musculus (Mouse)
Q8VDM6,CONTAM:top_1000_mus,top 1000 Mus,contaminants,abundant_proteome,Hnrnpul1,Mus musculus (Mouse)
Q8VEK3,CONTAM:top_1000_mus,top 1000 Mus,contaminants,abundant_proteome,Hnrnpu,Mus musculus (Mouse)
Q9D0E1,CONTAM:top_1000_mus,top 1000 Mus,contaminants,abundant_proteome,Hnrnpm,Mus musculus (Mouse)
Q8R081,CONTAM:top_1000_mus,top 1000 Mus,contaminants,abundant_proteome,Hnrnpl,Mus musculus (Mouse)
P61979,CONTAM:top_1000_mus,top 1000 Mus,contaminants,abundant_proteome,Hnrnpk,Mus musculus (Mouse)
P70333,CONTAM:top_1000_mus,top 1000 Mus,contaminants,abundant_proteome,Hnrnph2,Mus musculus (Mouse)
O35737,CONTAM:top_1000_mus,top 1000 Mus,contaminants,abundant_proteome,Hnrnph1,Mus musculus (Mouse)
Q9Z2X1,CONTAM:top_1000_mus,top 1000 Mus,contaminants,abundant_proteome,Hnrnpf,Mus musculus (Mouse)
G5E8G0,CONTAM:top_1000_mus,top 1000 Mus,contaminants,abundant_proteome,Hnrnpd,Mus musculus (Mouse)
Q9Z204,CONTAM:top_1000_mus,top 1000 Mus,contaminants,abundant_proteome,Hnrnpc,Mus musculus (Mouse)
Q99020,CONTAM:top_1000_mus,top 1000 Mus,contaminants,abundant_proteome,Hnrnpab,Mus musculus (Mouse)
O88569,CONTAM:top_1000_mus,top 1000 Mus,contaminants,abundant_proteome,Hnrnpa2b1,Mus musculus (Mouse)
P49312,CONTAM:top_1000_mus,top 1000 Mus,contaminants,abundant_proteome,Hnrnpa1,Mus musculus (Mouse)
Q9CX86,CONTAM:top_1000_mus,top 1000 Mus,contaminants,abundant_proteome,Hnrnpa0,Mus musculus (Mouse)
P38060,CONTAM:top_1000_mus,top 1000 Mus,contaminants,abundant_proteome,Hmgcl,Mus musculus (Mouse)
P17710,CONTAM:top_1000_mus,top 1000 Mus,contaminants,abundant_proteome,Hk1,Mus musculus (Mouse)
C0HKE9,CONTAM:top_1000_mus,top 1000 Mus,contaminants,abundant_proteome,Hist1h2ap,Mus musculus (Mouse)
C0HKE8,CONTAM:top_1000_mus,top 1000 Mus,contaminants,abundant_proteome,Hist1h2ao,Mus musculus (Mouse)
C0HKE7,CONTAM:top_1000_mus,top 1000 Mus,contaminants,abundant_proteome,Hist1h2an,Mus musculus (Mouse)
Q9D0S9,CONTAM:top_1000_mus,top 1000 Mus,contaminants,abundant_proteome,Hint2,Mus musculus (Mouse)
P70349,CONTAM:top_1000_mus,top 1000 Mus,contaminants,abundant_proteome,Hint1,Mus musculus (Mouse)
Q8QZS1,CONTAM:top_1000_mus,top 1000 Mus,contaminants,abundant_proteome,Hibch,Mus musculus (Mouse)
Q99L13,CONTAM:top_1000_mus,top 1000 Mus,contaminants,abundant_proteome,Hibadh,Mus musculus (Mouse)
Q9R098,CONTAM:top_1000_mus,top 1000 Mus,contaminants,abundant_proteome,Hgfac,Mus musculus (Mouse)
Q8VDJ3,CONTAM:top_1000_mus,top 1000 Mus,contaminants,abundant_proteome,Hdlbp,Mus musculus (Mouse)
P51859,CONTAM:top_1000_mus,top 1000 Mus,contaminants,abundant_proteome,Hdgf,Mus musculus (Mouse)
A8DUK4,CONTAM:top_1000_mus,top 1000 Mus,contaminants,abundant_proteome,Hbb-bs,Mus musculus (Mouse)
Q91VB8,CONTAM:top_1000_mus,top 1000 Mus,contaminants,abundant_proteome,Hba-a1,Mus musculus (Mouse)
Q99JY0,CONTAM:top_1000_mus,top 1000 Mus,contaminants,abundant_proteome,Hadhb,Mus musculus (Mouse)
Q61425,CONTAM:top_1000_mus,top 1000 Mus,contaminants,abundant_proteome,Hadh,Mus musculus (Mouse)
P84228,CONTAM:top_1000_mus,top 1000 Mus,contaminants,abundant_proteome,H3c2;H3c3;H3c4;H3c6;H3c7;H3c13;H3c14;H3c15,Mus musculus (Mouse)
P01898,CONTAM:top_1000_mus,top 1000 Mus,contaminants,abundant_proteome,H2-Q10,Mus musculus (Mouse)
P10853,CONTAM:top_1000_mus,top 1000 Mus,contaminants,abundant_proteome,H2bc7;H2bc11;H2bc13;H2bc15,Mus musculus (Mouse)
Q3THW5,CONTAM:top_1000_mus,top 1000 Mus,contaminants,abundant_proteome,H2az2,Mus musculus (Mouse)
Q8R1M2,CONTAM:top_1000_mus,top 1000 Mus,contaminants,abundant_proteome,H2aj,Mus musculus (Mouse)
C0HKE4,CONTAM:top_1000_mus,top 1000 Mus,contaminants,abundant_proteome,H2ac8,Mus musculus (Mouse)
C0HKE3,CONTAM:top_1000_mus,top 1000 Mus,contaminants,abundant_proteome,H2ac7,Mus musculus (Mouse)
C0HKE2,CONTAM:top_1000_mus,top 1000 Mus,contaminants,abundant_proteome,H2ac6,Mus musculus (Mouse)
C0HKE1,CONTAM:top_1000_mus,top 1000 Mus,contaminants,abundant_proteome,H2ac4,Mus musculus (Mouse)
C0HKE6,CONTAM:top_1000_mus,top 1000 Mus,contaminants,abundant_proteome,H2ac13,Mus musculus (Mouse)
C0HKE5,CONTAM:top_1000_mus,top 1000 Mus,contaminants,abundant_proteome,H2ac11,Mus musculus (Mouse)
P43276,CONTAM:top_1000_mus,top 1000 Mus,contaminants,abundant_proteome,H1-5,Mus musculus (Mouse)
P43274,CONTAM:top_1000_mus,top 1000 Mus,contaminants,abundant_proteome,H1-4,Mus musculus (Mouse)
P43277,CONTAM:top_1000_mus,top 1000 Mus,contaminants,abundant_proteome,H1-3,Mus musculus (Mouse)
P15864,CONTAM:top_1000_mus,top 1000 Mus,contaminants,abundant_proteome,H1-2,Mus musculus (Mouse)
Q9WVL0,CONTAM:top_1000_mus,top 1000 Mus,contaminants,abundant_proteome,Gstz1,Mus musculus (Mouse)
P10649,CONTAM:top_1000_mus,top 1000 Mus,contaminants,abundant_proteome,Gstm1,Mus musculus (Mouse)
P13020,CONTAM:top_1000_mus,top 1000 Mus,contaminants,abundant_proteome,Gsn,Mus musculus (Mouse)
Q9WV60,CONTAM:top_1000_mus,top 1000 Mus,contaminants,abundant_proteome,Gsk3b,Mus musculus (Mouse)
Q99LP6,CONTAM:top_1000_mus,top 1000 Mus,contaminants,abundant_proteome,Grpel1,Mus musculus (Mouse)
Q3U9N4,CONTAM:top_1000_mus,top 1000 Mus,contaminants,abundant_proteome,Grn,Mus musculus (Mouse)
Q91Z53,CONTAM:top_1000_mus,top 1000 Mus,contaminants,abundant_proteome,Grhpr,Mus musculus (Mouse)
P46412,CONTAM:top_1000_mus,top 1000 Mus,contaminants,abundant_proteome,Gpx3,Mus musculus (Mouse)
P11352,CONTAM:top_1000_mus,top 1000 Mus,contaminants,abundant_proteome,Gpx1,Mus musculus (Mouse)
Q8VCU2,CONTAM:top_1000_mus,top 1000 Mus,contaminants,abundant_proteome,Gpld1,Mus musculus (Mouse)
P06745,CONTAM:top_1000_mus,top 1000 Mus,contaminants,abundant_proteome,Gpi,Mus musculus (Mouse)
A2AQR0,CONTAM:top_1000_mus,top 1000 Mus,contaminants,abundant_proteome,Gpd2,Mus musculus (Mouse)
P13707,CONTAM:top_1000_mus,top 1000 Mus,contaminants,abundant_proteome,Gpd1,Mus musculus (Mouse)
P05202,CONTAM:top_1000_mus,top 1000 Mus,contaminants,abundant_proteome,Got2,Mus musculus (Mouse)
P05201,CONTAM:top_1000_mus,top 1000 Mus,contaminants,abundant_proteome,Got1,Mus musculus (Mouse)
P62880,CONTAM:top_1000_mus,top 1000 Mus,contaminants,abundant_proteome,Gnb2,Mus musculus (Mouse)
P62874,CONTAM:top_1000_mus,top 1000 Mus,contaminants,abundant_proteome,Gnb1,Mus musculus (Mouse)
P08752,CONTAM:top_1000_mus,top 1000 Mus,contaminants,abundant_proteome,Gnai2,Mus musculus (Mouse)
A0A1C7CYU8,CONTAM:top_1000_mus,top 1000 Mus,contaminants,abundant_proteome,Gm45753,Mus musculus (Mouse)
Q60648,CONTAM:top_1000_mus,top 1000 Mus,contaminants,abundant_proteome,Gm2a,Mus musculus (Mouse)
P15105,CONTAM:top_1000_mus,top 1000 Mus,contaminants,abundant_proteome,Glul,Mus musculus (Mouse)
P26443,CONTAM:top_1000_mus,top 1000 Mus,contaminants,abundant_proteome,Glud1,Mus musculus (Mouse)
D3Z7P3,CONTAM:top_1000_mus,top 1000 Mus,contaminants,abundant_proteome,Gls,Mus musculus (Mouse)
Q80Y14,CONTAM:top_1000_mus,top 1000 Mus,contaminants,abundant_proteome,Glrx5,Mus musculus (Mouse)
Q9CPV4,CONTAM:top_1000_mus,top 1000 Mus,contaminants,abundant_proteome,Glod4,Mus musculus (Mouse)
A0A494B970,CONTAM:top_1000_mus,top 1000 Mus,contaminants,abundant_proteome,Glo1,Mus musculus (Mouse)
Q61598,CONTAM:top_1000_mus,top 1000 Mus,contaminants,abundant_proteome,Gdi2,Mus musculus (Mouse)
P50396,CONTAM:top_1000_mus,top 1000 Mus,contaminants,abundant_proteome,Gdi1,Mus musculus (Mouse)
P21614,CONTAM:top_1000_mus,top 1000 Mus,contaminants,abundant_proteome,Gc,Mus musculus (Mouse)
Q9D172,CONTAM:top_1000_mus,top 1000 Mus,contaminants,abundant_proteome,Gatd3,Mus musculus (Mouse)
Q9CZD3,CONTAM:top_1000_mus,top 1000 Mus,contaminants,abundant_proteome,Gars1,Mus musculus (Mouse)
P16858,CONTAM:top_1000_mus,top 1000 Mus,contaminants,abundant_proteome,Gapdh,Mus musculus (Mouse)
P97855,CONTAM:top_1000_mus,top 1000 Mus,contaminants,abundant_proteome,G3bp1,Mus musculus (Mouse)
Q8CFQ9,CONTAM:top_1000_mus,top 1000 Mus,contaminants,abundant_proteome,Fus,Mus musculus (Mouse)
Q9CPX4,CONTAM:top_1000_mus,top 1000 Mus,contaminants,abundant_proteome,Ftl1,Mus musculus (Mouse)
P09528,CONTAM:top_1000_mus,top 1000 Mus,contaminants,abundant_proteome,Fth1,Mus musculus (Mouse)
Q61553,CONTAM:top_1000_mus,top 1000 Mus,contaminants,abundant_proteome,Fscn1,Mus musculus (Mouse)
P11276,CONTAM:top_1000_mus,top 1000 Mus,contaminants,abundant_proteome,Fn1,Mus musculus (Mouse)
Q80X90,CONTAM:top_1000_mus,top 1000 Mus,contaminants,abundant_proteome,Flnb,Mus musculus (Mouse)
B7FAU9,CONTAM:top_1000_mus,top 1000 Mus,contaminants,abundant_proteome,Flna,Mus musculus (Mouse)
Q8BTM8,CONTAM:top_1000_mus,top 1000 Mus,contaminants,abundant_proteome,Flna,Mus musculus (Mouse)
P30416,CONTAM:top_1000_mus,top 1000 Mus,contaminants,abundant_proteome,Fkbp4,Mus musculus (Mouse)
P45878,CONTAM:top_1000_mus,top 1000 Mus,contaminants,abundant_proteome,Fkbp2,Mus musculus (Mouse)
P97447,CONTAM:top_1000_mus,top 1000 Mus,contaminants,abundant_proteome,Fhl1,Mus musculus (Mouse)
P97807,CONTAM:top_1000_mus,top 1000 Mus,contaminants,abundant_proteome,Fh,Mus musculus (Mouse)
Q8VCM7,CONTAM:top_1000_mus,top 1000 Mus,contaminants,abundant_proteome,Fgg,Mus musculus (Mouse)
Q8K0E8,CONTAM:top_1000_mus,top 1000 Mus,contaminants,abundant_proteome,Fgb,Mus musculus (Mouse)
E9PV24,CONTAM:top_1000_mus,top 1000 Mus,contaminants,abundant_proteome,Fga,Mus musculus (Mouse)
Q9QXC1,CONTAM:top_1000_mus,top 1000 Mus,contaminants,abundant_proteome,Fetub,Mus musculus (Mouse)
Q920E5,CONTAM:top_1000_mus,top 1000 Mus,contaminants,abundant_proteome,Fdps,Mus musculus (Mouse)
O70165,CONTAM:top_1000_mus,top 1000 Mus,contaminants,abundant_proteome,Fcn1,Mus musculus (Mouse)
Q61554,CONTAM:top_1000_mus,top 1000 Mus,contaminants,abundant_proteome,Fbn1,Mus musculus (Mouse)
Q08879,CONTAM:top_1000_mus,top 1000 Mus,contaminants,abundant_proteome,Fbln1,Mus musculus (Mouse)
P19096,CONTAM:top_1000_mus,top 1000 Mus,contaminants,abundant_proteome,Fasn,Mus musculus (Mouse)
Q8C0C7,CONTAM:top_1000_mus,top 1000 Mus,contaminants,abundant_proteome,Farsa,Mus musculus (Mouse)
P35505,CONTAM:top_1000_mus,top 1000 Mus,contaminants,abundant_proteome,Fah,Mus musculus (Mouse)
Q05816,CONTAM:top_1000_mus,top 1000 Mus,contaminants,abundant_proteome,Fabp5,Mus musculus (Mouse)
P04117,CONTAM:top_1000_mus,top 1000 Mus,contaminants,abundant_proteome,Fabp4,Mus musculus (Mouse)
P11404,CONTAM:top_1000_mus,top 1000 Mus,contaminants,abundant_proteome,Fabp3,Mus musculus (Mouse)
O88783,CONTAM:top_1000_mus,top 1000 Mus,contaminants,abundant_proteome,F5,Mus musculus (Mouse)
P19221,CONTAM:top_1000_mus,top 1000 Mus,contaminants,abundant_proteome,F2,Mus musculus (Mouse)
Q07968,CONTAM:top_1000_mus,top 1000 Mus,contaminants,abundant_proteome,F13b,Mus musculus (Mouse)
Q8BH61,CONTAM:top_1000_mus,top 1000 Mus,contaminants,abundant_proteome,F13a1,Mus musculus (Mouse)
Q80YC5,CONTAM:top_1000_mus,top 1000 Mus,contaminants,abundant_proteome,F12,Mus musculus (Mouse)
O88947,CONTAM:top_1000_mus,top 1000 Mus,contaminants,abundant_proteome,F10,Mus musculus (Mouse)
P26040,CONTAM:top_1000_mus,top 1000 Mus,contaminants,abundant_proteome,Ezr,Mus musculus (Mouse)
Q9DCW4,CONTAM:top_1000_mus,top 1000 Mus,contaminants,abundant_proteome,Etfb,Mus musculus (Mouse)
Q99LC5,CONTAM:top_1000_mus,top 1000 Mus,contaminants,abundant_proteome,Etfa,Mus musculus (Mouse)
Q3U7R1,CONTAM:top_1000_mus,top 1000 Mus,contaminants,abundant_proteome,Esyt1,Mus musculus (Mouse)
Q9R0P3,CONTAM:top_1000_mus,top 1000 Mus,contaminants,abundant_proteome,Esd,Mus musculus (Mouse)
Q9D1Q6,CONTAM:top_1000_mus,top 1000 Mus,contaminants,abundant_proteome,Erp44,Mus musculus (Mouse)
P84089,CONTAM:top_1000_mus,top 1000 Mus,contaminants,abundant_proteome,Erh,Mus musculus (Mouse)
Q8CGC7,CONTAM:top_1000_mus,top 1000 Mus,contaminants,abundant_proteome,Eprs1,Mus musculus (Mouse)
P34914,CONTAM:top_1000_mus,top 1000 Mus,contaminants,abundant_proteome,Ephx2,Mus musculus (Mouse)
P21550,CONTAM:top_1000_mus,top 1000 Mus,contaminants,abundant_proteome,Eno3,Mus musculus (Mouse)
P17182,CONTAM:top_1000_mus,top 1000 Mus,contaminants,abundant_proteome,Eno1,Mus musculus (Mouse)
Q05D44,CONTAM:top_1000_mus,top 1000 Mus,contaminants,abundant_proteome,Eif5b,Mus musculus (Mouse)
P63242,CONTAM:top_1000_mus,top 1000 Mus,contaminants,abundant_proteome,Eif5a,Mus musculus (Mouse)
Q9WUK2,CONTAM:top_1000_mus,top 1000 Mus,contaminants,abundant_proteome,Eif4h,Mus musculus (Mouse)
Q6NZJ6,CONTAM:top_1000_mus,top 1000 Mus,contaminants,abundant_proteome,Eif4g1,Mus musculus (Mouse)
Q91VC3,CONTAM:top_1000_mus,top 1000 Mus,contaminants,abundant_proteome,Eif4a3,Mus musculus (Mouse)
Q8BTU6,CONTAM:top_1000_mus,top 1000 Mus,contaminants,abundant_proteome,Eif4a2,Mus musculus (Mouse)
K3W4Q6,CONTAM:top_1000_mus,top 1000 Mus,contaminants,abundant_proteome,Eif4a1,Mus musculus (Mouse)
Q91WK2,CONTAM:top_1000_mus,top 1000 Mus,contaminants,abundant_proteome,Eif3h,Mus musculus (Mouse)
Q9Z1D1,CONTAM:top_1000_mus,top 1000 Mus,contaminants,abundant_proteome,Eif3g,Mus musculus (Mouse)
Q9DCH4,CONTAM:top_1000_mus,top 1000 Mus,contaminants,abundant_proteome,Eif3f,Mus musculus (Mouse)
P60229,CONTAM:top_1000_mus,top 1000 Mus,contaminants,abundant_proteome,Eif3e,Mus musculus (Mouse)
Q8R1B4,CONTAM:top_1000_mus,top 1000 Mus,contaminants,abundant_proteome,Eif3c,Mus musculus (Mouse)
Q8JZQ9,CONTAM:top_1000_mus,top 1000 Mus,contaminants,abundant_proteome,Eif3b,Mus musculus (Mouse)
P23116,CONTAM:top_1000_mus,top 1000 Mus,contaminants,abundant_proteome,Eif3a,Mus musculus (Mouse)
Q9Z0N1,CONTAM:top_1000_mus,top 1000 Mus,contaminants,abundant_proteome,Eif2s3x,Mus musculus (Mouse)
Q6ZWX6,CONTAM:top_1000_mus,top 1000 Mus,contaminants,abundant_proteome,Eif2s1,Mus musculus (Mouse)
Q9DBM2,CONTAM:top_1000_mus,top 1000 Mus,contaminants,abundant_proteome,Ehhadh,Mus musculus (Mouse)
Q01279,CONTAM:top_1000_mus,top 1000 Mus,contaminants,abundant_proteome,Egfr,Mus musculus (Mouse)
O08810,CONTAM:top_1000_mus,top 1000 Mus,contaminants,abundant_proteome,Eftud2,Mus musculus (Mouse)
P58252,CONTAM:top_1000_mus,top 1000 Mus,contaminants,abundant_proteome,Eef2,Mus musculus (Mouse)
Q9D8N0,CONTAM:top_1000_mus,top 1000 Mus,contaminants,abundant_proteome,Eef1g,Mus musculus (Mouse)
A0A0R4J1L2,CONTAM:top_1000_mus,top 1000 Mus,contaminants,abundant_proteome,Eef1d,Mus musculus (Mouse)
P62631,CONTAM:top_1000_mus,top 1000 Mus,contaminants,abundant_proteome,Eef1a2,Mus musculus (Mouse)
P10126,CONTAM:top_1000_mus,top 1000 Mus,contaminants,abundant_proteome,Eef1a1,Mus musculus (Mouse)
F8WI14,CONTAM:top_1000_mus,top 1000 Mus,contaminants,abundant_proteome,Ecm1,Mus musculus (Mouse)
A0A452J8A5,CONTAM:top_1000_mus,top 1000 Mus,contaminants,abundant_proteome,Eci1,Mus musculus (Mouse)
Q8BH95,CONTAM:top_1000_mus,top 1000 Mus,contaminants,abundant_proteome,Echs1,Mus musculus (Mouse)
O35459,CONTAM:top_1000_mus,top 1000 Mus,contaminants,abundant_proteome,Ech1,Mus musculus (Mouse)
Q8R1Q8,CONTAM:top_1000_mus,top 1000 Mus,contaminants,abundant_proteome,Dync1li1,Mus musculus (Mouse)
Q9JHU4,CONTAM:top_1000_mus,top 1000 Mus,contaminants,abundant_proteome,Dync1h1,Mus musculus (Mouse)
Q9R0P5,CONTAM:top_1000_mus,top 1000 Mus,contaminants,abundant_proteome,Dstn,Mus musculus (Mouse)
O08553,CONTAM:top_1000_mus,top 1000 Mus,contaminants,abundant_proteome,Dpysl2,Mus musculus (Mouse)
Q99KV1,CONTAM:top_1000_mus,top 1000 Mus,contaminants,abundant_proteome,Dnajb11,Mus musculus (Mouse)
Q9QYJ0,CONTAM:top_1000_mus,top 1000 Mus,contaminants,abundant_proteome,Dnaja2,Mus musculus (Mouse)
P63037,CONTAM:top_1000_mus,top 1000 Mus,contaminants,abundant_proteome,Dnaja1,Mus musculus (Mouse)
Q9D2G2,CONTAM:top_1000_mus,top 1000 Mus,contaminants,abundant_proteome,Dlst,Mus musculus (Mouse)
O08749,CONTAM:top_1000_mus,top 1000 Mus,contaminants,abundant_proteome,Dld,Mus musculus (Mouse)
Q8BMF4,CONTAM:top_1000_mus,top 1000 Mus,contaminants,abundant_proteome,Dlat,Mus musculus (Mouse)
E9QNN1,CONTAM:top_1000_mus,top 1000 Mus,contaminants,abundant_proteome,Dhx9,Mus musculus (Mouse)
Q99L04,CONTAM:top_1000_mus,top 1000 Mus,contaminants,abundant_proteome,Dhrs1,Mus musculus (Mouse)
P31001,CONTAM:top_1000_mus,top 1000 Mus,contaminants,abundant_proteome,Des,Mus musculus (Mouse)
Q9CQ62,CONTAM:top_1000_mus,top 1000 Mus,contaminants,abundant_proteome,Decr1,Mus musculus (Mouse)
Q8BTS0,CONTAM:top_1000_mus,top 1000 Mus,contaminants,abundant_proteome,Ddx5,Mus musculus (Mouse)
Q62167,CONTAM:top_1000_mus,top 1000 Mus,contaminants,abundant_proteome,Ddx3x,Mus musculus (Mouse)
Q9Z1N5,CONTAM:top_1000_mus,top 1000 Mus,contaminants,abundant_proteome,Ddx39b,Mus musculus (Mouse)
Q9JIK5,CONTAM:top_1000_mus,top 1000 Mus,contaminants,abundant_proteome,Ddx21,Mus musculus (Mouse)
Q3U741,CONTAM:top_1000_mus,top 1000 Mus,contaminants,abundant_proteome,Ddx17,Mus musculus (Mouse)
Q91VR5,CONTAM:top_1000_mus,top 1000 Mus,contaminants,abundant_proteome,Ddx1,Mus musculus (Mouse)
O35215,CONTAM:top_1000_mus,top 1000 Mus,contaminants,abundant_proteome,Ddt,Mus musculus (Mouse)
O54734,CONTAM:top_1000_mus,top 1000 Mus,contaminants,abundant_proteome,Ddost,Mus musculus (Mouse)
Q3U1J4,CONTAM:top_1000_mus,top 1000 Mus,contaminants,abundant_proteome,Ddb1,Mus musculus (Mouse)
Q99KJ8,CONTAM:top_1000_mus,top 1000 Mus,contaminants,abundant_proteome,Dctn2,Mus musculus (Mouse)
P53395,CONTAM:top_1000_mus,top 1000 Mus,contaminants,abundant_proteome,Dbt,Mus musculus (Mouse)
P31786,CONTAM:top_1000_mus,top 1000 Mus,contaminants,abundant_proteome,Dbi,Mus musculus (Mouse)
Q922B2,CONTAM:top_1000_mus,top 1000 Mus,contaminants,abundant_proteome,Dars1,Mus musculus (Mouse)
Q05421,CONTAM:top_1000_mus,top 1000 Mus,contaminants,abundant_proteome,Cyp2e1,Mus musculus (Mouse)
P62897,CONTAM:top_1000_mus,top 1000 Mus,contaminants,abundant_proteome,Cycs,Mus musculus (Mouse)
Q9D0M3,CONTAM:top_1000_mus,top 1000 Mus,contaminants,abundant_proteome,Cyc1,Mus musculus (Mouse)
Q9DCN2,CONTAM:top_1000_mus,top 1000 Mus,contaminants,abundant_proteome,Cyb5r3,Mus musculus (Mouse)
Q9CQX2,CONTAM:top_1000_mus,top 1000 Mus,contaminants,abundant_proteome,Cyb5b,Mus musculus (Mouse)
G5E850,CONTAM:top_1000_mus,top 1000 Mus,contaminants,abundant_proteome,Cyb5a,Mus musculus (Mouse)
Q60598,CONTAM:top_1000_mus,top 1000 Mus,contaminants,abundant_proteome,Cttn,Mus musculus (Mouse)
Q9WUU7,CONTAM:top_1000_mus,top 1000 Mus,contaminants,abundant_proteome,Ctsz,Mus musculus (Mouse)
F8WIR1,CONTAM:top_1000_mus,top 1000 Mus,contaminants,abundant_proteome,Ctsd,Mus musculus (Mouse)
P10605,CONTAM:top_1000_mus,top 1000 Mus,contaminants,abundant_proteome,Ctsb,Mus musculus (Mouse)
Q02248,CONTAM:top_1000_mus,top 1000 Mus,contaminants,abundant_proteome,Ctnnb1,Mus musculus (Mouse)
P26231,CONTAM:top_1000_mus,top 1000 Mus,contaminants,abundant_proteome,Ctnna1,Mus musculus (Mouse)
P21460,CONTAM:top_1000_mus,top 1000 Mus,contaminants,abundant_proteome,Cst3,Mus musculus (Mouse)
P97315,CONTAM:top_1000_mus,top 1000 Mus,contaminants,abundant_proteome,Csrp1,Mus musculus (Mouse)
Q80X68,CONTAM:top_1000_mus,top 1000 Mus,contaminants,abundant_proteome,Csl,Mus musculus (Mouse)
P09581,CONTAM:top_1000_mus,top 1000 Mus,contaminants,abundant_proteome,Csf1r,Mus musculus (Mouse)
Q9ERK4,CONTAM:top_1000_mus,top 1000 Mus,contaminants,abundant_proteome,Cse1l,Mus musculus (Mouse)
Q9DBE0,CONTAM:top_1000_mus,top 1000 Mus,contaminants,abundant_proteome,Csad,Mus musculus (Mouse)
Q9CZU6,CONTAM:top_1000_mus,top 1000 Mus,contaminants,abundant_proteome,Cs,Mus musculus (Mouse)
Q9DCT8,CONTAM:top_1000_mus,top 1000 Mus,contaminants,abundant_proteome,Crip2,Mus musculus (Mouse)
P52825,CONTAM:top_1000_mus,top 1000 Mus,contaminants,abundant_proteome,Cpt2,Mus musculus (Mouse)
Q6NVF9,CONTAM:top_1000_mus,top 1000 Mus,contaminants,abundant_proteome,Cpsf6,Mus musculus (Mouse)
Q8C196,CONTAM:top_1000_mus,top 1000 Mus,contaminants,abundant_proteome,Cps1,Mus musculus (Mouse)
Q9WVJ3,CONTAM:top_1000_mus,top 1000 Mus,contaminants,abundant_proteome,Cpq,Mus musculus (Mouse)
Q9DBB9,CONTAM:top_1000_mus,top 1000 Mus,contaminants,abundant_proteome,Cpn2,Mus musculus (Mouse)
Q9JJN5,CONTAM:top_1000_mus,top 1000 Mus,contaminants,abundant_proteome,Cpn1,Mus musculus (Mouse)
Q9JHH6,CONTAM:top_1000_mus,top 1000 Mus,contaminants,abundant_proteome,Cpb2,Mus musculus (Mouse)
E9PZD8,CONTAM:top_1000_mus,top 1000 Mus,contaminants,abundant_proteome,Cp,Mus musculus (Mouse)
Q61147,CONTAM:top_1000_mus,top 1000 Mus,contaminants,abundant_proteome,Cp,Mus musculus (Mouse)
P56391,CONTAM:top_1000_mus,top 1000 Mus,contaminants,abundant_proteome,Cox6b1,Mus musculus (Mouse)
P43024,CONTAM:top_1000_mus,top 1000 Mus,contaminants,abundant_proteome,Cox6a1,Mus musculus (Mouse)
Q9DCW5,CONTAM:top_1000_mus,top 1000 Mus,contaminants,abundant_proteome,Cox6a1,Mus musculus (Mouse)
Q9D881,CONTAM:top_1000_mus,top 1000 Mus,contaminants,abundant_proteome,Cox5b-ps,Mus musculus (Mouse)
P12787,CONTAM:top_1000_mus,top 1000 Mus,contaminants,abundant_proteome,Cox5a,Mus musculus (Mouse)
P19783,CONTAM:top_1000_mus,top 1000 Mus,contaminants,abundant_proteome,Cox4i1,Mus musculus (Mouse)
Q9WUM4,CONTAM:top_1000_mus,top 1000 Mus,contaminants,abundant_proteome,Coro1c,Mus musculus (Mouse)
O89053,CONTAM:top_1000_mus,top 1000 Mus,contaminants,abundant_proteome,Coro1a,Mus musculus (Mouse)
Q8K1Z0,CONTAM:top_1000_mus,top 1000 Mus,contaminants,abundant_proteome,Coq9,Mus musculus (Mouse)
P61924,CONTAM:top_1000_mus,top 1000 Mus,contaminants,abundant_proteome,Copz1,Mus musculus (Mouse)
O89079,CONTAM:top_1000_mus,top 1000 Mus,contaminants,abundant_proteome,Cope,Mus musculus (Mouse)
O55029,CONTAM:top_1000_mus,top 1000 Mus,contaminants,abundant_proteome,Copb2,Mus musculus (Mouse)
Q9JIF7,CONTAM:top_1000_mus,top 1000 Mus,contaminants,abundant_proteome,Copb1,Mus musculus (Mouse)
F8WHL2,CONTAM:top_1000_mus,top 1000 Mus,contaminants,abundant_proteome,Copa,Mus musculus (Mouse)
O88587,CONTAM:top_1000_mus,top 1000 Mus,contaminants,abundant_proteome,Comt,Mus musculus (Mouse)
Q01149,CONTAM:top_1000_mus,top 1000 Mus,contaminants,abundant_proteome,Col1a2,Mus musculus (Mouse)
P11087,CONTAM:top_1000_mus,top 1000 Mus,contaminants,abundant_proteome,Col1a1,Mus musculus (Mouse)
Q9QXT0,CONTAM:top_1000_mus,top 1000 Mus,contaminants,abundant_proteome,Cnpy2,Mus musculus (Mouse)
Q9D1A2,CONTAM:top_1000_mus,top 1000 Mus,contaminants,abundant_proteome,Cndp2,Mus musculus (Mouse)
Q06890,CONTAM:top_1000_mus,top 1000 Mus,contaminants,abundant_proteome,Clu,Mus musculus (Mouse)
Q5SXR6,CONTAM:top_1000_mus,top 1000 Mus,contaminants,abundant_proteome,Cltc,Mus musculus (Mouse)
Q9Z1Q5,CONTAM:top_1000_mus,top 1000 Mus,contaminants,abundant_proteome,Clic1,Mus musculus (Mouse)
Q6P8J7,CONTAM:top_1000_mus,top 1000 Mus,contaminants,abundant_proteome,Ckmt2,Mus musculus (Mouse)
P30275,CONTAM:top_1000_mus,top 1000 Mus,contaminants,abundant_proteome,Ckmt1,Mus musculus (Mouse)
A0A0J9YKD4,CONTAM:top_1000_mus,top 1000 Mus,contaminants,abundant_proteome,Ckm,Mus musculus (Mouse)
Q04447,CONTAM:top_1000_mus,top 1000 Mus,contaminants,abundant_proteome,Ckb,Mus musculus (Mouse)
Q8BMK4,CONTAM:top_1000_mus,top 1000 Mus,contaminants,abundant_proteome,Ckap4,Mus musculus (Mouse)
Q91WS0,CONTAM:top_1000_mus,top 1000 Mus,contaminants,abundant_proteome,Cisd1,Mus musculus (Mouse)
Q9CRB9,CONTAM:top_1000_mus,top 1000 Mus,contaminants,abundant_proteome,Chchd3,Mus musculus (Mouse)
P11680,CONTAM:top_1000_mus,top 1000 Mus,contaminants,abundant_proteome,Cfp,Mus musculus (Mouse)
P45591,CONTAM:top_1000_mus,top 1000 Mus,contaminants,abundant_proteome,Cfl2,Mus musculus (Mouse)
Q61129,CONTAM:top_1000_mus,top 1000 Mus,contaminants,abundant_proteome,Cfi,Mus musculus (Mouse)
E9Q8B5,CONTAM:top_1000_mus,top 1000 Mus,contaminants,abundant_proteome,Cfhr4,Mus musculus (Mouse)
P06909,CONTAM:top_1000_mus,top 1000 Mus,contaminants,abundant_proteome,Cfh,Mus musculus (Mouse)
P03953,CONTAM:top_1000_mus,top 1000 Mus,contaminants,abundant_proteome,Cfd,Mus musculus (Mouse)
B8JJM5,CONTAM:top_1000_mus,top 1000 Mus,contaminants,abundant_proteome,Cfb,Mus musculus (Mouse)
Q91WU0,CONTAM:top_1000_mus,top 1000 Mus,contaminants,abundant_proteome,Ces1f,Mus musculus (Mouse)
Q8VCT4,CONTAM:top_1000_mus,top 1000 Mus,contaminants,abundant_proteome,Ces1d,Mus musculus (Mouse)
P23953,CONTAM:top_1000_mus,top 1000 Mus,contaminants,abundant_proteome,Ces1c,Mus musculus (Mouse)
D3Z5G7,CONTAM:top_1000_mus,top 1000 Mus,contaminants,abundant_proteome,Ces1b,Mus musculus (Mouse)
P60766,CONTAM:top_1000_mus,top 1000 Mus,contaminants,abundant_proteome,Cdc42,Mus musculus (Mouse)
Q61081,CONTAM:top_1000_mus,top 1000 Mus,contaminants,abundant_proteome,Cdc37,Mus musculus (Mouse)
P42932,CONTAM:top_1000_mus,top 1000 Mus,contaminants,abundant_proteome,Cct8,Mus musculus (Mouse)
P80313,CONTAM:top_1000_mus,top 1000 Mus,contaminants,abundant_proteome,Cct7,Mus musculus (Mouse)
P80316,CONTAM:top_1000_mus,top 1000 Mus,contaminants,abundant_proteome,Cct5,Mus musculus (Mouse)
G5E839,CONTAM:top_1000_mus,top 1000 Mus,contaminants,abundant_proteome,Cct4,Mus musculus (Mouse)
P80318,CONTAM:top_1000_mus,top 1000 Mus,contaminants,abundant_proteome,Cct3,Mus musculus (Mouse)
P80314,CONTAM:top_1000_mus,top 1000 Mus,contaminants,abundant_proteome,Cct2,Mus musculus (Mouse)
P08074,CONTAM:top_1000_mus,top 1000 Mus,contaminants,abundant_proteome,Cbr2,Mus musculus (Mouse)
P48758,CONTAM:top_1000_mus,top 1000 Mus,contaminants,abundant_proteome,Cbr1,Mus musculus (Mouse)
Q63918,CONTAM:top_1000_mus,top 1000 Mus,contaminants,abundant_proteome,Cavin2,Mus musculus (Mouse)
O54724,CONTAM:top_1000_mus,top 1000 Mus,contaminants,abundant_proteome,Cavin1,Mus musculus (Mouse)
P24270,CONTAM:top_1000_mus,top 1000 Mus,contaminants,abundant_proteome,Cat,Mus musculus (Mouse)
Q8CE80,CONTAM:top_1000_mus,top 1000 Mus,contaminants,abundant_proteome,Cast,Mus musculus (Mouse)
O09165,CONTAM:top_1000_mus,top 1000 Mus,contaminants,abundant_proteome,Casq1,Mus musculus (Mouse)
P47754,CONTAM:top_1000_mus,top 1000 Mus,contaminants,abundant_proteome,Capza2,Mus musculus (Mouse)
Q60865,CONTAM:top_1000_mus,top 1000 Mus,contaminants,abundant_proteome,Caprin1,Mus musculus (Mouse)
Q99LB4,CONTAM:top_1000_mus,top 1000 Mus,contaminants,abundant_proteome,Capg,Mus musculus (Mouse)
P40124,CONTAM:top_1000_mus,top 1000 Mus,contaminants,abundant_proteome,Cap1,Mus musculus (Mouse)
P35564,CONTAM:top_1000_mus,top 1000 Mus,contaminants,abundant_proteome,Canx,Mus musculus (Mouse)
Q6ZQ38,CONTAM:top_1000_mus,top 1000 Mus,contaminants,abundant_proteome,Cand1,Mus musculus (Mouse)
F8WIS9,CONTAM:top_1000_mus,top 1000 Mus,contaminants,abundant_proteome,Camk2a,Mus musculus (Mouse)
O35887,CONTAM:top_1000_mus,top 1000 Mus,contaminants,abundant_proteome,Calu,Mus musculus (Mouse)
P14211,CONTAM:top_1000_mus,top 1000 Mus,contaminants,abundant_proteome,Calr,Mus musculus (Mouse)
P0DP28,CONTAM:top_1000_mus,top 1000 Mus,contaminants,abundant_proteome,Calm3,Mus musculus (Mouse)
P0DP27,CONTAM:top_1000_mus,top 1000 Mus,contaminants,abundant_proteome,Calm2,Mus musculus (Mouse)
P0DP26,CONTAM:top_1000_mus,top 1000 Mus,contaminants,abundant_proteome,Calm1,Mus musculus (Mouse)
P16015,CONTAM:top_1000_mus,top 1000 Mus,contaminants,abundant_proteome,Ca3,Mus musculus (Mouse)
P00920,CONTAM:top_1000_mus,top 1000 Mus,contaminants,abundant_proteome,Ca2,Mus musculus (Mouse)
A0A0R4J032,CONTAM:top_1000_mus,top 1000 Mus,contaminants,abundant_proteome,C9,Mus musculus (Mouse)
P06683,CONTAM:top_1000_mus,top 1000 Mus,contaminants,abundant_proteome,C9,Mus musculus (Mouse)
Q9DAC2,CONTAM:top_1000_mus,top 1000 Mus,contaminants,abundant_proteome,C8g,Mus musculus (Mouse)
Q8BH35,CONTAM:top_1000_mus,top 1000 Mus,contaminants,abundant_proteome,C8b,Mus musculus (Mouse)
A2A997,CONTAM:top_1000_mus,top 1000 Mus,contaminants,abundant_proteome,C8a,Mus musculus (Mouse)
D3YXF5,CONTAM:top_1000_mus,top 1000 Mus,contaminants,abundant_proteome,C7,Mus musculus (Mouse)
E9Q6D8,CONTAM:top_1000_mus,top 1000 Mus,contaminants,abundant_proteome,C6,Mus musculus (Mouse)
P06684,CONTAM:top_1000_mus,top 1000 Mus,contaminants,abundant_proteome,C5,Mus musculus (Mouse)
P08607,CONTAM:top_1000_mus,top 1000 Mus,contaminants,abundant_proteome,C4bpa,Mus musculus (Mouse)
P01029,CONTAM:top_1000_mus,top 1000 Mus,contaminants,abundant_proteome,C4b,Mus musculus (Mouse)
P01027,CONTAM:top_1000_mus,top 1000 Mus,contaminants,abundant_proteome,C3,Mus musculus (Mouse)
Q8CG16,CONTAM:top_1000_mus,top 1000 Mus,contaminants,abundant_proteome,C1ra,Mus musculus (Mouse)
Q02105,CONTAM:top_1000_mus,top 1000 Mus,contaminants,abundant_proteome,C1qc,Mus musculus (Mouse)
Q8R5L1,CONTAM:top_1000_mus,top 1000 Mus,contaminants,abundant_proteome,C1qbp,Mus musculus (Mouse)
P14106,CONTAM:top_1000_mus,top 1000 Mus,contaminants,abundant_proteome,C1qb,Mus musculus (Mouse)
P98086,CONTAM:top_1000_mus,top 1000 Mus,contaminants,abundant_proteome,C1qa,Mus musculus (Mouse)
Q64152,CONTAM:top_1000_mus,top 1000 Mus,contaminants,abundant_proteome,Btf3,Mus musculus (Mouse)
Q91V76,CONTAM:top_1000_mus,top 1000 Mus,contaminants,abundant_proteome,Bkgd,Mus musculus (Mouse)
Q80XN0,CONTAM:top_1000_mus,top 1000 Mus,contaminants,abundant_proteome,Bdh1,Mus musculus (Mouse)
P59017,CONTAM:top_1000_mus,top 1000 Mus,contaminants,abundant_proteome,Bcl2l13,Mus musculus (Mouse)
Q61335,CONTAM:top_1000_mus,top 1000 Mus,contaminants,abundant_proteome,Bcap31,Mus musculus (Mouse)
Q91XV3,CONTAM:top_1000_mus,top 1000 Mus,contaminants,abundant_proteome,Basp1,Mus musculus (Mouse)
P01887,CONTAM:top_1000_mus,top 1000 Mus,contaminants,abundant_proteome,B2m,Mus musculus (Mouse)
Q64726,CONTAM:top_1000_mus,top 1000 Mus,contaminants,abundant_proteome,Azgp1,Mus musculus (Mouse)
P50518,CONTAM:top_1000_mus,top 1000 Mus,contaminants,abundant_proteome,Atp6v1e1,Mus musculus (Mouse)
P62814,CONTAM:top_1000_mus,top 1000 Mus,contaminants,abundant_proteome,Atp6v1b2,Mus musculus (Mouse)
P50516,CONTAM:top_1000_mus,top 1000 Mus,contaminants,abundant_proteome,Atp6v1a,Mus musculus (Mouse)
Q9Z1G4,CONTAM:top_1000_mus,top 1000 Mus,contaminants,abundant_proteome,Atp6v0a1,Mus musculus (Mouse)
Q9DB20,CONTAM:top_1000_mus,top 1000 Mus,contaminants,abundant_proteome,Atp5po,Mus musculus (Mouse)
P97450,CONTAM:top_1000_mus,top 1000 Mus,contaminants,abundant_proteome,Atp5pf,Mus musculus (Mouse)
Q9CQQ7,CONTAM:top_1000_mus,top 1000 Mus,contaminants,abundant_proteome,Atp5pb,Mus musculus (Mouse)
F8WHP8,CONTAM:top_1000_mus,top 1000 Mus,contaminants,abundant_proteome,Atp5mf,Mus musculus (Mouse)
Q06185,CONTAM:top_1000_mus,top 1000 Mus,contaminants,abundant_proteome,Atp5me,Mus musculus (Mouse)
Q9D3D9,CONTAM:top_1000_mus,top 1000 Mus,contaminants,abundant_proteome,Atp5f1d,Mus musculus (Mouse)
A2AKU9,CONTAM:top_1000_mus,top 1000 Mus,contaminants,abundant_proteome,Atp5f1c,Mus musculus (Mouse)
P56480,CONTAM:top_1000_mus,top 1000 Mus,contaminants,abundant_proteome,Atp5f1b,Mus musculus (Mouse)
D3Z6F5,CONTAM:top_1000_mus,top 1000 Mus,contaminants,abundant_proteome,Atp5f1a,Mus musculus (Mouse)
Q03265,CONTAM:top_1000_mus,top 1000 Mus,contaminants,abundant_proteome,Atp5f1a,Mus musculus (Mouse)
G5E829,CONTAM:top_1000_mus,top 1000 Mus,contaminants,abundant_proteome,Atp2b1,Mus musculus (Mouse)
O55143,CONTAM:top_1000_mus,top 1000 Mus,contaminants,abundant_proteome,Atp2a2,Mus musculus (Mouse)
Q8R429,CONTAM:top_1000_mus,top 1000 Mus,contaminants,abundant_proteome,Atp2a1,Mus musculus (Mouse)
P14094,CONTAM:top_1000_mus,top 1000 Mus,contaminants,abundant_proteome,Atp1b1,Mus musculus (Mouse)
Q6PIC6,CONTAM:top_1000_mus,top 1000 Mus,contaminants,abundant_proteome,Atp1a3,Mus musculus (Mouse)
Q8VCE0,CONTAM:top_1000_mus,top 1000 Mus,contaminants,abundant_proteome,Atp1a3,Mus musculus (Mouse)
Q8VDN2,CONTAM:top_1000_mus,top 1000 Mus,contaminants,abundant_proteome,Atp1a1,Mus musculus (Mouse)
Q9CWJ9,CONTAM:top_1000_mus,top 1000 Mus,contaminants,abundant_proteome,Atic,Mus musculus (Mouse)
Q925I1,CONTAM:top_1000_mus,top 1000 Mus,contaminants,abundant_proteome,Atad3a,Mus musculus (Mouse)
Q9WV54,CONTAM:top_1000_mus,top 1000 Mus,contaminants,abundant_proteome,Asah1,Mus musculus (Mouse)
Q61599,CONTAM:top_1000_mus,top 1000 Mus,contaminants,abundant_proteome,Arhgdib,Mus musculus (Mouse)
Q99PT1,CONTAM:top_1000_mus,top 1000 Mus,contaminants,abundant_proteome,Arhgdia,Mus musculus (Mouse)
Q61176,CONTAM:top_1000_mus,top 1000 Mus,contaminants,abundant_proteome,Arg1,Mus musculus (Mouse)
P61205,CONTAM:top_1000_mus,top 1000 Mus,contaminants,abundant_proteome,Arf3,Mus musculus (Mouse)
Q9Z1R3,CONTAM:top_1000_mus,top 1000 Mus,contaminants,abundant_proteome,Apom,Mus musculus (Mouse)
Q01339,CONTAM:top_1000_mus,top 1000 Mus,contaminants,abundant_proteome,Apoh,Mus musculus (Mouse)
P08226,CONTAM:top_1000_mus,top 1000 Mus,contaminants,abundant_proteome,Apoe,Mus musculus (Mouse)
A0A0R4J1N3,CONTAM:top_1000_mus,top 1000 Mus,contaminants,abundant_proteome,Apoc3,Mus musculus (Mouse)
P34928,CONTAM:top_1000_mus,top 1000 Mus,contaminants,abundant_proteome,Apoc1,Mus musculus (Mouse)
E9Q1Y3,CONTAM:top_1000_mus,top 1000 Mus,contaminants,abundant_proteome,Apob,Mus musculus (Mouse)
P06728,CONTAM:top_1000_mus,top 1000 Mus,contaminants,abundant_proteome,Apoa4,Mus musculus (Mouse)
P09813,CONTAM:top_1000_mus,top 1000 Mus,contaminants,abundant_proteome,Apoa2,Mus musculus (Mouse)
Q00623,CONTAM:top_1000_mus,top 1000 Mus,contaminants,abundant_proteome,Apoa1,Mus musculus (Mouse)
P12246,CONTAM:top_1000_mus,top 1000 Mus,contaminants,abundant_proteome,Apcs,Mus musculus (Mouse)
Q3TWV4,CONTAM:top_1000_mus,top 1000 Mus,contaminants,abundant_proteome,Ap2m1,Mus musculus (Mouse)
Q9DBG3,CONTAM:top_1000_mus,top 1000 Mus,contaminants,abundant_proteome,Ap2b1,Mus musculus (Mouse)
P17427,CONTAM:top_1000_mus,top 1000 Mus,contaminants,abundant_proteome,Ap2a2,Mus musculus (Mouse)
Q5SVG5,CONTAM:top_1000_mus,top 1000 Mus,contaminants,abundant_proteome,Ap1b1,Mus musculus (Mouse)
F8WIT2,CONTAM:top_1000_mus,top 1000 Mus,contaminants,abundant_proteome,Anxa6,Mus musculus (Mouse)
P48036,CONTAM:top_1000_mus,top 1000 Mus,contaminants,abundant_proteome,Anxa5,Mus musculus (Mouse)
P97429,CONTAM:top_1000_mus,top 1000 Mus,contaminants,abundant_proteome,Anxa4,Mus musculus (Mouse)
O35639,CONTAM:top_1000_mus,top 1000 Mus,contaminants,abundant_proteome,Anxa3,Mus musculus (Mouse)
P07356,CONTAM:top_1000_mus,top 1000 Mus,contaminants,abundant_proteome,Anxa2,Mus musculus (Mouse)
P10107,CONTAM:top_1000_mus,top 1000 Mus,contaminants,abundant_proteome,Anxa1,Mus musculus (Mouse)
O35381,CONTAM:top_1000_mus,top 1000 Mus,contaminants,abundant_proteome,Anp32a,Mus musculus (Mouse)
P00688,CONTAM:top_1000_mus,top 1000 Mus,contaminants,abundant_proteome,Amy2a5,Mus musculus (Mouse)
Q07456,CONTAM:top_1000_mus,top 1000 Mus,contaminants,abundant_proteome,Ambp,Mus musculus (Mouse)
O08583,CONTAM:top_1000_mus,top 1000 Mus,contaminants,abundant_proteome,Alyref,Mus musculus (Mouse)
P05063,CONTAM:top_1000_mus,top 1000 Mus,contaminants,abundant_proteome,Aldoc,Mus musculus (Mouse)
Q91Y97,CONTAM:top_1000_mus,top 1000 Mus,contaminants,abundant_proteome,Aldob,Mus musculus (Mouse)
P05064,CONTAM:top_1000_mus,top 1000 Mus,contaminants,abundant_proteome,Aldoa,Mus musculus (Mouse)
Q9JLJ2,CONTAM:top_1000_mus,top 1000 Mus,contaminants,abundant_proteome,Aldh9a1,Mus musculus (Mouse)
Q9DBF1,CONTAM:top_1000_mus,top 1000 Mus,contaminants,abundant_proteome,Aldh7a1,Mus musculus (Mouse)
Q9EQ20,CONTAM:top_1000_mus,top 1000 Mus,contaminants,abundant_proteome,Aldh6a1,Mus musculus (Mouse)
Q8BWF0,CONTAM:top_1000_mus,top 1000 Mus,contaminants,abundant_proteome,Aldh5a1,Mus musculus (Mouse)
Q8CHT0,CONTAM:top_1000_mus,top 1000 Mus,contaminants,abundant_proteome,Aldh4a1,Mus musculus (Mouse)
B1ATI0,CONTAM:top_1000_mus,top 1000 Mus,contaminants,abundant_proteome,Aldh3a2,Mus musculus (Mouse)
P47738,CONTAM:top_1000_mus,top 1000 Mus,contaminants,abundant_proteome,Aldh2,Mus musculus (Mouse)
Q8R0Y6,CONTAM:top_1000_mus,top 1000 Mus,contaminants,abundant_proteome,Aldh1l1,Mus musculus (Mouse)
Q9Z110,CONTAM:top_1000_mus,top 1000 Mus,contaminants,abundant_proteome,Aldh18a1,Mus musculus (Mouse)
P07724,CONTAM:top_1000_mus,top 1000 Mus,contaminants,abundant_proteome,Alb,Mus musculus (Mouse)
P10518,CONTAM:top_1000_mus,top 1000 Mus,contaminants,abundant_proteome,Alad,Mus musculus (Mouse)
Q8CG76,CONTAM:top_1000_mus,top 1000 Mus,contaminants,abundant_proteome,Akr7a2,Mus musculus (Mouse)
Q9JII6,CONTAM:top_1000_mus,top 1000 Mus,contaminants,abundant_proteome,Akr1a1,Mus musculus (Mouse)
Q9WTQ5,CONTAM:top_1000_mus,top 1000 Mus,contaminants,abundant_proteome,Akap12,Mus musculus (Mouse)
Q9WTP7,CONTAM:top_1000_mus,top 1000 Mus,contaminants,abundant_proteome,Ak3,Mus musculus (Mouse)
Q9WTP6,CONTAM:top_1000_mus,top 1000 Mus,contaminants,abundant_proteome,Ak2,Mus musculus (Mouse)
Q9R0Y5,CONTAM:top_1000_mus,top 1000 Mus,contaminants,abundant_proteome,Ak1,Mus musculus (Mouse)
Q9Z0X1,CONTAM:top_1000_mus,top 1000 Mus,contaminants,abundant_proteome,Aifm1,Mus musculus (Mouse)
A2AS37,CONTAM:top_1000_mus,top 1000 Mus,contaminants,abundant_proteome,AI182371,Mus musculus (Mouse)
P29699,CONTAM:top_1000_mus,top 1000 Mus,contaminants,abundant_proteome,Ahsg,Mus musculus (Mouse)
E9Q616,CONTAM:top_1000_mus,top 1000 Mus,contaminants,abundant_proteome,Ahnak,Mus musculus (Mouse)
P50247,CONTAM:top_1000_mus,top 1000 Mus,contaminants,abundant_proteome,Ahcy,Mus musculus (Mouse)
Q3UTR7,CONTAM:top_1000_mus,top 1000 Mus,contaminants,abundant_proteome,Agt,Mus musculus (Mouse)
F8VPN4,CONTAM:top_1000_mus,top 1000 Mus,contaminants,abundant_proteome,Agl,Mus musculus (Mouse)
O89020,CONTAM:top_1000_mus,top 1000 Mus,contaminants,abundant_proteome,Afm,Mus musculus (Mouse)
Q60994,CONTAM:top_1000_mus,top 1000 Mus,contaminants,abundant_proteome,Adipoq,Mus musculus (Mouse)
P28474,CONTAM:top_1000_mus,top 1000 Mus,contaminants,abundant_proteome,Adh5,Mus musculus (Mouse)
Q99JY9,CONTAM:top_1000_mus,top 1000 Mus,contaminants,abundant_proteome,Actr3,Mus musculus (Mouse)
P61161,CONTAM:top_1000_mus,top 1000 Mus,contaminants,abundant_proteome,Actr2,Mus musculus (Mouse)
P57780,CONTAM:top_1000_mus,top 1000 Mus,contaminants,abundant_proteome,Actn4,Mus musculus (Mouse)
Q7TPR4,CONTAM:top_1000_mus,top 1000 Mus,contaminants,abundant_proteome,Actn1,Mus musculus (Mouse)
P63268,CONTAM:top_1000_mus,top 1000 Mus,contaminants,abundant_proteome,Actg2,Mus musculus (Mouse)
F8WGM8,CONTAM:top_1000_mus,top 1000 Mus,contaminants,abundant_proteome,Actg1,Mus musculus (Mouse)
P63260,CONTAM:top_1000_mus,top 1000 Mus,contaminants,abundant_proteome,Actg1,Mus musculus (Mouse)
P68033,CONTAM:top_1000_mus,top 1000 Mus,contaminants,abundant_proteome,Actc1,Mus musculus (Mouse)
Q8BFZ3,CONTAM:top_1000_mus,top 1000 Mus,contaminants,abundant_proteome,Actbl2,Mus musculus (Mouse)
P62737,CONTAM:top_1000_mus,top 1000 Mus,contaminants,abundant_proteome,Acta2,Mus musculus (Mouse)
P68134,CONTAM:top_1000_mus,top 1000 Mus,contaminants,abundant_proteome,Acta1,Mus musculus (Mouse)
P41216,CONTAM:top_1000_mus,top 1000 Mus,contaminants,abundant_proteome,Acsl1,Mus musculus (Mouse)
Q8VCW8,CONTAM:top_1000_mus,top 1000 Mus,contaminants,abundant_proteome,Acsf2,Mus musculus (Mouse)
Q9R0H0,CONTAM:top_1000_mus,top 1000 Mus,contaminants,abundant_proteome,Acox1,Mus musculus (Mouse)
Q9QYR9,CONTAM:top_1000_mus,top 1000 Mus,contaminants,abundant_proteome,Acot2,Mus musculus (Mouse)
Q99KI0,CONTAM:top_1000_mus,top 1000 Mus,contaminants,abundant_proteome,Aco2,Mus musculus (Mouse)
Q3V117,CONTAM:top_1000_mus,top 1000 Mus,contaminants,abundant_proteome,Acly,Mus musculus (Mouse)
Q80X81,CONTAM:top_1000_mus,top 1000 Mus,contaminants,abundant_proteome,Acat3,Mus musculus (Mouse)
Q8QZT1,CONTAM:top_1000_mus,top 1000 Mus,contaminants,abundant_proteome,Acat1,Mus musculus (Mouse)
P50544,CONTAM:top_1000_mus,top 1000 Mus,contaminants,abundant_proteome,Acadvl,Mus musculus (Mouse)
Q9DBL1,CONTAM:top_1000_mus,top 1000 Mus,contaminants,abundant_proteome,Acadsb,Mus musculus (Mouse)
Q07417,CONTAM:top_1000_mus,top 1000 Mus,contaminants,abundant_proteome,Acads,Mus musculus (Mouse)
P45952,CONTAM:top_1000_mus,top 1000 Mus,contaminants,abundant_proteome,Acadm,Mus musculus (Mouse)
A0A0R4J083,CONTAM:top_1000_mus,top 1000 Mus,contaminants,abundant_proteome,Acadl,Mus musculus (Mouse)
Q8BWT1,CONTAM:top_1000_mus,top 1000 Mus,contaminants,abundant_proteome,Acaa2,Mus musculus (Mouse)
Q8VCH0,CONTAM:top_1000_mus,top 1000 Mus,contaminants,abundant_proteome,Acaa1b,Mus musculus (Mouse)
Q921H8,CONTAM:top_1000_mus,top 1000 Mus,contaminants,abundant_proteome,Acaa1a,Mus musculus (Mouse)
E9QN99,CONTAM:top_1000_mus,top 1000 Mus,contaminants,abundant_proteome,Abhd14b,Mus musculus (Mouse)
P55096,CONTAM:top_1000_mus,top 1000 Mus,contaminants,abundant_proteome,Abcd3,Mus musculus (Mouse)
P61922,CONTAM:top_1000_mus,top 1000 Mus,contaminants,abundant_proteome,Abat,Mus musculus (Mouse)
Q6GQT1,CONTAM:top_1000_mus,top 1000 Mus,contaminants,abundant_proteome,A2m,Mus musculus (Mouse)
Q19LI2,CONTAM:top_1000_mus,top 1000 Mus,contaminants,abundant_proteome,A1bg,Mus musculus (Mouse)
