primary_id,paxdb_ppm
P62328,82964.0
P02652,31361.0
P02753,24443.0
P02763,22835.0
P02647,20723.0
P02768,19929.0
P02766,19096.0
P02655,17564.0
P02654,16749.0
P02790,15511.0
P02656,11298.0
C9JV77,11180.0
P04406,9978.0
P19652,9784.0
P01009,7748.0
P00738,7425.0
P02774,7169.0
P60709,6893.0
P63261,6850.0
P01008,6838.0
P68871,6494.0
P02749,6122.0
P01024,5811.0
P02675,5411.0
P02775,5183.0
P08603,5040.0
P05090,5010.0
P69905,4979.0
P07737,4950.0
P02787,4792.0
P08670,4542.0
P01011,4275.0
P04217,4203.0
P01042,4187.0
P00734,4017.0
A0A2R8Y6G6,3890.0
P04264,3624.0
P62937,3530.0
P01023,3520.0
P00747,3516.0
P04003,3449.0
P68104,3342.0
P06396,3250.0
P14618,3152.0
P02679,3105.0
P02671,3068.0
P00450,3067.0
B9A064,2966.0
P04196,2935.0
P04004,2724.0
P02760,2686.0
P06727,2644.0
P35527,2639.0
Q14624,2626.0
P10909,2454.0
P02776,2377.0
Q03591,2253.0
P23528,2243.0
P10809,2191.0
P25311,2177.0
P02042,2173.0
P05452,2146.0
P05019,2104.0
P06702,2091.0
P11142,2076.0
P07437,2063.0
P67936,2030.0
P63104,2017.0
P62258,2005.0
P36980,1987.0
P37802,1919.0
P35579,1740.0
P13645,1736.0
P06748,1708.0
P0DJI8,1674.0
Q9H299,1597.0
P00739,1548.0
Q9Y490,1511.0
P60660,1501.0
P21333,1492.0
P00751,1488.0
P41222,1483.0
P02649,1475.0
P62987,1439.0
P08238,1415.0
P00558,1393.0
P61769,1392.0
P05155,1382.0
P27797,1361.0
P07355,1336.0
P06576,1308.0
P25705,1246.0
Q9H4B7,1226.0
P09211,1223.0
P09493,1221.0
P68371,1203.0
P0C0L5,1200.0
P08697,1198.0
P0C0L4,1197.0
P18206,1186.0
P02743,1169.0
P60174,1134.0
Q06830,1117.0
P07996,1110.0
H0YJW9,1104.0
P05109,1092.0
P62081,1082.0
P55056,1057.0
P40926,1037.0
P68363,1023.0
P02751,1010.0
P0DJI9,1006.0
Q86UX7,997.0
P07900,988.0
P62979,988.0
Q6S8J3,986.0
O60814,977.0
P62807,977.0
Q93079,977.0
P58876,976.0
Q99877,976.0
P57053,976.0
Q99879,975.0
Q99880,975.0
P51884,974.0
P06899,972.0
Q16778,971.0
P23527,971.0
P33778,970.0
Q9BVA1,967.0
Q8N257,965.0
K9J7H5,963.0
P61224,962.0
P00441,956.0
Q13885,953.0
P11021,949.0
Q5QNW6,948.0
P08514,937.0
P68366,936.0
P06753,935.0
P04083,933.0
P43652,923.0
P05386,923.0
P04350,923.0
Q96PD5,923.0
O14950,913.0
P09429,912.0
P00748,911.0
P31146,909.0
P04075,905.0
Q01518,902.0
A0ACM8QGB8,902.0
Q8IUE6,894.0
P35542,894.0
Q71U36,890.0
P22626,881.0
P10720,879.0
P32119,876.0
J3QRS3,875.0
P22352,858.0
P61626,857.0
P27169,853.0
P16104,850.0
Q96QV6,843.0
P22392,843.0
P01019,835.0
P62805,830.0
P12814,818.0
P36955,804.0
Q07021,804.0
P08567,794.0
P01034,790.0
P17936,787.0
P68032,786.0
P31949,775.0
P63267,768.0
P62736,763.0
P52566,762.0
F5H5D3,760.0
P13639,759.0
P05387,758.0
P26038,753.0
F6WQW2,753.0
P84243,752.0
P09871,745.0
P61978,744.0
Q13418,742.0
O75531,730.0
P30041,730.0
O95445,729.0
O95810,723.0
P62314,720.0
A0A096LPE2,714.0
O43866,709.0
P08758,702.0
P09496,700.0
P01344,698.0
P68133,697.0
P02748,695.0
P19823,691.0
P00488,690.0
P30101,690.0
O00151,682.0
A0A2R8Y3M9,680.0
P69892,679.0
P62318,674.0
Q14019,672.0
E7ETH0,670.0
P35908,668.0
P04792,657.0
P12277,656.0
Q99497,655.0
P08133,647.0
Q05639,645.0
O00299,644.0
A0A0C4DG17,635.0
P07998,630.0
P19827,627.0
P27105,626.0
Q9ULV4,626.0
P23284,625.0
P62834,621.0
P61604,620.0
P14625,616.0
P02511,613.0
P13671,613.0
P62829,613.0
P11217,612.0
P63244,611.0
P02750,610.0
P0DMV8,610.0
P0DMV9,610.0
P69891,605.0
P15090,602.0
O75636,598.0
P18669,594.0
O75083,593.0
A0A2U3TZU2,591.0
P61160,591.0
P23396,591.0
P05388,590.0
Q6FI13,590.0
Q16777,589.0
Q15404,586.0
P35268,585.0
P54108,583.0
P78371,580.0
P36578,579.0
P07237,578.0
Q71DI3,575.0
P03952,573.0
P62269,572.0
P02745,570.0
O15144,569.0
P63241,559.0
Q01105,554.0
P61247,552.0
P19338,551.0
P16403,551.0
P05546,547.0
P07951,546.0
P07910,546.0
P55072,540.0
P0DPH7,540.0
P0DPH8,540.0
P0CG47,536.0
P30050,535.0
P31946,535.0
P15311,534.0
Q02878,531.0
P13929,523.0
P08708,522.0
O15145,517.0
P10412,515.0
P30086,514.0
P61981,513.0
P61158,511.0
O75915,511.0
P20851,510.0
P16402,505.0
Q93077,500.0
Q7L7L0,500.0
P04908,500.0
J3QQX2,500.0
Q6PEY2,496.0
P16401,496.0
P62263,495.0
Q14103,492.0
P48735,492.0
Q13790,483.0
P62906,482.0
Q15942,481.0
P10599,478.0
P09651,477.0
P62888,475.0
P27348,474.0
P40227,470.0
P00491,468.0
A0A2R8Y7X9,466.0
Q9NY65,464.0
P30740,463.0
P29401,461.0
P83731,461.0
Q02985,460.0
P09382,457.0
Q13509,455.0
P62826,455.0
P09104,454.0
P0C0S8,454.0
Q96KK5,454.0
Q99878,454.0
P20671,454.0
Q9BTM1,453.0
P27918,451.0
P49773,451.0
P46778,449.0
B1AK88,449.0
O60240,448.0
P61313,447.0
P14174,447.0
P05160,445.0
P12956,443.0
P50552,437.0
P24844,435.0
P62750,434.0
P05787,433.0
P30048,426.0
P26599,425.0
P05783,422.0
O43707,421.0
P50991,420.0
P51149,418.0
P78417,417.0
P63173,414.0
Q00839,413.0
Q9UGM5,413.0
P39023,412.0
P00915,412.0
Q99623,411.0
P27824,410.0
P62424,409.0
P0DP23,409.0
P0DP24,409.0
P0DP25,409.0
P42766,407.0
A0A0U1RR32,407.0
P21796,405.0
P62753,402.0
P07108,401.0
P10643,400.0
P18124,400.0
P50990,400.0
Q6NZI2,400.0
P46777,397.0
P26373,395.0
K7ELC2,394.0
P61353,392.0
P17661,391.0
P13224,390.0
P13010,388.0
K7ERG9,386.0
P50914,385.0
P05543,385.0
P14866,385.0
P46782,383.0
P50395,382.0
P04080,382.0
P63220,382.0
P07358,381.0
Q15084,380.0
P58546,377.0
P04632,377.0
P48643,376.0
P55209,374.0
P13796,369.0
Q562R1,368.0
P20290,367.0
Q15233,366.0
P09936,364.0
P49368,364.0
P39687,360.0
P62241,359.0
P02545,358.0
P26583,356.0
Q13838,355.0
P38646,355.0
Q04917,349.0
Q9H0U4,347.0
P84103,347.0
Q9Y281,346.0
Q01469,345.0
P05141,344.0
Q9HB71,342.0
P62942,342.0
P14770,342.0
P34931,341.0
P62316,339.0
P62701,338.0
P62854,337.0
P62910,337.0
P62873,337.0
P63313,336.0
Q96NZ9,335.0
P61106,332.0
A0A2R8Y4L2,332.0
P20618,332.0
P54819,331.0
P99999,331.0
P37837,328.0
P35232,328.0
P14151,326.0
P40939,326.0
P07357,323.0
P09486,322.0
P46781,319.0
A0A8J8YWN6,318.0
P25787,317.0
P62280,315.0
P47914,314.0
P22314,314.0
P25786,313.0
Q8NC51,313.0
Q99832,312.0
P84098,312.0
P62847,312.0
P61586,310.0
P15531,310.0
A0A0B4J269,310.0
P52272,309.0
P09972,308.0
A0A087WYT3,305.0
P28066,304.0
A0A0B4J2C3,303.0
P31943,302.0
P04179,301.0
P00918,299.0
P45880,299.0
P07360,298.0
Q16610,298.0
P48047,295.0
P62857,295.0
P62304,295.0
P60866,294.0
Q02543,294.0
P08779,293.0
P14854,293.0
P17987,291.0
Q07020,290.0
P61088,289.0
P52209,288.0
P52907,288.0
P49908,288.0
P21291,286.0
Q06323,286.0
Q92688,285.0
P49720,285.0
P32969,285.0
Q13185,284.0
P25398,283.0
P02533,280.0
P53999,280.0
Q15907,280.0
P12235,280.0
P36542,278.0
Q16629,278.0
Q9HBI1,276.0
O15511,275.0
P04114,274.0
P60842,274.0
P62891,273.0
P02788,271.0
P62820,271.0
P04278,270.0
P01037,268.0
Q9UQ80,268.0
E9PB61,267.0
P05106,265.0
P12004,264.0
Q16836,264.0
O14791,262.0
P62899,262.0
P15880,261.0
P62491,260.0
P28070,260.0
P80723,260.0
P07205,260.0
A0AAG2SVT6,260.0
Q9H853,259.0
P07225,255.0
P04899,253.0
P06454,253.0
Q9P1F3,252.0
Q9BUF5,251.0
P37840,250.0
P31948,249.0
Q99714,248.0
P60900,247.0
O43169,247.0
Q9Y3U8,245.0
O75947,245.0
P50995,245.0
Q32P51,244.0
Q14697,243.0
P13647,242.0
P26447,241.0
Q02325,241.0
P25789,241.0
P40429,241.0
P22692,239.0
Q15365,238.0
P26641,238.0
P62244,237.0
Q99729,237.0
P02747,236.0
P67809,236.0
P62913,236.0
P06681,235.0
P09669,235.0
P62917,233.0
P59665,233.0
P59666,233.0
P08185,233.0
P30044,233.0
P30084,233.0
P23526,232.0
P50213,231.0
P12236,230.0
P54727,230.0
P13804,230.0
P13987,229.0
P08134,229.0
P13073,229.0
P0DML2,228.0
P0DML3,228.0
P14649,228.0
P12111,228.0
P07384,227.0
P16949,226.0
Q03135,226.0
Q9P0M6,225.0
A0A8C8L741,225.0
P52597,225.0
P00167,224.0
P01031,224.0
P12883,224.0
Q15555,224.0
P02100,224.0
P09874,223.0
P30043,223.0
P62277,223.0
P61006,222.0
O00194,221.0
P61952,221.0
P04259,220.0
P46776,220.0
P30040,220.0
P17096,218.0
P00492,218.0
Q14974,217.0
P49006,217.0
P20742,217.0
O75368,217.0
P09622,216.0
Q07955,216.0
P31150,215.0
Q92686,215.0
P55084,214.0
Q6IS14,214.0
P20700,213.0
O00429,213.0
P49458,213.0
H3BRW7,213.0
P04040,212.0
P22792,211.0
Q3ZCM7,211.0
P62306,211.0
P39019,210.0
P29966,209.0
P47755,209.0
P30153,209.0
P05455,208.0
P62851,208.0
Q04837,208.0
Q9UL46,207.0
P68431,207.0
P61204,207.0
Q16851,206.0
Q13263,206.0
P11216,205.0
P05204,205.0
P35241,204.0
P18065,204.0
P30405,204.0
P80188,203.0
P25788,203.0
O75390,202.0
P05164,202.0
P23246,202.0
Q13201,202.0
O75882,201.0
P18621,201.0
P07919,201.0
Q9Y277,200.0
P62879,200.0
Q01813,200.0
P50502,200.0
P19367,199.0
P51991,199.0
Q15848,199.0
Q01995,199.0
P50454,199.0
P48059,197.0
P15153,197.0
P17931,197.0
Q99798,195.0
Q05682,195.0
P60981,194.0
Q15019,194.0
P08311,193.0
P30273,193.0
P24593,193.0
Q9NR31,193.0
P35858,192.0
P46783,191.0
Q99873,191.0
A6NNZ2,189.0
P37108,189.0
Q13162,189.0
Q9UJC5,189.0
P20073,189.0
Q92954,189.0
P29622,189.0
Q15181,189.0
P07602,189.0
P09525,189.0
P49411,189.0
K7ELL7,188.0
Q00325,188.0
P49721,188.0
P81605,187.0
O14818,187.0
P35609,186.0
P54652,186.0
P09543,186.0
P49327,185.0
P56381,185.0
P23142,184.0
Q02790,183.0
P61254,183.0
A0A024R571,182.0
Q86WR0,182.0
P31930,182.0
Q14847,182.0
P62266,182.0
P12931,181.0
Q15691,181.0
O00231,181.0
Q71UI9,179.0
P0C0S5,179.0
O15173,179.0
P02538,178.0
Q13011,178.0
Q00688,178.0
P0CG48,177.0
Q07666,177.0
O15143,176.0
A0A0D9SGF6,176.0
P00403,176.0
P10124,175.0
P01036,175.0
Q14141,175.0
Q01130,174.0
P49748,174.0
P11413,174.0
P04843,174.0
P30049,174.0
P31939,173.0
P16152,172.0
Q15366,172.0
P02808,171.0
P13667,171.0
Q7KZF4,171.0
P04439,170.0
P20160,170.0
O75367,170.0
P30626,168.0
O60869,168.0
P18859,168.0
P34897,168.0
Q13642,167.0
P14868,167.0
P23381,167.0
P22695,166.0
P31947,166.0
Q9NZN4,166.0
Q01082,166.0
Q9NZP8,166.0
P21980,165.0
P08727,165.0
P16671,165.0
Q9BTT0,164.0
P05198,163.0
P48668,163.0
P00742,163.0
P28838,162.0
P15169,162.0
P20774,162.0
S4R3C0,162.0
P62136,162.0
Q9NTK5,161.0
P53396,161.0
P54920,161.0
P12109,160.0
Q9NRW1,160.0
Q15717,160.0
P13489,159.0
Q9BR76,159.0
Q9UJU6,159.0
O00148,159.0
P07477,158.0
P10644,158.0
Q86YW5,158.0
A0A0J9YXN7,156.0
P22234,155.0
P0DME0,154.0
Q9P0L0,154.0
P00505,154.0
Q9NSB4,154.0
P62140,154.0
P10153,154.0
A0A0J9YXK0,153.0
O96008,153.0
O00303,153.0
P18077,153.0
Q16853,152.0
P63167,152.0
P04844,151.0
Q15833,151.0
O00571,150.0
P07585,150.0
P35580,150.0
P51452,149.0
Q9BWD1,149.0
P54577,148.0
Q07812,148.0
O75874,148.0
Q9BXR6,148.0
Q04760,148.0
P84085,148.0
O60610,147.0
Q12905,147.0
A5A3E0,147.0
F6SHK2,146.0
P34932,146.0
P20674,145.0
Q04695,145.0
P06703,145.0
P43320,145.0
P63000,145.0
Q13283,145.0
P15121,145.0
O75347,144.0
Q9NZN3,144.0
O14880,144.0
Q06033,144.0
Q9Y4L1,144.0
Q9Y266,144.0
P02144,144.0
Q08211,144.0
Q9GZV4,142.0
P06737,142.0
P07741,142.0
P02689,141.0
P26368,141.0
P61956,141.0
P56385,141.0
P28072,140.0
P07148,140.0
O00161,140.0
Q99969,140.0
Q16698,139.0
Q15056,139.0
P36873,139.0
O75396,139.0
P18085,139.0
P51888,139.0
P00325,139.0
Q9BS26,138.0
B0I1T2,138.0
P51858,137.0
P36871,137.0
Q14444,137.0
Q99733,137.0
Q96KP4,137.0
P61026,136.0
P04070,136.0
Q13151,136.0
P31942,136.0
P29350,136.0
Q9NS69,135.0
H7BY64,135.0
Q9Y696,135.0
P35637,135.0
P40197,135.0
P41219,134.0
P62993,134.0
P08246,134.0
Q16543,134.0
G3V1Q4,133.0
P49207,133.0
P46109,133.0
M0QYT0,133.0
D6RAR4,133.0
P61289,133.0
P38117,133.0
Q9Y224,132.0
P01903,132.0
O43598,131.0
O00264,130.0
P16109,130.0
P12110,130.0
P07954,129.0
O75558,129.0
Q99436,129.0
P68036,129.0
O43175,128.0
P19971,128.0
Q9UBT2,128.0
P01033,127.0
Q8N5P1,127.0
Q02539,127.0
A0A0C4DFN3,127.0
P61163,127.0
Q16718,126.0
Q9UJZ1,126.0
P24752,126.0
P25815,126.0
P51148,125.0
O60506,125.0
Q9NYL9,125.0
P02489,125.0
Q14520,124.0
P84090,124.0
Q9Y265,123.0
P36957,123.0
P00813,122.0
P49257,122.0
P01040,122.0
P17844,122.0
P06276,121.0
P28074,121.0
P13797,121.0
P52292,121.0
Q9H4G4,120.0
P27695,120.0
P55769,120.0
P00367,120.0
P22492,120.0
P49321,119.0
A0A7P0MRT9,119.0
P63010,119.0
P51572,119.0
Q9Y2V2,118.0
Q96K17,118.0
P80365,118.0
P10768,118.0
Q5T4U5,118.0
P63279,118.0
P55795,118.0
O15350,118.0
P10109,117.0
H0YIN7,117.0
P56537,117.0
Q99536,117.0
P35754,117.0
Q5T5C7,117.0
E9PAV3,116.0
Q16576,116.0
O43852,116.0
P49755,116.0
P78386,115.0
O75964,115.0
Q96IY4,115.0
Q14532,115.0
Q13561,115.0
Q16891,115.0
Q9BUL8,115.0
O43809,115.0
P07911,115.0
O15400,115.0
P24158,115.0
O95336,114.0
O43790,114.0
P00740,114.0
Q9UNX3,114.0
P55060,114.0
Q92499,114.0
O60664,114.0
P24592,114.0
P42677,114.0
P61513,114.0
P50453,114.0
O14558,113.0
A0A0A6YYL6,113.0
P42224,113.0
O76011,113.0
Q07960,113.0
P02792,112.0
O14979,112.0
P42704,112.0
P35244,112.0
P24539,111.0
Q96AG4,111.0
P05556,111.0
P03950,111.0
P17980,111.0
P08519,111.0
P46940,111.0
Q9Y3F4,110.0
G3V3E8,110.0
P13646,110.0
Q8WUM4,110.0
P41250,110.0
P12268,110.0
P11177,110.0
A0A7P0MP65,110.0
P83916,109.0
P05091,109.0
Q9UKK9,109.0
P11586,109.0
P02730,108.0
P05154,108.0
Q09028,108.0
P07339,108.0
P54578,108.0
Q9HC38,108.0
Q14152,108.0
Q3ZCW2,108.0
P33316,108.0
P02741,107.0
P01889,107.0
P12429,107.0
P59998,107.0
Q9UIJ7,106.0
Q6UXB8,106.0
P51571,106.0
C9JRZ6,106.0
Q14240,106.0
P11940,105.0
O43390,105.0
A0A087X2I1,105.0
P11766,105.0
F5H423,104.0
O95831,104.0
O00187,104.0
O43488,104.0
Q9UBQ7,104.0
P35749,104.0
P33764,104.0
A0A1C7CYX9,104.0
Q9UK76,104.0
Q9UMS4,104.0
P05062,104.0
P62195,103.0
Q10567,103.0
P39656,103.0
Q96IU4,103.0
P35613,103.0
P50148,103.0
M0QXB4,103.0
Q92835,102.0
Q9GZT3,102.0
P04275,102.0
P08294,102.0
P55809,102.0
Q92945,101.0
P22087,101.0
P07359,101.0
O43684,101.0
P50897,101.0
P07305,101.0
P53674,101.0
Q96A08,101.0
P60903,100.0
P21397,100.0
P26639,100.0
P43686,100.0
Q8NBS9,99.6
P14324,99.5
Q27J81,99.5
P61019,99.3
Q5T9B7,99.3
P63208,99.3
P00390,99.3
P55786,99.1
O43776,98.9
P51659,98.8
P21964,98.4
P61970,98.4
H3BNC9,98.4
Q16270,98.4
Q15369,98.4
O60234,97.9
Q969Q0,97.8
P14317,97.5
P02786,97.5
Q9NQC3,97.4
O75955,97.3
P13598,97.2
P55957,97.2
B0QZ18,97.1
P31040,96.5
O14980,96.1
Q16643,96.1
P0CG38,96.0
P22914,96.0
P43243,95.9
A0A0R4J2E8,95.9
Q08380,95.7
Q9Y230,95.7
O15212,95.5
P51665,95.4
P07858,95.4
Q9Y333,95.4
P30046,95.3
P28482,95.2
P09228,95.2
Q16627,95.1
Q92820,95.1
Q15046,95.0
Q15257,94.5
P98179,94.2
Q00765,93.6
Q14165,93.4
A0A087X1N8,93.3
P43121,93.2
P10321,93.2
O43399,93.0
O00159,92.7
P14550,92.7
P08621,92.6
P11226,92.6
Q02978,92.5
P42765,92.5
O15533,92.3
A0A0A0MSV9,92.3
P04233,92.3
P43490,92.2
P31153,92.1
Q15149,92.0
Q02747,91.7
P03951,91.7
Q9UKM9,91.5
Q9Y3I0,91.5
H7C0C1,91.0
P35998,90.9
O00244,90.8
Q15843,90.7
O94760,90.7
P56134,90.5
Q92522,90.2
P53597,90.1
Q15382,90.1
Q9NZD4,89.9
Q96AE4,89.7
Q13526,89.7
Q9BSJ8,89.6
O15347,89.4
P08754,89.1
J3KNB4,89.1
P17174,89.0
P38606,89.0
P06493,88.9
O14737,88.8
Q86VP6,88.7
P20810,88.6
P07814,88.4
Q9Y5S9,88.3
Q9UKY7,87.9
P09012,87.6
O75369,87.5
Q71UM5,87.5
G3XAK1,87.5
P08574,87.3
Q16658,87.1
Q9UNM6,87.1
O00487,86.8
O00410,86.5
P43304,86.2
P23229,86.2
P41091,86.0
Q14247,85.9
P40261,85.7
P08195,85.7
O43768,85.5
Q9UHD8,85.5
P02810,85.4
Q9NVA2,85.3
O43633,84.9
Q03252,84.8
K7ESF4,84.4
P48426,84.2
P12259,84.0
P30085,83.8
P50238,83.8
Q8WUW1,83.8
Q9NUQ9,83.7
P18054,83.6
P63218,83.3
Q04637,83.3
Q70J99,83.3
Q6IBS0,83.0
Q9Y285,82.9
Q9UK55,82.7
P28325,82.4
A0A1B0GU03,82.4
P17066,82.3
Q16630,82.2
P16615,82.0
Q9NZ45,81.9
P13533,81.9
P31323,81.8
P55884,81.1
P12273,81.1
Q15631,80.9
P35659,80.5
O60493,80.4
P61086,80.0
O43665,79.8
P42166,79.6
P61758,79.3
Q7Z794,79.3
Q01844,79.3
P45379,79.1
A0A087WZN1,79.1
Q9UHD1,79.0
Q9Y2Q3,78.9
P33992,78.9
P31689,78.8
P23368,78.8
Q9H1E3,78.6
P15259,78.6
Q12931,78.5
Q9HDC9,78.5
Q5SSJ5,78.5
P61923,78.4
Q13576,78.2
O75608,78.2
P07315,78.1
O43242,78.0
P14060,77.6
P47985,77.6
P33241,77.6
P38159,77.5
P05114,77.5
P62633,77.2
P04180,77.1
Q9UHX1,77.1
A0A1B0GUS4,77.1
A0A5H1ZRQ2,77.0
P22102,76.9
O43396,76.9
Q9H2U2,76.8
P0CG39,76.8
P49588,76.7
Q9Y613,76.6
Q12907,76.5
A0A8C8KIA0,76.5
Q9Y6C9,76.4
Q13228,75.9
Q99471,75.8
Q8TC12,75.6
P53621,75.5
Q15435,75.5
P60201,75.5
P54136,75.4
O95433,75.2
P41240,75.1
Q9HAV0,75.0
Q9Y678,75.0
P09661,74.9
P00995,74.7
P13716,74.7
O96000,74.5
P53673,74.4
Q9C037,74.3
Q12797,74.3
P18754,74.3
Q9UHV9,74.2
P20591,74.1
Q15008,74.1
Q92520,73.8
P17858,73.7
P19957,73.6
P53004,73.6
Q9UL25,73.5
Q13200,73.4
P07327,73.0
P10606,73.0
P24666,73.0
O75563,72.9
Q16695,72.8
P36543,72.6
O15260,72.5
O75475,72.4
P05023,72.3
P48444,72.1
P0DP08,72.0
O14745,71.7
A0A4W8X8U3,71.6
Q9Y262,71.6
O43765,71.4
P60033,71.4
O75937,71.3
E7EX17,71.2
Q8WZA0,71.1
Q14498,71.0
P00352,70.9
O75112,70.9
P53618,70.9
Q9UBI6,70.7
Q13103,70.7
Q8IZP0,70.6
Q13423,70.6
Q92598,70.6
Q96QK1,70.5
Q00013,70.3
P53990,70.3
P41567,70.3
Q8N0Y7,70.1
Q86UD1,70.1
O75489,70.1
O95865,70.1
Q9Y624,70.0
Q9H9B4,70.0
A0A0B4J2A2,70.0
Q15637,69.9
Q15828,69.7
P20340,69.7
P08729,69.7
P16435,69.5
P19429,69.5
O43143,69.5
O00154,69.4
Q96FW1,69.3
A0A0A0MQS7,69.3
Q13442,69.2
Q9NX40,69.1
A0A087WV42,69.0
P12724,68.7
P62191,68.6
Q96CN7,68.6
Q9Y3B4,68.4
P60228,68.3
Q1KMD3,68.3
A0A7P0MQS5,68.1
P21926,68.0
P05362,68.0
Q969G5,68.0
Q9UI15,68.0
P84095,67.9
P49736,67.8
P68402,67.6
P67870,67.5
A1L0T0,67.3
P20042,67.0
Q9NR45,67.0
Q9BV40,66.9
P06732,66.8
Q96L21,66.7
H3BN98,66.6
O00483,66.6
O75821,66.6
P16989,66.6
P14923,66.4
Q7Z4W1,66.3
Q9Y2Q5,66.2
P50402,66.2
Q9H223,66.2
Q8TAA3,66.0
C9JVQ0,65.9
Q13243,65.9
Q96C19,65.8
Q15029,65.7
P62495,65.7
O76021,65.7
P25325,65.7
F5H284,65.4
A0A075B759,65.4
P0DN26,65.4
O75494,65.4
Q9UBE0,65.2
Q9H4X1,65.0
Q96S96,64.9
P08590,64.9
P21810,64.8
Q9BRA2,64.7
P33993,64.7
Q15836,64.6
Q9UMX5,64.6
Q16531,64.5
P42574,64.4
O75340,64.3
O95678,64.2
P19013,64.2
Q9Y5Y7,64.1
Q15121,64.1
P21281,64.0
O00193,63.9
P31937,63.9
Q14315,63.8
O14561,63.8
P27816,63.7
P21266,63.6
Q9BQE5,63.3
P54725,63.3
Q9Y2X3,63.2
P54886,63.2
Q07065,63.1
O75131,63.1
P62330,62.9
P33121,62.9
Q13148,62.9
Q7L1Q6,62.9
O60828,62.8
P11836,62.7
Q9HAV7,62.7
P12081,62.6
P0DPA2,62.6
Q16740,62.6
P48637,62.4
U3KQV3,62.2
P15924,62.2
O76070,62.1
P05108,62.0
P11511,62.0
P01137,62.0
A0A499FJK2,62.0
H0UI06,62.0
O15355,61.9
P60985,61.8
O00232,61.8
P36959,61.8
Q14533,61.7
Q9ULC4,61.7
Q13510,61.6
P09960,61.5
P55854,61.3
Q53GQ0,61.2
P26439,61.1
A0A804CDA6,61.0
Q99460,61.0
Q99719,60.9
Q8TF42,60.8
P14927,60.7
Q9Y5L4,60.6
Q9H479,60.6
Q8IUC1,60.6
P55010,60.5
Q9NY33,60.5
P55268,60.5
Q15363,60.5
Q9BX68,60.3
Q8WU39,60.3
Q9BRX8,60.3
P54709,60.1
Q9BXS5,59.9
P62995,59.9
P61225,59.8
Q96HE7,59.8
P15374,59.8
P14543,59.7
Q9BPW8,59.5
P78527,59.5
Q14766,59.4
P15927,59.4
Q14257,59.4
P40306,59.3
O60739,59.3
O95866,59.1
Q9Y6Q1,59.1
Q14764,59.1
P61081,59.0
O95372,59.0
O76074,59.0
Q9Y376,59.0
Q8NE71,58.7
Q07654,58.6
Q01081,58.6
P61221,58.4
Q9NZT1,58.4
P55327,58.3
O00567,58.3
Q9UHQ9,58.3
P05813,58.2
P49419,58.2
O95881,58.1
Q9Y536,57.8
F8VXU5,57.8
P41252,57.8
O43678,57.7
Q9BVK6,57.7
P04216,57.7
A0A075B767,57.6
Q6EMK4,57.3
Q9NQW7,57.3
Q7L2H7,57.1
P28065,57.0
P15814,56.9
O75533,56.9
Q96FJ2,56.9
O95379,56.8
O15371,56.8
P35606,56.8
P78347,56.8
O60716,56.6
Q9UBQ5,56.6
O43920,56.5
P07948,56.4
P21695,56.2
P49189,56.2
Q15847,56.1
Q12805,55.8
Q13435,55.8
P28062,55.7
Q6IAA8,55.6
P34096,55.6
Q9Y2B0,55.6
P26196,55.5
Q9P2E9,55.5
P10451,55.4
Q9NR30,55.4
P98160,55.3
P02008,55.0
P33991,55.0
P55083,55.0
Q96PK6,55.0
Q9NQP4,55.0
P11166,54.9
Q13310,54.9
Q93084,54.8
Q8N5K1,54.8
P25205,54.7
P06132,54.7
P62310,54.7
D6W5Y5,54.7
P49821,54.7
Q9NQR4,54.7
P08575,54.7
P48739,54.5
P12955,54.5
Q13242,54.5
O00221,54.5
P18031,54.4
Q08495,54.4
Q9BWJ5,54.4
Q9UHG3,54.3
O14618,54.2
P40121,54.2
O95299,54.1
P10515,54.1
Q92890,54.0
P05413,53.9
Q15582,53.9
P27338,53.8
Q7Z4I7,53.8
Q96DI7,53.8
P42126,53.7
P63096,53.6
Q92619,53.6
Q9Y3D6,53.6
P51970,53.5
A0A2R8Y891,53.5
Q8WW12,53.3
P28161,53.3
A0A1W2PNV4,53.3
P62070,53.2
Q00796,53.2
Q5VWC4,53.2
P61077,53.2
Q02750,53.1
O60841,53.1
Q86SX6,53.1
O95292,53.0
Q9NP79,52.9
Q86U42,52.8
P38919,52.8
P57721,52.7
Q12874,52.7
Q15063,52.6
Q9P258,52.6
Q16795,52.5
P26640,52.4
Q9UJ70,52.3
P39748,52.3
Q96CT7,52.1
P19623,52.0
A0A0C4DG49,51.9
P56192,51.8
Q8NI22,51.8
Q6XQN6,51.7
P16070,51.7
Q9NSD9,51.7
Q96EP5,51.6
Q99426,51.5
Q96KN2,51.4
P31025,51.4
Q9Y617,51.3
P20645,51.3
P80511,51.3
P16930,51.3
Q13637,51.3
P36776,51.3
P09132,51.2
Q9Y6W5,51.1
P27482,51.0
O60884,51.0
Q15459,51.0
P14209,50.9
P02794,50.9
Q6DD88,50.9
Q15126,50.8
Q8NCW5,50.7
P23193,50.7
P62837,50.7
Q8IZ83,50.6
Q05469,50.5
Q9UDW1,50.4
P08579,50.2
Q96M27,50.1
Q3ZCQ8,50.0
Q14696,49.9
Q15393,49.9
Q15417,49.8
Q96HC4,49.7
Q9BWP8,49.6
P62273,49.5
F8W031,49.5
Q9UNZ2,49.5
Q13177,49.3
O43909,49.3
Q92882,49.2
Q96G03,49.2
O75380,49.2
Q9Y6B6,49.1
Q9NR12,49.1
H0YKD8,49.0
Q9NYF8,48.8
P17812,48.6
Q9HCC0,48.4
O15467,48.4
Q9UNF0,48.4
P40763,48.3
O14828,48.3
Q9H3N1,48.2
Q9BUJ2,48.2
Q15113,48.1
Q92973,48.1
Q15067,47.7
Q7Z406,47.6
P16035,47.5
Q9Y4G6,47.5
O14773,47.4
P21399,47.3
P17900,47.3
Q9H8H3,47.2
D6RAX7,47.2
O75822,47.1
Q9Y512,47.1
P11684,47.1
P07099,47.1
P46060,47.0
Q14515,46.9
Q9H910,46.9
P22694,46.8
P0DTE7,46.7
P0DTE8,46.7
P0DUB6,46.7
O75116,46.6
O00217,46.6
O60256,46.5
P46459,46.5
Q04323,46.5
P02452,46.5
Q9Y6E0,46.4
Q13155,46.4
Q14566,46.4
P11387,46.3
Q8N163,46.3
Q15424,46.2
Q00577,46.2
Q05519,46.2
Q92804,46.0
P10301,45.9
O15372,45.9
P0DPI2,45.9
Q9C005,45.9
O75828,45.8
P41271,45.8
P11047,45.8
O94826,45.8
Q969H8,45.8
S4R3N1,45.8
O76003,45.8
O75348,45.7
Q9BPX5,45.7
P45974,45.6
O95777,45.6
A0AAG2SXZ4,45.5
P01833,45.5
Q00341,45.4
A0A024R4E5,45.4
H7BZ11,45.4
A0A087WSZ2,45.4
P67775,45.3
A6NHG4,45.1
Q9BY32,45.1
O95782,45.1
P47897,45.1
Q13867,45.1
P43034,45.1
P29373,45.0
Q9NYU2,44.9
Q9NVD7,44.9
P60763,44.8
P10645,44.8
Q7L576,44.8
P62714,44.7
E5RI56,44.7
P23219,44.7
P27144,44.7
P35914,44.5
O43324,44.5
Q9Y6N5,44.5
Q0ZGT2,44.5
P23141,44.4
Q9GZS3,44.4
Q9BSF0,44.3
P46108,44.3
Q15428,44.3
O60763,44.2
P54105,44.2
P11279,44.2
E9PF82,44.1
P07288,44.1
P33176,44.0
Q92930,44.0
Q15819,43.9
P41159,43.9
P29218,43.9
P07947,43.8
A0A1X7SBR3,43.8
Q9NY12,43.7
Q96AP7,43.7
P50570,43.6
Q02252,43.6
Q16186,43.5
A0A1W2PQS6,43.5
P42025,43.5
Q15286,43.5
P02686,43.4
P13284,43.4
O60832,43.4
P09234,43.3
P11233,43.3
P09497,43.3
A0A0A0MRI2,43.3
P31151,43.2
Q9NP72,43.2
Q6NVY1,43.2
P35221,43.2
O75832,43.1
P45973,43.1
P15515,43.1
P21912,43.0
P62745,42.9
Q14192,42.9
Q14644,42.9
Q9Y5J7,42.9
Q9H0C2,42.8
Q9UN86,42.8
Q14525,42.7
P01911,42.6
P10620,42.6
Q8TAT6,42.6
P41226,42.6
Q9Y295,42.4
P09417,42.4
O95373,42.2
P03886,42.1
P22090,42.0
Q9Y5U9,42.0
O75643,41.9
O75663,41.9
Q8TCD5,41.8
P17612,41.7
Q99961,41.7
P08123,41.6
Q9Y2W1,41.5
Q9BRP8,41.5
Q04828,41.5
Q8WVM8,41.4
O43747,41.4
O43294,41.4
E9PDF2,41.4
Q9BVC6,41.3
P63165,41.3
P49747,41.2
Q9NX24,41.2
Q13409,41.1
F8VP50,41.1
Q9NZZ3,41.1
Q00059,41.1
Q13126,41.1
Q13541,41.0
Q9P2J5,40.9
Q8N1G4,40.9
Q08J23,40.9
Q8WXF1,40.9
P30154,40.9
P41223,40.9
P78385,40.9
P61020,40.8
Q9BQA1,40.8
Q92900,40.7
P55000,40.7
P35611,40.7
P46063,40.6
P37198,40.6
P19012,40.6
Q5SQ64,40.6
Q9NPJ3,40.6
P19086,40.5
Q9BXP5,40.5
P52758,40.5
Q9H0R4,40.5
P51911,40.5
P05067,40.4
O43447,40.3
Q15005,40.3
O00391,40.3
Q96E39,40.3
P30566,40.3
Q9NRX4,40.3
Q7RTV0,40.2
P31327,40.1
Q16881,40.1
P55263,40.1
Q01459,40.1
Q9Y608,40.0
Q14204,39.9
P52306,39.9
P11234,39.8
O43583,39.8
P00966,39.8
Q96DR5,39.8
Q16663,39.8
P61009,39.7
P01116,39.7
P04181,39.7
Q9NUJ1,39.6
Q9Y3D9,39.6
Q96A26,39.5
E7EQY1,39.5
P12532,39.5
Q9H3U1,39.4
P05771,39.4
P09668,39.4
O94979,39.3
Q8N1Q1,39.3
Q96AB3,39.3
Q16666,39.2
Q07507,39.1
Q3LXA3,39.1
Q14699,39.1
Q96IX5,39.0
P26440,39.0
Q96BM9,38.9
Q9UBB4,38.9
Q13451,38.8
Q9H444,38.8
P13637,38.8
P09110,38.8
O95861,38.7
Q9Y6C2,38.7
P01730,38.7
P60983,38.7
E9PFW3,38.6
P47929,38.5
Q8NFV4,38.5
Q5VZU9,38.4
Q10713,38.4
Q08945,38.4
Q96I99,38.4
Q9HAB8,38.3
Q9Y6E2,38.3
Q13045,38.3
O43813,38.2
Q7Z3Y8,38.2
Q14232,38.1
P19404,38.1
Q9H361,38.1
Q7Z434,38.0
Q6P2Q9,38.0
Q9Y5B9,37.9
Q9Y2Z0,37.8
Q86UP2,37.8
Q9UHA4,37.7
P49915,37.7
A0A9H3ZVF6,37.6
Q13247,37.6
Q04941,37.6
Q53EL6,37.6
O43491,37.5
Q9Y394,37.5
O75323,37.5
P27694,37.5
P51648,37.5
Q15293,37.4
P11908,37.4
P50440,37.4
Q14677,37.4
P23919,37.3
Q9BRJ6,37.2
P00846,37.2
Q13098,37.1
Q8IYB3,37.1
P07711,37.1
O14744,37.1
O15117,37.1
P13861,37.0
P32322,37.0
P33151,37.0
P18428,36.9
O94903,36.8
Q09666,36.8
Q9BSD7,36.7
Q13724,36.7
P82979,36.7
Q13951,36.6
Q15323,36.6
P01241,36.6
Q8NBN7,36.5
P14780,36.5
P36507,36.4
Q13740,36.4
Q9P2R7,36.3
Q9Y5M8,36.2
P37235,36.2
O43681,36.1
Q9UBV8,36.1
P28799,36.1
O00170,36.0
Q969E1,36.0
Q06210,36.0
Q14008,36.0
Q16143,35.9
Q6EEV6,35.9
P35080,35.8
Q8N2U0,35.8
O75746,35.7
J3KQ48,35.7
Q8WWY3,35.7
P35249,35.7
O95994,35.6
P49448,35.6
P13798,35.6
Q96EE4,35.5
Q96JB5,35.5
O60701,35.4
Q9UBW8,35.4
Q9BVG4,35.4
Q14344,35.3
P40199,35.3
Q9Y383,35.3
P17540,35.3
Q9Y3B7,35.3
O95202,35.2
O00233,35.2
Q56VL3,35.2
O60749,35.1
A6NHL2,35.1
Q9Y237,35.1
Q14980,35.0
O96019,34.9
P02812,34.9
Q9NZ01,34.9
P08319,34.9
P78344,34.9
D3DQV9,34.9
Q13492,34.8
O15523,34.8
Q13547,34.8
Q14896,34.8
P35222,34.8
Q9H773,34.8
P23786,34.7
Q9UM00,34.7
Q14157,34.7
P30520,34.7
P61201,34.7
Q16762,34.6
Q9NX58,34.6
O75935,34.6
Q99598,34.6
P53985,34.5
O60925,34.5
A0A0A0MT64,34.5
Q13361,34.5
Q16864,34.4
Q8WU90,34.4
P53582,34.4
Q8IUI8,34.4
P10646,34.3
P10916,34.3
Q9UNF1,34.2
Q16401,34.2
P36405,34.2
P52815,34.1
O60927,34.1
O15382,34.1
Q9Y6A9,34.1
P19388,34.0
Q9Y3A5,34.0
Q9NZ08,34.0
Q8NE86,33.9
Q14254,33.9
P61960,33.8
P13995,33.8
P36551,33.7
P11277,33.7
Q9NRX1,33.7
O00479,33.7
Q9NPC6,33.6
Q86TD4,33.6
O76094,33.6
P60891,33.6
Q96HY6,33.6
P04921,33.6
P19525,33.5
Q9BZZ5,33.5
Q92769,33.5
Q96S97,33.5
P19961,33.3
Q9H6F5,33.2
P04818,33.2
Q9Y6G9,33.2
P04271,33.2
Q7LDG7,33.1
Q5TEC6,33.1
P11171,33.1
P12270,33.1
P32320,33.0
P53675,33.0
P48740,33.0
P30038,32.9
Q96A00,32.9
Q15041,32.8
O15067,32.7
Q9BX67,32.7
Q15436,32.7
Q92597,32.6
O00425,32.6
A0A8J8YU24,32.6
Q14166,32.6
P17252,32.6
Q13404,32.6
Q9UHB9,32.5
Q92734,32.5
P40616,32.5
P68400,32.4
O14929,32.4
Q5XKE5,32.4
Q9Y5P6,32.4
P15104,32.4
Q16822,32.3
Q6UW68,32.3
Q9UK45,32.3
P41227,32.3
P55735,32.3
Q9GZZ1,32.3
Q92878,32.2
L7N2F9,32.1
P09172,32.1
P15170,32.1
Q99627,32.0
Q06187,32.0
Q9NZL9,32.0
P49593,32.0
Q96RU3,32.0
A0A087WTQ4,31.9
P08243,31.8
Q8N699,31.8
X6R8A1,31.8
P43307,31.8
Q92665,31.8
P57088,31.8
Q9Y3C8,31.8
P22307,31.8
Q9H0E2,31.7
P48556,31.7
A0A087WWD4,31.7
Q9BTV4,31.7
Q9UNN8,31.7
Q9H4A6,31.7
O14949,31.7
P19784,31.6
P17655,31.5
P15559,31.5
Q96A33,31.5
Q9UHY7,31.5
Q8NBT2,31.4
Q86YZ3,31.4
Q02338,31.3
Q9Y6H1,31.3
P80108,31.3
O94919,31.3
Q96I24,31.3
P61764,31.3
Q9NPA8,31.2
P11678,31.2
O75306,31.1
P80303,31.0
P11172,31.0
Q9UI08,31.0
O95816,31.0
Q9NPH2,31.0
Q14112,31.0
K7ERQ8,30.9
P49756,30.9
P37059,30.9
Q9UMY4,30.9
Q8WZ42,30.9
P01112,30.8
P52895,30.7
O60262,30.7
P61803,30.7
Q16539,30.7
Q14061,30.7
P48507,30.6
Q5QPK2,30.6
P25774,30.6
Q7Z7H5,30.6
F8WCA0,30.5
Q8WWM7,30.5
Q6NXT2,30.4
P20339,30.4
P61326,30.4
Q9UKD2,30.4
Q9H8Y8,30.4
P53007,30.4
Q969T9,30.3
Q9H7Z7,30.3
P35813,30.2
P03973,30.2
Q9Y3Y2,30.2
O75521,30.2
Q9P035,30.1
Q9Y6M9,30.1
Q9H845,30.1
Q6L8Q7,30.1
Q12765,30.1
Q00169,30.1
Q9H4A4,30.0
Q9Y251,30.0
Q9UN36,30.0
Q16134,30.0
Q9NRN7,30.0
Q86Y82,29.9
A0A087WWM0,29.9
P08118,29.9
P61619,29.8
Q9NTJ3,29.8
P40937,29.8
Q02818,29.7
P45954,29.6
Q5JWF2,29.6
Q9UNS2,29.6
O14974,29.5
O76009,29.5
Q15287,29.5
O75351,29.5
P61421,29.4
P07766,29.4
A0A087WT44,29.4
O95571,29.4
P16284,29.4
P49354,29.3
Q15758,29.3
Q9UGI8,29.3
P67812,29.2
Q96EL3,29.2
P09488,29.2
P47813,29.1
Q9UHL4,29.1
Q9NZI8,29.1
P13727,29.1
Q6ZMR3,29.1
Q04446,29.0
Q92905,29.0
Q9C0C9,29.0
Q9NWV4,29.0
P01111,29.0
Q9UI30,29.0
Q96A72,28.9
O60812,28.9
O95182,28.9
P53992,28.9
P34896,28.9
Q9HCN8,28.7
Q96HS1,28.7
Q9Y5A9,28.7
Q8N684,28.7
Q14151,28.7
P0DP57,28.6
Q8NBX0,28.6
A0A096LP55,28.6
P50461,28.5
Q9H074,28.5
Q9NSE4,28.5
P48163,28.5
Q15102,28.5
P00326,28.4
P59768,28.4
O75439,28.4
Q7Z3Y7,28.4
Q14012,28.4
P53634,28.3
O75251,28.2
P11441,28.2
Q9NRV9,28.2
P60468,28.1
O75436,28.1
P51570,28.1
Q13976,28.0
Q93009,28.0
Q92616,28.0
Q8WUD1,28.0
P42330,28.0
P62861,28.0
Q96GC5,27.9
P05026,27.9
Q01581,27.9
Q8NBM8,27.9
A0A499FJE1,27.9
Q9H3K6,27.9
P17568,27.8
Q8TDN6,27.7
O75534,27.7
O75594,27.7
H7C2Q8,27.7
A0A0C4DG89,27.6
Q96TC7,27.6
A0A3B3ISS9,27.6
O00629,27.6
Q9H840,27.5
O75223,27.5
Q15485,27.5
Q13043,27.4
Q12974,27.4
B7ZW38,27.4
P0DMR1,27.4
Q9Y3Z3,27.4
B2RXH8,27.4
P55265,27.4
P19320,27.4
Q9UII2,27.4
O94925,27.3
Q9Y5K6,27.3
E9PAL0,27.3
Q6P2E9,27.3
O14602,27.2
Q86UE4,27.2
Q9UHB6,27.2
Q9BYN8,27.2
Q8NEV1,27.1
Q32MZ4,27.1
Q14318,27.1
O60220,27.1
O00764,27.1
P52701,27.0
Q4VC31,27.0
Q99417,27.0
P50583,27.0
Q08752,27.0
P10253,27.0
Q9NVS9,26.9
Q9UBR2,26.9
P23434,26.9
Q6PKG0,26.9
A0A0J9YXJ0,26.9
P82909,26.9
A0A087WW40,26.9
Q9Y3C6,26.9
P51553,26.9
Q8NBU5,26.8
Q9NZQ3,26.8
Q15746,26.8
Q9UJS0,26.8
P43897,26.8
P52888,26.7
P23297,26.7
Q8WXX5,26.7
Q96BX8,26.7
Q15642,26.7
Q5JSH3,26.7
P46926,26.6
Q9Y4Z0,26.6
Q6YN16,26.6
Q9UBS4,26.5
P39059,26.5
P06730,26.5
O75431,26.5
Q5LJA5,26.4
Q96QR8,26.4
P07864,26.4
P11388,26.4
Q7L8L6,26.4
Q08623,26.3
Q99614,26.3
P30613,26.3
O75940,26.3
Q96C24,26.3
Q9Y221,26.2
Q9BX10,26.2
Q2VIR3,26.2
O14617,26.2
A0A2Y9D025,26.2
P51398,26.1
Q52LJ0,26.1
Q68EM7,26.1
P30419,26.1
Q9Y2X8,26.1
Q8NBJ4,26.1
O60313,26.1
Q13501,26.0
Q9NX55,26.0
Q9UQE7,26.0
Q96C90,25.9
P35270,25.8
Q86X76,25.7
Q13895,25.7
P62072,25.7
P11182,25.6
Q14657,25.6
Q14BN4,25.5
P41218,25.5
J3KPP4,25.5
Q05209,25.5
Q2TAA2,25.4
A0A087WV05,25.4
Q15388,25.4
Q15020,25.3
P02724,25.2
Q96CX2,25.2
Q15437,25.2
P42285,25.1
P13674,25.1
O15127,25.1
O95347,25.1
O43561,25.1
Q9BUN1,25.1
P51668,25.1
Q96C36,25.0
Q9H2J4,25.0
P05121,25.0
P12074,25.0
Q96AZ6,24.9
P17480,24.9
Q8WVJ2,24.9
P27708,24.8
Q13630,24.8
Q9BXJ9,24.8
P14678,24.8
O14983,24.8
P12829,24.7
Q14683,24.7
H0YAE9,24.7
Q9UKV3,24.6
O95573,24.6
Q9H939,24.6
Q9NPE3,24.6
Q5EB52,24.6
O94788,24.6
Q14914,24.5
M0QYM2,24.5
P21283,24.5
O43615,24.5
Q14258,24.4
G5EA30,24.4
Q9Y570,24.4
Q9Y4D1,24.3
Q9P289,24.3
O15258,24.3
Q14376,24.3
P32321,24.2
Q96GG9,24.2
P60520,24.2
P36639,24.2
P07686,24.2
M0QZK8,24.2
P54619,24.1
O43660,24.1
Q96AC1,24.1
Q9BZE4,24.1
Q16363,24.0
O15042,24.0
Q96Q11,24.0
P10155,24.0
Q16527,23.9
Q14894,23.9
P23634,23.9
Q8N392,23.9
Q8NBF2,23.8
O75208,23.8
Q14978,23.8
Q14739,23.8
Q9Y5Z4,23.7
P52943,23.7
P43405,23.7
Q7Z4V5,23.7
Q9Y2S6,23.6
P63162,23.6
O14672,23.6
Q5TFE4,23.6
P20936,23.6
Q5JTV8,23.6
O15116,23.6
Q96T51,23.6
Q13596,23.6
P78406,23.5
Q9BQG0,23.5
P08263,23.5
Q99584,23.5
Q99459,23.5
P61011,23.5
O00422,23.5
P55039,23.5
Q9BWF3,23.5
O43150,23.4
Q9UK41,23.4
O00203,23.4
P15954,23.4
A0A8Z5A536,23.3
A0A087X1S7,23.3
Q9UI09,23.3
P18846,23.3
A0A804H2H4,23.3
Q14676,23.2
O00533,23.2
Q9P0J0,23.2
Q9H307,23.2
P16422,23.1
Q14195,23.1
Q9Y3E1,23.1
Q96AT9,23.1
Q96P70,23.1
D6RAM3,23.0
O95218,23.0
Q9UNL2,23.0
Q15274,23.0
Q13057,23.0
P82650,23.0
Q9NQ29,22.9
P82663,22.9
P61024,22.9
H3BMD8,22.8
F8VXC8,22.8
Q05193,22.8
O00116,22.8
Q8N1F7,22.8
Q9BRG1,22.7
Q7Z3Z0,22.7
Q969X5,22.7
Q9NVP1,22.7
Q99613,22.6
Q9NQG5,22.6
Q9BYD1,22.6
J3KQN4,22.6
O94905,22.6
P06241,22.6
Q5VW32,22.6
Q9NRP0,22.6
A0A2R8Y619,22.6
O75569,22.5
Q06124,22.5
Q9Y4W6,22.5
P53367,22.4
Q13595,22.4
Q06203,22.4
Q9H9J2,22.4
P05451,22.4
Q9NWU5,22.4
Q14508,22.3
Q96TA1,22.3
Q7Z3B1,22.3
P51606,22.3
P0DMM9,22.3
P0DMN0,22.3
Q9Y5K8,22.3
Q9UMX0,22.3
A0FGR8,22.2
P15309,22.2
Q9NQ75,22.2
P16219,22.2
Q9H6Z4,22.2
Q9BYD3,22.2
Q14839,22.2
Q92572,22.2
P63211,22.2
O00584,22.1
Q86XP3,22.1
Q15785,22.1
P51114,22.1
P02795,22.1
Q13564,22.1
Q9UKX7,22.1
Q9P2X0,22.0
O95757,22.0
Q5J8M3,22.0
Q9UBF2,22.0
P55290,21.9
Q9H9H4,21.9
Q9UEW8,21.9
Q9ULH1,21.9
Q9C0I1,21.9
Q13907,21.9
Q15370,21.9
Q9P287,21.9
Q9Y547,21.8
O00186,21.8
O94874,21.8
Q9GZP4,21.8
O14776,21.8
P51808,21.8
Q53GS9,21.7
Q92608,21.7
O94776,21.7
P60604,21.7
A0A3B3ISG8,21.7
M0QYZ2,21.6
Q9H0W9,21.6
Q6GMV3,21.6
Q13363,21.6
P16157,21.6
Q7KZ85,21.6
O95168,21.5
Q96HJ9,21.5
A0A0A6YYJ8,21.5
Q16774,21.5
O94973,21.5
Q9NVI7,21.5
Q05707,21.5
P13747,21.4
P15144,21.4
L7MUG9,21.4
Q96C86,21.4
P01906,21.4
Q9GZZ9,21.3
P84074,21.3
Q15738,21.3
P61927,21.3
Q9Y2T7,21.3
Q9UQ35,21.2
P16885,21.2
Q9BZQ8,21.2
Q8TD47,21.2
Q8ND56,21.2
P36952,21.2
Q9NVG8,21.2
P55008,21.1
P20592,21.0
O15498,21.0
P61966,21.0
P22891,21.0
O00330,21.0
Q53FT3,21.0
Q14761,20.9
P48147,20.9
Q12846,20.9
Q9NTX5,20.9
Q8WVN6,20.9
O76076,20.9
O00505,20.8
P04085,20.8
P53041,20.8
P51809,20.8
O43516,20.7
Q96F07,20.7
P49589,20.7
P07093,20.7
P14735,20.7
P09467,20.7
Q9UH65,20.7
Q96EY4,20.7
P82921,20.7
Q8IXM3,20.6
Q92530,20.6
P63151,20.6
Q08170,20.6
Q09161,20.6
O00139,20.6
Q14651,20.6
E7ETB3,20.5
P80297,20.5
Q9H0A0,20.5
Q5VWZ2,20.5
Q13158,20.5
Q13449,20.5
G5EA09,20.4
Q16653,20.4
E9PCN2,20.4
P05120,20.4
Q9BY44,20.4
Q96FQ6,20.4
Q92922,20.4
Q6NUK1,20.3
Q05655,20.3
Q99986,20.3
P13473,20.3
B5ME19,20.3
Q9BQ61,20.2
Q96IJ6,20.2
Q9Y305,20.2
Q96HR9,20.2
O75844,20.1
O14964,20.1
Q8IY22,20.1
P27361,20.1
Q96A49,20.1
P13807,20.1
Q6ZVM7,20.1
Q8TF66,20.0
O43674,20.0
Q92556,20.0
P52434,20.0
O15305,20.0
A0A1B0GTU1,20.0
P18615,19.9
Q99653,19.9
Q684P5,19.9
Q8N5M4,19.9
P08709,19.9
P05187,19.9
O95721,19.9
O60264,19.8
Q9Y605,19.8
O95394,19.8
Q9GZT8,19.8
Q06141,19.8
P50579,19.8
J3KQ41,19.8
Q9UBG3,19.8
P46087,19.8
P09210,19.7
P29992,19.7
P35250,19.7
P53672,19.7
P01308,19.7
Q13405,19.7
O75607,19.7
P63316,19.7
Q9NR46,19.7
Q9UIQ6,19.7
O95793,19.6
Q9H3P7,19.6
Q9H8S9,19.6
O00743,19.6
Q9NRG7,19.6
Q9P107,19.6
Q30154,19.6
Q9BUT1,19.5
Q15762,19.5
P78324,19.5
A0A499FIA3,19.5
A0A140TA86,19.4
C9JJ19,19.4
P52594,19.4
P17050,19.4
Q92947,19.4
Q9Y2R9,19.4
Q99816,19.4
Q9BVP2,19.4
Q00534,19.4
O75694,19.3
A0AVT1,19.3
Q9Y2T2,19.3
O75791,19.3
Q9UIB8,19.2
O60496,19.2
Q8N335,19.2
A0A0A6YYG9,19.2
O43181,19.2
Q6MZM9,19.2
P57764,19.2
P07738,19.2
P09471,19.1
P49407,19.1
O60488,19.1
Q9Y639,19.1
Q9P016,19.1
Q9UNK0,19.0
Q8TAX7,19.0
P31350,19.0
Q13464,19.0
Q7Z3B4,19.0
P56524,18.9
Q6UXN9,18.9
Q9NWB6,18.9
Q9Y2Q9,18.9
O43182,18.9
Q53H12,18.8
P46439,18.8
Q96EK6,18.8
Q9Y315,18.8
Q9NT62,18.8
O95295,18.8
O95563,18.8
Q9Y5L0,18.7
Q99805,18.7
P19022,18.7
A0A0G2JMY6,18.7
Q969G3,18.7
Q9UFG5,18.6
P23921,18.6
Q96CS3,18.6
P05161,18.6
O43795,18.6
H0YNJ6,18.5
A0A2R8YG42,18.5
G3V4T6,18.5
Q7Z7G0,18.5
Q16352,18.4
O95747,18.4
P29728,18.4
Q9NPQ8,18.4
P05107,18.4
Q8TCS8,18.4
Q16563,18.4
Q9H488,18.4
P50993,18.4
Q12972,18.3
Q9HBL7,18.3
Q86X55,18.3
P42566,18.3
Q9NSB2,18.2
Q9Y3A6,18.2
Q92526,18.2
O75792,18.2
Q9NP97,18.2
Q9NS28,18.2
O75934,18.2
Q9P000,18.2
Q96SI9,18.1
P28288,18.1
Q99732,18.1
P05166,18.1
Q9Y676,18.1
Q15124,18.1
Q7L5N1,18.1
Q8IWS0,18.1
Q9HCY8,18.0
P31997,18.0
Q53H82,18.0
Q8TF64,18.0
P13688,18.0
O95989,18.0
P13984,18.0
Q7L9L4,18.0
P42229,18.0
Q9BV57,17.9
Q9HAT2,17.9
Q96QD8,17.9
Q9Y3D3,17.9
Q10471,17.9
Q8WYJ6,17.9
J3KNL2,17.9
O00541,17.8
Q96FE7,17.8
P80217,17.8
A6NDG6,17.8
Q8NFU3,17.8
O95139,17.7
Q05315,17.7
Q92876,17.7
Q6JBY9,17.7
P16220,17.6
Q8WUY1,17.6
Q9Y5X3,17.6
P36969,17.6
Q86VS8,17.6
P25685,17.6
Q9UM54,17.6
P26998,17.6
Q9NSI8,17.6
P22304,17.5
B1AP13,17.5
Q8N4V1,17.5
Q8N4Q1,17.5
P40222,17.5
Q9BXW7,17.5
Q99952,17.5
P19387,17.5
Q03013,17.5
Q9BQ67,17.5
P60413,17.4
H3BVE0,17.4
Q13542,17.3
Q5U5X0,17.3
Q8NCA5,17.3
O95197,17.3
Q13131,17.2
P82673,17.2
Q9BXN1,17.2
Q93088,17.2
Q9Y450,17.2
Q9UBC9,17.2
Q9NR56,17.2
Q02952,17.2
Q92496,17.1
Q9H8L6,17.1
Q9BSH4,17.1
Q9UEY8,17.1
Q96SB4,17.1
P24941,17.1
Q9Y3P9,17.1
Q13123,17.1
Q9UBM7,17.0
F5GXR3,17.0
Q96DA0,17.0
Q96J01,17.0
Q14684,17.0
G3V3A4,17.0
P46821,17.0
Q01085,17.0
Q6PD74,17.0
O14735,17.0
Q13618,16.9
P01178,16.9
P51692,16.9
O00267,16.9
O60880,16.9
Q9H6D7,16.9
Q15075,16.9
P23258,16.9
Q13505,16.9
P62312,16.8
Q969G6,16.8
Q9UQM7,16.8
P52788,16.8
Q9UDY2,16.8
Q9UFN0,16.8
Q969E4,16.8
P40938,16.8
P53602,16.8
O14957,16.8
P29508,16.8
P50226,16.8
Q9NYP7,16.7
Q16763,16.7
Q9UBC2,16.7
Q13835,16.7
Q9HA64,16.7
Q9NQ88,16.7
P36915,16.7
O43847,16.6
Q8TEX9,16.6
Q92552,16.6
P02549,16.6
P22059,16.6
Q9BV38,16.6
Q9UIA9,16.6
Q9NP77,16.6
P27707,16.6
Q9Y4H4,16.6
Q99747,16.6
Q14919,16.5
P36404,16.5
Q15006,16.5
Q3LI83,16.5
Q5H9R7,16.5
P80404,16.5
Q96RQ3,16.5
Q86VB7,16.5
Q9Y3L5,16.4
Q13428,16.4
Q9NPD3,16.4
A0A8I5KHR1,16.4
Q9BW27,16.4
Q7Z3D6,16.4
Q15392,16.3
Q9NQ79,16.3
Q9Y5Y2,16.3
Q6P996,16.3
Q14C86,16.3
O60783,16.3
Q9NUB1,16.3
Q13884,16.3
Q96DV4,16.2
O60831,16.2
P51159,16.2
P35612,16.2
Q6FI81,16.2
P08397,16.2
Q9NVH1,16.2
Q99615,16.2
Q02880,16.2
O75995,16.1
P43246,16.1
Q9H993,16.1
Q7Z2W4,16.1
O95167,16.1
Q9GZL7,16.1
Q12788,16.1
Q9Y2W2,16.1
Q96FZ7,16.1
Q7Z6Z7,16.1
O75506,16.1
Q96IZ0,16.1
O14958,16.0
Q02413,16.0
Q9HB07,16.0
Q8TBC4,16.0
Q9BS40,16.0
Q9Y4E8,16.0
P49959,16.0
P48509,16.0
P36222,16.0
P49961,15.9
P82932,15.9
Q99643,15.9
Q9BT09,15.9
P38571,15.9
Q14554,15.8
O43172,15.8
Q9C0K3,15.8
P16083,15.8
Q9HAV4,15.8
Q8WWA1,15.8
Q9Y3B2,15.8
Q9NZM1,15.7
Q92974,15.7
A0A7I2PLE3,15.7
Q8TEM1,15.7
P54868,15.7
Q96B97,15.7
Q9NZB2,15.7
Q9BY67,15.7
Q8NFH5,15.7
Q9UBI1,15.6
Q9BPU6,15.6
O15231,15.6
Q6YP21,15.6
Q9NR50,15.6
Q8WXF7,15.6
Q9Y3D7,15.6
O43592,15.6
Q14694,15.6
P35442,15.6
Q9P0M9,15.6
Q9UBX5,15.6
Q9UD71,15.6
P46937,15.6
Q92599,15.5
Q9NVZ3,15.5
Q8NF37,15.5
Q8N183,15.5
O43237,15.5
P12318,15.5
Q8NBQ5,15.5
Q9P015,15.5
O75381,15.4
P50851,15.4
Q53FA7,15.4
O15160,15.4
O43639,15.4
P16278,15.4
Q92797,15.4
Q9NRR3,15.4
Q86YS6,15.4
O60613,15.4
Q9NZL4,15.4
Q8NEU8,15.4
Q969V3,15.4
Q9UKG1,15.4
Q16637,15.4
Q13303,15.4
Q9H3Z4,15.3
Q9BYC9,15.3
Q9NPA0,15.3
O75352,15.3
Q9HD33,15.3
E7ERS3,15.3
P08493,15.3
Q9BV20,15.3
P28676,15.3
Q08209,15.3
P08240,15.2
Q5RKV6,15.2
A0A2Q3DQE3,15.2
O00499,15.2
A0A0A0MR39,15.2
Q10589,15.1
P34949,15.1
Q05048,15.1
Q13094,15.1
P49247,15.1
P00374,15.1
I3L4Q0,15.1
F8W930,15.1
Q9H446,15.1
H3BNX3,15.1
Q969Z0,15.1
O60784,15.1
Q9UKR5,15.1
Q8N126,15.0
P18858,15.0
Q9BYD6,15.0
O75477,15.0
Q8N983,15.0
P32455,15.0
P30837,15.0
A6ND91,15.0
Q9Y6A4,14.9
Q6NYC8,14.9
P21128,14.9
O95169,14.9
O95983,14.9
P30533,14.8
Q8TDX7,14.8
Q8WU79,14.8
Q9ULZ3,14.8
Q9Y263,14.8
Q13257,14.8
Q96GU1,14.8
P63172,14.8
Q9UJW0,14.8
F8W6G1,14.8
P23280,14.8
Q8WYA6,14.8
Q99959,14.8
P61018,14.8
Q9GZR7,14.8
Q9H2K8,14.8
P08473,14.7
O95497,14.7
P13640,14.7
P61457,14.7
Q96N66,14.7
Q9P1U1,14.7
G3V325,14.7
P04440,14.6
P57737,14.6
A0A0A6YYL4,14.6
Q8WVY7,14.6
Q7Z2W9,14.6
Q9UDT6,14.6
O94906,14.6
Q96I25,14.6
Q9NXG2,14.6
Q92544,14.5
P04637,14.5
Q9P0S9,14.5
A0A2R8YDH4,14.5
A0A1W2PQ47,14.4
Q53GG5,14.4
Q99720,14.4
P07316,14.4
Q9H0D6,14.4
Q16204,14.4
Q13616,14.4
Q5BKZ1,14.4
Q8TDQ7,14.4
Q8NFW8,14.4
O95817,14.3
Q9Y3E0,14.3
Q10588,14.3
Q14289,14.3
Q96T76,14.3
O43670,14.3
Q9BVT8,14.3
Q9NZ32,14.3
P51151,14.3
O43290,14.3
Q13496,14.3
Q13554,14.3
Q96BR5,14.3
Q9UGP8,14.3
A0A087WZQ7,14.3
Q969X0,14.3
Q13868,14.2
Q9NRH3,14.2
P20020,14.2
P04424,14.2
P08962,14.2
Q7Z7F7,14.2
Q9UNE7,14.1
Q92600,14.1
Q9BZX2,14.1
Q9Y3L3,14.1
Q9NYB0,14.1
Q96E11,14.1
Q9NQ38,14.0
Q92733,14.0
Q9UH99,14.0
P39060,14.0
Q99456,14.0
Q6QEF8,14.0
P12830,14.0
P18583,14.0
Q6KB66,14.0
Q9Y2X7,13.9
Q9BUP0,13.9
P49758,13.9
P51610,13.9
P55160,13.9
O00506,13.9
Q8IX12,13.9
Q9UNN5,13.9
O94804,13.9
A0A0C4DFZ2,13.8
O75459,13.8
Q9UJJ9,13.8
A0A087WXI2,13.8
A0A075B6F9,13.8
P11498,13.8
Q9UI12,13.8
O43719,13.8
A0A0U1RQQ9,13.8
O75496,13.8
P46976,13.8
P12035,13.8
P07197,13.8
Q15125,13.8
Q9Y365,13.7
Q9NPY3,13.7
P21953,13.7
O15155,13.7
J3KN16,13.7
Q9BXV9,13.7
Q12792,13.7
Q9NRX2,13.7
Q8TDB4,13.7
Q8ND76,13.7
P82970,13.6
X6RM59,13.6
E7EWR4,13.6
O95183,13.6
Q6Y7W6,13.6
Q9P1U0,13.6
Q9HD42,13.6
Q14137,13.6
Q9Y530,13.5
P52298,13.5
Q9NX46,13.5
P30876,13.5
Q5JTH9,13.5
Q15021,13.5
Q9NRW7,13.5
Q5RJ85,13.5
Q9BYG3,13.5
Q9UKS6,13.5
Q29RF7,13.5
Q9Y399,13.5
O76013,13.4
P35443,13.4
Q8N8S7,13.4
P51153,13.4
O15269,13.4
P51649,13.4
Q6A162,13.4
Q9UG63,13.4
P49137,13.4
P04279,13.4
E9PL57,13.3
P35573,13.3
Q01658,13.3
Q9Y6K5,13.3
Q96GX9,13.3
P35658,13.3
O60547,13.3
Q6DKI1,13.3
O14548,13.3
Q15165,13.3
Q9BW30,13.2
H7C2Y5,13.2
Q8N3F0,13.2
P11844,13.2
Q9NWU2,13.2
Q99943,13.2
P21549,13.2
Q8IYD1,13.2
Q9Y3C1,13.2
Q6I9Y2,13.2
Q8WTS1,13.1
Q13084,13.1
P26358,13.1
Q15306,13.1
Q96A35,13.1
P04155,13.1
Q92504,13.1
P52789,13.1
P11717,13.1
Q9BUQ8,13.0
Q6UXV4,13.0
Q6E0U4,13.0
P0DP58,13.0
Q13617,13.0
Q14738,13.0
P22830,13.0
Q9NRG1,13.0
Q4V328,13.0
O94875,12.9
P62256,12.9
P20036,12.9
O00178,12.9
P0DN37,12.9
Q6P5R6,12.9
Q96DA6,12.9
Q9BQ69,12.9
P07942,12.9
Q8N6H7,12.9
Q9Y244,12.8
I3L0A0,12.8
P05165,12.8
Q01524,12.8
Q9Y3D0,12.8
P55081,12.8
P25440,12.8
P48634,12.8
P29590,12.8
Q92696,12.8
Q8N668,12.8
P11169,12.8
A0A087WTZ6,12.8
O95671,12.8
Q96I23,12.7
P82912,12.7
Q9HCE1,12.7
P22105,12.7
Q969X1,12.6
P15529,12.6
Q9Y296,12.6
Q9NRY5,12.6
P55058,12.6
A0A7N4I394,12.6
Q9H061,12.6
Q7Z5L9,12.5
Q96RP9,12.5
Q9BRT6,12.5
A0A087WZE9,12.5
P57740,12.5
Q9HD45,12.5
Q8IY81,12.5
P52948,12.5
P46734,12.5
Q9Y294,12.5
O95466,12.5
Q6PJW8,12.5
O60216,12.5
O14562,12.5
P16520,12.5
P30838,12.4
O00273,12.4
O14879,12.4
Q6ICL3,12.4
A9UHW6,12.4
O95456,12.4
P31483,12.4
Q7Z478,12.4
Q9NRP2,12.4
Q7Z5G4,12.4
H3BP20,12.3
Q5TDH0,12.3
O96013,12.3
Q9NVK5,12.3
Q16775,12.3
Q6PI48,12.3
Q05397,12.3
P31994,12.3
P55212,12.3
Q969M7,12.3
Q9Y3E7,12.3
Q96DG6,12.3
Q9P032,12.3
O14604,12.3
P14651,12.2
P39210,12.2
Q96C23,12.2
Q6BCY4,12.2
Q6PUV4,12.2
Q92896,12.2
Q12959,12.2
Q96DB5,12.2
P15586,12.2
O60684,12.2
Q9GZU8,12.2
Q5JRX3,12.1
P10114,12.1
P49903,12.1
Q8IXB3,12.1
Q12996,12.1
P24821,12.1
Q9Y2J2,12.1
Q9NZJ7,12.1
P43155,12.1
Q9UPN7,12.1
Q9UHG2,12.1
Q92747,12.1
Q6QNY1,12.0
Q8WW59,12.0
Q9H1K1,12.0
Q9Y2A7,12.0
Q5TH69,12.0
P62253,12.0
Q8WUM0,12.0
P09601,12.0
Q7LBR1,11.9
F6VRR5,11.9
Q9Y6I3,11.9
Q6P587,11.9
G3V2U7,11.9
P78356,11.9
P0DPB6,11.9
Q13445,11.9
P35269,11.9
Q9H0C8,11.9
Q9Y3C4,11.8
Q15645,11.8
P61964,11.8
P15313,11.8
Q8NFH3,11.8
Q9HC35,11.8
Q15276,11.8
O95857,11.8
P17516,11.8
Q9P0U1,11.8
Q9BU89,11.7
Q9NW13,11.7
Q9UMS0,11.7
Q9NXR7,11.7
Q5VVH2,11.7
Q8N6T3,11.7
A6NIH7,11.7
Q96A65,11.7
Q13268,11.6
Q92621,11.6
Q9BQA9,11.6
Q5RI15,11.6
Q8N5N7,11.6
Q9H2H8,11.6
Q9H832,11.6
Q9Y5X1,11.6
E7ERK9,11.6
Q00535,11.6
Q5T4S7,11.6
Q8IV08,11.6
F5H6H0,11.6
O75175,11.6
Q9Y2L1,11.5
Q9C002,11.5
Q8N766,11.5
P08833,11.5
Q5JTJ3,11.5
Q99447,11.4
P61601,11.4
Q9Y279,11.4
Q92575,11.4
Q96B26,11.4
Q12849,11.4
P05976,11.4
P60411,11.4
Q9BW83,11.4
Q3MHD2,11.4
A0A0C4DGB0,11.4
Q96CM8,11.3
Q3YEC7,11.3
O14933,11.3
P23511,11.3
Q9BTW9,11.3
P49585,11.3
Q96KB5,11.3
Q14353,11.3
Q13425,11.3
Q03518,11.3
Q9NTI5,11.3
O15027,11.2
Q96GK7,11.2
C9JFV4,11.2
Q9Y6Y8,11.2
Q9BRF8,11.2
Q9BYD2,11.2
P52294,11.2
A0A087X1R1,11.2
Q2TAY7,11.1
Q9BVL2,11.1
Q92901,11.1
P57729,11.1
Q92614,11.1
P29279,11.1
O14787,11.1
Q13523,11.1
P55103,11.1
Q9GZM7,11.1
Q9UK22,11.1
O95670,11.1
Q7Z5R6,11.1
P25490,11.1
O14656,11.0
Q15172,11.0
Q92888,11.0
Q9Y421,11.0
P33552,11.0
O15204,11.0
Q9Y241,11.0
Q9BYZ2,11.0
P19878,11.0
P40855,11.0
Q7Z4H8,11.0
O75688,11.0
Q9Y520,11.0
Q15427,11.0
H0YHG0,11.0
Q9Y3B3,11.0
Q13232,11.0
Q8N4L2,11.0
Q9P013,10.9
P11802,10.9
Q9BU61,10.9
Q99567,10.9
Q86W42,10.9
Q96EY7,10.8
O43924,10.8
Q9NVI1,10.8
P56181,10.8
Q8TDP1,10.8
P20933,10.8
O60218,10.8
Q9UHD9,10.8
Q01546,10.7
P50452,10.7
P48304,10.7
Q12965,10.7
Q16537,10.7
P10176,10.7
Q9H0U6,10.7
Q9Y6K9,10.7
Q15024,10.7
Q9NZD2,10.7
Q969U7,10.7
Q9NQT4,10.7
P49770,10.7
O60341,10.7
Q9BPX3,10.7
Q13217,10.7
Q9BUP3,10.7
P60510,10.7
Q8NDY3,10.7
P22033,10.7
Q9H0N0,10.7
P35555,10.7
P29762,10.7
P18887,10.7
O43252,10.7
O14907,10.6
Q8NBP7,10.6
O43402,10.6
Q9BY50,10.6
Q9ULI3,10.6
Q13287,10.6
P41236,10.6
Q66K74,10.6
P48594,10.6
P78346,10.6
Q53S08,10.6
O94888,10.6
O00585,10.6
P04066,10.6
O43148,10.6
Q13190,10.6
Q96P48,10.5
Q7L5D6,10.5
Q8NG06,10.5
Q8NAV1,10.5
P30511,10.5
O75153,10.5
Q07866,10.5
Q9NRF9,10.5
Q6P1X6,10.5
Q9NYL4,10.5
P98175,10.5
Q8NB12,10.5
Q96KA5,10.5
P27449,10.5
O95166,10.5
J3KNE7,10.5
Q8WXA9,10.4
Q96PU8,10.4
Q9NPF4,10.4
P83111,10.4
O95864,10.4
Q86SG7,10.4
P07333,10.4
P21108,10.4
A0A0B4J207,10.4
Q9H6Q3,10.4
Q15118,10.3
P17081,10.3
Q8WVC6,10.3
Q9NWH9,10.3
Q96EY8,10.3
Q99757,10.3
Q8IZA0,10.3
Q9Y316,10.3
P22894,10.3
Q15042,10.2
Q9H936,10.2
Q5TBB1,10.2
O75312,10.2
O60502,10.2
Q92843,10.2
Q9Y4Y9,10.2
P22079,10.2
Q13153,10.2
Q13308,10.2
Q9BUR5,10.2
Q7Z417,10.2
P07196,10.2
P04156,10.1
Q93034,10.1
P22528,10.1
O60271,10.1
Q7Z4H3,10.1
A0A087X0W9,10.1
A0A0A0MTJ9,10.1
Q14197,10.1
P43007,10.1
Q9NRF8,10.1
P49841,10.1
Q9BTL3,10.1
O43818,10.1
P00533,10.1
P27986,10.1
P19838,10.1
Q86X83,10.1
Q15050,10.1
P20839,10.0
Q8IXI1,10.0
P42771,10.0
Q9BUN8,10.0
P49459,10.0
P17600,10.0
P09001,10.0
P24310,9.99
A0A0A0MT35,9.99
Q96H20,9.99
Q8NFZ8,9.98
Q8TD19,9.98
Q8TBX8,9.98
Q5TGZ0,9.98
Q9ULW0,9.97
Q9Y3I1,9.96
Q99543,9.95
Q14558,9.94
Q9Y4X5,9.93
P03905,9.92
O75880,9.91
Q96AJ9,9.91
Q9NVS2,9.9
Q96K76,9.89
Q8TCT9,9.88
O14925,9.88
O15446,9.86
Q9BQ52,9.86
Q9H7M9,9.85
Q13619,9.84
Q86WA6,9.84
Q9HCU5,9.82
Q9P0I2,9.81
Q8TD55,9.81
Q96B54,9.79
Q9BSH5,9.79
P46977,9.79
Q8NB37,9.79
Q5SW96,9.78
Q9NQT5,9.76
P50135,9.74
Q9UFW8,9.73
Q96JY6,9.73
Q5SU54,9.73
P35520,9.72
F8WA42,9.7
O94992,9.7
Q9Y5U8,9.69
Q9NUP9,9.69
Q9BTE3,9.68
Q9Y3A3,9.68
P05089,9.68
Q04206,9.67
P06756,9.67
Q9NYK5,9.66
Q8TAV4,9.65
P82933,9.65
Q9H9S3,9.64
Q96JJ7,9.64
Q8N1N4,9.64
Q13188,9.62
Q9UEE9,9.61
Q9HC84,9.58
Q96DR8,9.56
O14966,9.55
Q16719,9.54
P82664,9.53
O95249,9.53
Q6ZNJ1,9.53
P29972,9.53
Q6WCQ1,9.53
P42226,9.52
Q8IXJ6,9.51
P49366,9.51
Q99538,9.51
Q03403,9.5
P50416,9.5
Q92629,9.49
Q9BRQ6,9.49
P42830,9.49
Q9UNZ5,9.47
O96005,9.46
P46013,9.46
Q92523,9.45
Q6A163,9.43
O75326,9.43
P42768,9.42
Q9HBL0,9.42
Q9H2G2,9.42
O00442,9.41
P49406,9.41
Q14161,9.41
Q9UNP9,9.4
P50895,9.4
P49790,9.4
Q8WXI9,9.39
O95104,9.38
Q14956,9.36
M0R2B7,9.34
Q15003,9.33
P49023,9.32
P48681,9.32
Q8N4F0,9.32
Q9NV31,9.32
O95674,9.31
Q96EE3,9.31
P07320,9.3
Q96DH6,9.3
Q96RS6,9.29
P07451,9.29
O43464,9.29
O43865,9.27
P53701,9.26
Q92783,9.26
Q6P1J9,9.26
K7ERV3,9.25
P56182,9.25
Q96RQ9,9.24
Q8WVM7,9.24
O75909,9.23
P13164,9.23
Q9NX08,9.22
Q6VY07,9.21
O43264,9.2
Q96S44,9.19
I3NI02,9.19
Q7Z7K0,9.19
P50479,9.18
Q9BTZ2,9.13
A8MQ02,9.12
P19474,9.12
Q8IWX8,9.11
P00709,9.11
Q6FIF0,9.1
Q96KR1,9.07
Q9Y2S2,9.07
Q2NL82,9.07
O43395,9.06
Q86TP1,9.06
P43403,9.05
O95630,9.04
Q5T6V5,9.03
Q9Y287,9.03
J3KR35,9.03
Q9Y6I9,9.02
O95716,9.02
Q7Z460,9.02
Q9H0S4,9.02
P61962,9.01
Q13683,9.01
O14556,9.01
Q06587,9.0
Q92979,9.0
P01909,8.98
Q9P126,8.98
Q13427,8.97
P51674,8.96
Q9UQ16,8.96
Q9HCN6,8.95
Q7L0Y3,8.93
P18510,8.93
P35236,8.92
Q96B36,8.92
Q8WUH6,8.91
S4R369,8.91
Q9H0A8,8.91
Q99442,8.91
Q6UN15,8.9
Q6UX06,8.87
Q8WVV9,8.87
Q9NP81,8.86
Q8TD06,8.86
O60573,8.86
Q14331,8.84
Q14160,8.83
Q03426,8.8
Q7Z4R8,8.8
O60829,8.8
P51532,8.79
Q5T653,8.78
O94855,8.77
P20963,8.76
Q14194,8.73
P34913,8.73
Q9BUH6,8.72
Q9UN37,8.7
P08236,8.7
E7EVH7,8.69
A0A024RBG1,8.68
Q9NZJ9,8.68
Q9P003,8.68
P41208,8.68
Q8TCB0,8.67
Q8NF50,8.67
O95834,8.67
Q9UPN3,8.67
Q9BZM1,8.67
A0A590UJL0,8.66
Q9H4A5,8.66
Q9HB40,8.65
P32942,8.65
P63098,8.65
O75526,8.62
Q5T440,8.62
Q969M3,8.61
P25098,8.61
Q13085,8.6
Q8TAE8,8.6
P54687,8.59
B5ME97,8.59
P98194,8.59
P98171,8.58
P53384,8.58
Q00403,8.58
Q71RC2,8.58
Q9UGV2,8.56
Q9H4G0,8.56
Q7Z3Y9,8.55
Q15061,8.55
Q15418,8.54
Q9H2M9,8.54
Q12888,8.54
P35321,8.53
P20338,8.53
P51812,8.51
P58062,8.51
Q9NRG0,8.5
Q5HYK3,8.49
Q9GZY8,8.48
O95837,8.48
P08247,8.48
P22612,8.47
Q86V21,8.47
Q13144,8.46
Q8IWA5,8.46
Q9BT73,8.45
Q9Y2L9,8.45
Q14320,8.45
Q9Y6G3,8.43
P16452,8.43
Q01650,8.43
Q96G23,8.42
Q08554,8.41
O60711,8.41
Q9NX20,8.4
Q03154,8.4
Q9Y4P3,8.39
P54922,8.39
Q9BQ39,8.39
O75165,8.38
P59190,8.38
Q9UHB4,8.37
Q7L2E3,8.37
Q8WVK2,8.36
Q96GD0,8.36
P28289,8.35
P78330,8.35
Q86V88,8.34
A0A0C4DFX9,8.33
Q9NWY4,8.33
P48449,8.33
P49840,8.33
Q8NFQ8,8.32
O94832,8.32
Q32P28,8.32
P53801,8.32
Q4G176,8.31
Q9UBP6,8.3
Q8N2K0,8.29
A5YKK6,8.28
O43823,8.28
Q9Y2H1,8.28
A6NHR9,8.28
O60645,8.27
Q9UIG0,8.27
O14908,8.27
Q8TCJ2,8.26
P03915,8.26
A0A0A0MQR2,8.25
Q86WB0,8.25
P49902,8.25
P98082,8.24
Q9Y606,8.24
Q9H2W6,8.23
Q9P1Z2,8.22
Q6P1L8,8.22
Q03701,8.22
P02771,8.21
Q9BV86,8.21
O15460,8.19
Q8NFH4,8.18
Q7Z7K6,8.17
Q01628,8.16
Q96BP2,8.16
Q9UNW1,8.16
Q9UBU8,8.16
Q92538,8.16
Q5VTR2,8.15
Q9BYT8,8.14
Q9NY27,8.13
Q49A26,8.11
O15540,8.11
P09914,8.11
O60232,8.09
Q6P2I3,8.08
Q9Y2R4,8.08
Q12860,8.08
Q9NZ63,8.06
Q9BWS9,8.06
P31751,8.05
O75190,8.05
Q0VDF9,8.05
Q7Z422,8.04
P27487,8.04
Q9Y4W2,8.04
Q96PZ0,8.04
Q8IVD9,8.03
Q02809,8.02
F6SYF8,8.01
Q12913,8.01
Q9Y2Z4,8.01
Q53T59,8.01
A0A087X0H9,8.0
P52732,7.99
O15126,7.99
Q9NTZ6,7.98
Q8WX92,7.98
A0A5H1ZRP4,7.98
D4PHA4,7.98
Q96DC8,7.98
Q9Y259,7.96
P35900,7.96
Q9NXH9,7.95
Q96D96,7.94
Q9NRG9,7.94
P49792,7.94
P54289,7.94
O95340,7.94
Q5VTL8,7.93
Q53F19,7.92
Q9Y5V0,7.91
P49005,7.91
A0A087WWF6,7.91
Q99622,7.9
Q14108,7.9
O76031,7.9
O75923,7.9
A0A8C8KBY2,7.88
P08253,7.88
P50749,7.88
Q9HBR0,7.86
Q16595,7.86
Q14789,7.85
Q9BW92,7.85
Q01780,7.85
O95154,7.85
A0A804CL36,7.82
Q9NZW5,7.82
Q8NI27,7.82
Q15477,7.82
Q9BTE7,7.8
Q86YP4,7.8
P29803,7.79
Q93008,7.78
P16150,7.77
Q9Y2R5,7.77
A0A2R8Y5P7,7.75
Q9GZR2,7.74
Q9NQ50,7.74
Q96JM3,7.74
Q9BZK7,7.74
P50281,7.74
P16298,7.74
P56962,7.74
Q02383,7.74
P29353,7.73
Q9UQ13,7.72
P83876,7.72
P60602,7.72
Q12912,7.71
Q9Y673,7.71
A0A7D9NKC8,7.7
Q5JS54,7.7
Q68D91,7.7
Q96AY3,7.69
Q9H9A6,7.68
O00762,7.67
Q99704,7.67
Q96KG9,7.67
Q9NX76,7.65
Q9H0B6,7.65
Q9UBP9,7.65
Q96EK5,7.64
Q9UHI6,7.62
Q9BQ04,7.62
Q9UBL3,7.62
Q9H2D1,7.62
Q4G0J3,7.62
A0A087WX97,7.62
Q9UER7,7.61
Q15043,7.61
A0A8V8NBT1,7.6
O75298,7.58
Q2M2I5,7.58
Q9Y446,7.58
P49711,7.58
B1ALM5,7.57
O75150,7.57
Q93050,7.56
O95479,7.56
Q7Z7H8,7.56
Q8TEQ6,7.55
Q14690,7.54
P24043,7.54
Q96G21,7.54
Q9HC98,7.54
P11532,7.54
Q13733,7.53
P18827,7.53
O14497,7.53
O00182,7.52
Q08379,7.52
A0A6Q8KRG2,7.52
O96011,7.52
P49810,7.51
Q6UY14,7.5
Q9H6Y2,7.5
P51608,7.5
Q9Y2S7,7.49
P48061,7.49
Q5T2N8,7.48
Q9Y5S2,7.48
Q66K14,7.48
Q8NDC0,7.47
Q86T03,7.47
Q9NZU5,7.47
P29372,7.47
Q9H6T3,7.46
Q9UPT5,7.46
Q969X6,7.46
O43715,7.46
Q9BRR6,7.45
Q99661,7.45
Q15654,7.45
O43815,7.44
Q9Y6Q5,7.44
Q8IXM2,7.43
P06400,7.42
Q9UI26,7.42
P29084,7.42
Q99470,7.42
P46939,7.42
Q5T1M5,7.41
P17538,7.4
Q9UQB8,7.39
A0A0A0MSA7,7.39
Q6NUQ4,7.39
Q8WX93,7.39
Q8TED0,7.39
P40123,7.38
Q9BXL5,7.38
Q15750,7.36
Q14406,7.36
Q9UKX2,7.36
P50613,7.36
Q8TC07,7.35
Q9NZT2,7.35
O00165,7.35
O15514,7.35
Q8TDL5,7.35
P60328,7.34
P12882,7.34
Q68E01,7.33
Q9Y3A2,7.31
Q9C0C2,7.31
Q9NTG7,7.31
Q9UNQ2,7.3
Q658P3,7.3
Q9P0R6,7.3
Q15120,7.3
P42785,7.3
Q8WTT2,7.3
O14976,7.29
Q8N9N7,7.28
Q5W0V3,7.28
Q92506,7.28
O00566,7.28
Q5T9A4,7.28
Q06265,7.27
A0A3B3IU46,7.27
P48745,7.27
A0A0A0MTR7,7.27
O94811,7.26
Q86SJ6,7.25
P55273,7.25
Q06136,7.25
O95833,7.24
O00625,7.24
Q13601,7.23
Q9BSF4,7.23
Q00653,7.22
Q9NRR5,7.22
Q86U86,7.22
Q9Y2I8,7.22
Q7L266,7.22
P30622,7.21
Q7Z2T5,7.21
B2RUZ4,7.21
Q969S3,7.21
O95486,7.2
Q9C0B1,7.2
O95684,7.19
Q86SZ2,7.18
Q02108,7.17
Q9BRT9,7.17
P78318,7.17
A0A024R1R8,7.16
Q9NPL8,7.16
Q9NR77,7.16
Q66LE6,7.16
Q9UQN3,7.16
Q4VXU2,7.15
A0ACI8IRP1,7.15
Q8IXQ6,7.15
Q9NY61,7.15
Q7L4I2,7.14
Q9NNW7,7.14
J3KR12,7.14
A0A1W2PQ90,7.13
Q9BV79,7.13
Q9HD26,7.13
P08648,7.13
Q9BX66,7.12
Q92925,7.11
P78316,7.1
Q16512,7.1
Q8TD16,7.09
Q86Y46,7.08
O95400,7.07
Q96RT1,7.07
Q5R372,7.07
A0A3B3IRV3,7.06
Q9UBU9,7.06
Q6NUM9,7.06
P30039,7.05
Q92934,7.05
P07307,7.04
J3QR07,7.04
E7EQN9,7.03
Q93045,7.03
O60231,7.03
Q9BX40,7.03
Q8WZ82,7.02
P60022,7.01
F8WCM5,7.0
Q8N339,7.0
Q53TN4,6.99
Q9Y4I1,6.99
Q9BRJ7,6.99
O95801,6.98
A0A5F9UY30,6.97
Q12841,6.97
A0A8C8KBU6,6.97
Q9UIV1,6.96
Q9BYR8,6.96
Q13822,6.95
Q9BTD8,6.94
Q9P260,6.94
G5E9W9,6.93
Q9BVM4,6.93
Q9UDY4,6.92
O14786,6.92
O00515,6.92
Q9Y2H6,6.92
Q9BQB6,6.92
P32456,6.92
P17152,6.91
O75683,6.9
Q8IZQ5,6.9
Q13077,6.89
Q9H6R4,6.89
Q8N543,6.89
Q9P121,6.89
Q96S52,6.88
Q9UPY8,6.87
H0YIS7,6.86
Q14116,6.86
P23743,6.86
P14635,6.86
Q96EY1,6.85
Q9H7B2,6.85
Q15771,6.85
Q9NW64,6.85
Q9BZF1,6.83
L0R819,6.83
Q8IU81,6.83
Q96L92,6.82
P30536,6.81
Q9Y508,6.81
O60356,6.81
Q9NXF1,6.8
P20337,6.8
P15328,6.8
Q9BVI4,6.8
Q9NUQ6,6.79
Q16772,6.76
P08572,6.76
Q9H0Q0,6.76
Q15036,6.75
Q9H553,6.75
A0A494C108,6.75
Q86UV5,6.75
Q9UKF6,6.75
Q6ZMI0,6.74
P47712,6.74
Q5BJF2,6.74
P54296,6.73
P33947,6.73
Q6GPI1,6.72
O60437,6.72
Q8WWI5,6.72
Q7Z4G1,6.71
Q9Y6F6,6.7
Q5T0N5,6.7
Q8IWV7,6.69
P06870,6.69
Q8N5M9,6.69
Q9NS86,6.69
O95163,6.68
Q01064,6.68
P38405,6.67
Q08431,6.67
O15247,6.67
Q8TDD1,6.67
Q8N128,6.65
Q06828,6.64
Q86TU7,6.64
Q0VGL1,6.62
Q92615,6.61
Q6UX71,6.61
Q9H008,6.59
O75695,6.59
P98172,6.59
P41439,6.59
Q7L513,6.59
O95602,6.59
Q9BV68,6.58
Q6P6C2,6.58
Q9BXY0,6.58
Q13610,6.58
Q9BSV6,6.58
E7EQB3,6.58
J3KNA0,6.57
P28332,6.56
O75592,6.56
Q99715,6.56
Q15397,6.56
Q9NRL3,6.55
Q8IUF8,6.55
Q9Y697,6.55
Q9H4E7,6.54
Q709C8,6.54
Q9NVM6,6.54
P17813,6.53
Q16540,6.53
P25686,6.52
P62487,6.52
Q9Y679,6.52
Q6PJT7,6.51
Q9H6S3,6.51
Q9NWS0,6.5
Q8TA86,6.49
P08631,6.48
J3KPD6,6.48
Q9BSE5,6.48
O14662,6.48
Q6UWL2,6.47
Q96NY7,6.47
Q9NUQ3,6.47
Q8WTV0,6.47
Q96D71,6.46
P20336,6.46
Q8IUD2,6.46
Q86Y39,6.46
O75027,6.46
Q9HBM1,6.45
Q96GT9,6.44
O00453,6.44
Q9NUU7,6.44
Q96CD2,6.43
Q9HBI0,6.43
P45985,6.42
Q9C0E8,6.42
Q96G25,6.41
Q5JQS6,6.41
P85037,6.41
A0A087WZV9,6.39
M0R2Z9,6.39
Q9BT23,6.39
E9PLD3,6.38
O75884,6.38
O75391,6.38
O00767,6.37
O43524,6.36
P14384,6.36
Q7Z4Q2,6.36
Q9NZJ6,6.35
Q86YV0,6.35
Q92466,6.35
O75152,6.35
O95487,6.35
P16333,6.34
Q9BRX5,6.34
Q9ULC5,6.33
Q9Y276,6.33
Q96P16,6.33
P33527,6.33
Q53G44,6.32
Q9UMR5,6.32
Q8NBJ5,6.32
Q7Z5L0,6.31
Q99547,6.31
Q9BPZ3,6.3
P31749,6.29
Q15007,6.29
Q9BZE9,6.29
P61599,6.29
Q96AT1,6.28
Q8N806,6.28
A0A1B0GW23,6.28
Q86SG5,6.28
Q9BRT2,6.27
Q9Y343,6.27
Q9NVT9,6.27
Q15208,6.27
Q96FN4,6.26
Q6IAN0,6.26
Q9NQX3,6.26
Q9H3G5,6.26
P15291,6.26
Q9HCD5,6.25
Q15714,6.25
O95453,6.24
Q14CN4,6.23
P53803,6.23
Q9H9C1,6.23
Q9BQC6,6.22
Q06787,6.22
Q8N6L1,6.22
Q8N3U4,6.22
Q99962,6.21
H3BQI1,6.21
Q9BVJ6,6.21
K7EMT4,6.2
P49753,6.2
Q14126,6.19
Q96ER9,6.19
Q16378,6.19
Q15027,6.19
Q9HAF1,6.19
I3L448,6.18
P11215,6.17
Q9H1Y0,6.17
P56270,6.16
O15294,6.16
Q15004,6.16
Q92917,6.15
Q8NFF5,6.14
Q8WXF0,6.14
Q96F86,6.14
P20701,6.14
Q99700,6.13
Q3KQU3,6.13
Q92609,6.13
Q9HA77,6.13
A0MZ66,6.13
Q9H2P0,6.12
Q9GZN8,6.12
Q9BYR6,6.11
Q9P270,6.11
P42858,6.11
Q96E09,6.11
Q8IWT0,6.1
Q6ZVX7,6.1
Q9H1E5,6.1
Q9Y2D5,6.09
P63146,6.09
P17213,6.09
P48729,6.09
Q9Y3A4,6.09
Q9Y291,6.09
Q96BW5,6.08
Q9NZ43,6.08
Q9BUB7,6.07
A0A0A0MRL7,6.07
Q9UMY1,6.06
Q7L7X3,6.06
Q9BSL1,6.06
O43312,6.06
Q15599,6.06
A0A087WV17,6.05
Q96JJ3,6.05
Q5QJE6,6.05
Q00005,6.04
Q86TX2,6.04
Q9H9S4,6.03
Q86VR2,6.03
O76071,6.03
Q6PGP7,6.02
Q7Z4Y8,6.02
Q9NWV8,6.01
Q12899,6.0
Q12962,5.99
P03928,5.99
J3KMZ8,5.98
Q8NBL1,5.98
Q9NUQ8,5.97
E7ENQ6,5.96
Q9BSY4,5.95
P54802,5.95
Q86X29,5.95
Q9Y282,5.95
O00592,5.95
O60641,5.95
P25942,5.94
P43250,5.94
P08047,5.94
P58107,5.94
Q13769,5.93
Q5ZPR3,5.93
Q14432,5.93
Q66PJ3,5.92
A0A8C8KBE9,5.92
Q86U90,5.91
Q5R3I4,5.91
Q9BW72,5.91
Q08AF3,5.9
Q15629,5.9
Q6NZY4,5.89
Q9NZA1,5.89
Q9H3S7,5.88
G3V1L9,5.88
Q9H078,5.88
Q9BRL6,5.87
P10696,5.86
O43505,5.86
Q96FV9,5.86
Q9P2I0,5.86
Q8N9N8,5.85
Q15109,5.85
Q96CP2,5.85
Q8NHP8,5.85
Q9BVC5,5.85
Q13568,5.83
Q99541,5.83
P28068,5.82
Q07817,5.82
Q5HYI8,5.81
A0A087WY31,5.81
Q13636,5.81
P60880,5.81
Q16769,5.81
P32929,5.81
Q9NQE9,5.8
Q86SE5,5.8
Q86YM7,5.8
P04234,5.8
Q9H3Q1,5.79
Q02447,5.79
Q9Y5J1,5.79
Q99575,5.79
P46736,5.78
P36269,5.78
Q9Y3D8,5.77
P15498,5.77
Q08AM6,5.76
Q93096,5.75
Q9Y623,5.75
Q04118,5.75
P52435,5.75
Q96A05,5.75
Q969P0,5.74
Q96GC9,5.74
Q9BRX2,5.74
Q9NXH8,5.74
Q7KZI7,5.73
Q9Y6A5,5.72
P11055,5.72
Q9HD89,5.72
Q9NRZ7,5.71
Q15517,5.71
P43358,5.71
P51116,5.7
Q15904,5.7
Q08378,5.69
Q9UJA5,5.69
Q15291,5.69
Q8N5J2,5.68
Q8IYU8,5.68
Q96MW1,5.67
Q8NBM4,5.66
P0C7P3,5.66
P22413,5.66
A0AAG2SUK6,5.66
P82675,5.65
Q9H1B7,5.65
P49757,5.64
Q8WWP7,5.64
Q9P2A4,5.63
Q16661,5.63
P52630,5.63
H3BST1,5.62
O94808,5.62
Q9H9T3,5.62
O60885,5.62
Q4G0N4,5.61
Q8WUK0,5.61
Q3ZAQ7,5.61
G5E975,5.61
P56202,5.6
P19174,5.6
Q9H1I8,5.6
Q8NEJ9,5.6
E7EW31,5.6
A0A0D9SG04,5.59
Q96JP5,5.58
P17677,5.58
E9PF32,5.58
P09758,5.57
Q9H1A7,5.57
A0A0B4J2F8,5.57
Q4G0F5,5.57
Q53QZ3,5.57
Q13330,5.56
O00559,5.56
P31944,5.56
P26006,5.56
O60826,5.55
Q15813,5.55
Q96DA2,5.55
P43003,5.54
Q9H425,5.53
Q96ND0,5.52
Q9Y4E1,5.52
Q8WZA9,5.51
Q96EI5,5.5
Q14671,5.5
Q8NEY8,5.5
Q99808,5.49
Q9NWZ3,5.49
Q9NP61,5.49
Q96FF9,5.48
Q86VN1,5.48
P0CG34,5.48
P0CG35,5.48
P0DX04,5.48
Q9BYJ9,5.48
O75787,5.48
P12036,5.47
O60568,5.47
Q9H2P9,5.47
Q04864,5.47
O95260,5.46
Q6UWP2,5.46
Q9UBV2,5.46
P19237,5.46
Q9Y223,5.46
O75410,5.45
Q8WUA2,5.45
A0A494C078,5.45
Q8IZ81,5.44
Q96GA3,5.44
P04054,5.44
Q9NV70,5.44
Q10570,5.43
P36954,5.43
P56470,5.42
Q9UPT8,5.42
Q96AX1,5.42
P82914,5.41
Q9UMS6,5.41
Q8WV28,5.4
Q9GZM3,5.4
Q92743,5.4
P16144,5.39
Q9UHD2,5.38
Q6P1N9,5.38
Q9Y3B9,5.37
P16870,5.37
Q9NQ48,5.37
Q9UBB5,5.36
P23946,5.35
Q9P2R3,5.35
Q9H583,5.35
Q9Y5J6,5.35
O75817,5.35
Q14139,5.35
P13535,5.34
Q9NP92,5.34
Q9UKN8,5.33
Q9BYR7,5.33
P21127,5.33
Q96ST2,5.33
Q86XR7,5.33
A0A1W2PRB8,5.33
P60412,5.32
P13612,5.32
Q96NC0,5.32
E9PRG8,5.3
A8MUM1,5.3
F6QDS0,5.3
P02462,5.29
Q96ER3,5.28
Q5VT79,5.28
P56545,5.28
Q8N1G2,5.28
Q6P1A2,5.28
Q96ST3,5.28
Q9Y2Y0,5.28
Q96SB3,5.27
P09603,5.27
P60059,5.27
Q9UNX4,5.27
Q70UQ0,5.27
Q9NXA8,5.26
P50150,5.25
P35318,5.25
Q9HC07,5.25
H0Y858,5.25
P10586,5.25
Q63ZY3,5.24
Q7RTS7,5.24
Q8N3J6,5.24
Q9UKL0,5.24
Q8IYS2,5.23
Q9BYC8,5.23
Q9H267,5.23
Q8N4H5,5.22
P50750,5.22
P49916,5.22
P01266,5.2
Q9Y5R8,5.2
Q96L46,5.2
O43752,5.2
Q9NYH9,5.2
P57772,5.2
Q6NXE6,5.19
Q9UJX3,5.19
P05060,5.18
A0A804CF45,5.18
Q641Q2,5.18
Q8IWB7,5.18
Q9UKF7,5.17
Q49B96,5.17
Q04726,5.17
P51636,5.16
Q9NVP2,5.16
Q14134,5.15
O95626,5.14
Q9Y3Q8,5.14
P41732,5.13
Q9NQZ2,5.13
Q96S55,5.12
Q9H981,5.12
Q12768,5.12
Q9HD20,5.11
Q9NQ55,5.11
Q9Y289,5.11
Q3KQV9,5.1
Q86U44,5.1
Q9NZM5,5.1
Q13362,5.09
Q05086,5.08
Q92918,5.08
O95297,5.08
Q14213,5.08
Q3SY84,5.07
H0UI80,5.07
Q9H6V9,5.07
Q8WXE9,5.07
P16581,5.07
Q86W92,5.07
Q7L2J0,5.06
O43676,5.06
O15131,5.06
Q9P0J7,5.05
Q9GZP9,5.05
Q96EY5,5.04
Q7Z6B0,5.04
O15427,5.04
Q15661,5.03
P56277,5.02
Q8WUA4,5.02
Q9Y5U2,5.02
Q13459,5.02
P02461,5.01
Q8IW45,5.01
Q9BW61,5.0
Q9H4A3,5.0
P06734,4.99
P07476,4.99
Q9BZL1,4.98
H3BQK0,4.98
Q9NX47,4.97
Q13112,4.97
Q9BZV1,4.97
P52179,4.97
P42331,4.97
P47895,4.97
Q8N4T8,4.96
Q96DE0,4.96
O14530,4.96
O60282,4.96
Q5VZF2,4.96
Q96TA2,4.95
Q15327,4.95
P42356,4.95
P43004,4.95
Q5JVF3,4.95
Q99828,4.95
Q96LJ7,4.94
O43772,4.94
P12694,4.94
O60306,4.94
Q92823,4.93
Q9H3H3,4.93
A0A087WWI0,4.92
Q92542,4.92
Q96SU4,4.91
Q86Y56,4.9
Q9H0L4,4.9
Q92667,4.9
Q8N0T1,4.9
P04118,4.9
P48307,4.89
Q9Y375,4.89
Q15528,4.89
Q9NWT1,4.88
Q9BXR0,4.88
P55001,4.87
A0A8C8MQ70,4.87
Q9UJV9,4.87
A0A494C0Z3,4.87
A0A7I2XXS4,4.86
Q9BQ75,4.86
Q8WZ75,4.86
Q9UHR5,4.86
Q96KP1,4.86
P58166,4.85
Q9NSI2,4.85
P56199,4.85
Q969N2,4.85
Q8WUZ0,4.85
P14555,4.84
Q8IY57,4.84
Q9UKU7,4.84
Q15018,4.84
Q9NYJ1,4.84
Q9UP83,4.83
Q4V321,4.83
Q9UKX3,4.83
Q8WUA7,4.82
Q8IXQ4,4.81
P08582,4.81
Q13424,4.81
P09693,4.81
P49895,4.8
A0ACI8IZ89,4.8
Q9H944,4.79
C9JRZ8,4.78
C9JA08,4.78
P09016,4.78
Q96EL2,4.78
Q9H0U3,4.78
A0A087WU53,4.78
Q96P63,4.78
Q8N7H5,4.77
Q9ULU4,4.77
Q9UQ88,4.77
Q5EBL8,4.77
Q00613,4.76
P55011,4.76
Q8N5G0,4.76
P10145,4.76
O60830,4.76
P48506,4.75
Q7Z309,4.75
Q13508,4.75
Q9Y2J8,4.74
O75717,4.74
F5GY05,4.74
O95298,4.74
P51580,4.74
R4GMX3,4.73
P21589,4.73
Q9BTE1,4.73
P28906,4.73
Q8TB37,4.72
Q96BN8,4.72
O94856,4.72
P23497,4.72
P57076,4.72
Q9Y478,4.72
Q5JW98,4.71
Q18PE1,4.71
Q9Y5Q8,4.71
Q9UBB9,4.71
O95870,4.71
O95470,4.71
Q9BZH6,4.71
Q9BW62,4.7
Q13825,4.7
Q8WWC4,4.7
Q8N8N7,4.7
Q96FS4,4.7
Q8N3V7,4.7
Q96ME7,4.69
Q96E17,4.69
Q8TAE6,4.69
Q99523,4.69
Q9NRR8,4.69
A0A087X2D5,4.68
P32754,4.68
Q9H098,4.68
Q9P0K7,4.67
Q9NXE4,4.67
Q6IN85,4.66
Q96MX6,4.66
Q00526,4.66
Q96H79,4.66
Q86TI2,4.65
Q8N490,4.65
Q01629,4.65
Q0VDG4,4.65
F6UX80,4.65
Q9NZI5,4.64
O15270,4.64
Q9NP90,4.64
O15194,4.64
P49789,4.63
A0A087WTN9,4.63
O95954,4.63
Q8NHH9,4.63
A4D1P6,4.63
Q9H7E9,4.63
A0A087WTZ4,4.63
Q8IYB5,4.62
A6NDU8,4.61
Q9Y3T9,4.6
Q9BZL6,4.6
A0A087WZ40,4.6
Q9BW60,4.6
Q8TCA0,4.6
O43513,4.59
P40692,4.59
P24298,4.59
Q9BUE0,4.59
Q14181,4.59
O75106,4.59
Q9HBH5,4.59
P45984,4.59
Q96FJ0,4.58
O95819,4.58
Q6PCE3,4.58
Q6UX04,4.57
O00754,4.57
P00156,4.57
Q6NT46,4.56
P09466,4.56
Q9Y4P1,4.56
O95251,4.55
Q9H987,4.55
P51531,4.55
Q4KMP7,4.55
Q5GLZ8,4.55
Q9BZI7,4.54
Q6P1N0,4.54
Q1ED39,4.54
Q9UGM3,4.54
Q6NYC1,4.54
P48960,4.54
P09327,4.53
Q712K3,4.53
Q01970,4.53
Q8WXD5,4.53
P29466,4.52
O43149,4.52
O75914,4.52
Q96GM8,4.51
P15088,4.51
Q96GM5,4.51
P20231,4.51
Q15031,4.5
Q92844,4.5
Q99590,4.5
O15235,4.49
P33908,4.49
F8WD26,4.49
J3KNI1,4.49
P27701,4.49
Q9NUQ2,4.49
P31415,4.49
Q6IPX3,4.49
Q01814,4.48
Q9Y6D6,4.48
Q96T60,4.48
Q13136,4.48
Q6DD87,4.47
Q15059,4.47
Q93091,4.46
O15020,4.45
P0CG30,4.45
P62760,4.45
Q9NSA3,4.45
O00469,4.45
O75394,4.45
P22676,4.44
P51178,4.44
Q14574,4.44
Q9NP66,4.44
Q9BWH2,4.44
Q9P021,4.44
P35251,4.44
O95059,4.43
Q9Y6D9,4.43
O43159,4.43
Q6UWP8,4.43
Q96HN2,4.43
P27469,4.42
O00534,4.42
Q12800,4.42
J3KPD3,4.42
P19883,4.42
Q9UBK9,4.41
O00602,4.41
Q8IYB8,4.41
Q14451,4.4
P06280,4.4
Q9UKZ1,4.4
P11597,4.4
P35610,4.4
Q86U38,4.39
Q14CX7,4.39
Q15386,4.39
Q9ULR0,4.39
Q8N3F8,4.39
P24855,4.38
A0A3B3ISX7,4.38
A0A087X1E4,4.38
P41440,4.37
Q9Y5P4,4.37
Q9BVJ7,4.37
O00468,4.37
Q9Y5A7,4.36
H3BM74,4.36
P51948,4.36
Q96CB9,4.36
Q9Y4R8,4.36
Q9NZR1,4.36
O43677,4.35
Q9UKT9,4.34
P04062,4.34
P13611,4.34
Q8N0X7,4.34
A2ABF9,4.34
Q13823,4.33
Q15154,4.33
Q5JQF8,4.33
F5H5P2,4.33
P01133,4.33
A8MTJ3,4.33
Q9UPY6,4.32
P42575,4.32
C9JEH3,4.32
O00115,4.32
Q9NXV6,4.32
Q9P0B6,4.31
Q16799,4.31
P14672,4.31
Q13438,4.31
Q9Y385,4.31
P63272,4.31
Q5VZ89,4.31
Q5JTZ9,4.3
Q9NWQ8,4.3
O76062,4.3
Q9Y3D5,4.3
Q99496,4.29
Q9UHJ6,4.29
Q9Y3R4,4.29
Q9HBH0,4.29
Q5UIP0,4.28
Q8NHZ8,4.28
Q8WUA8,4.28
Q9H2U1,4.28
Q5UCC4,4.27
O94985,4.27
Q96QC0,4.27
Q14691,4.26
Q7Z2Z2,4.26
Q5SRE5,4.26
Q96FX7,4.26
Q9H9P8,4.26
Q13485,4.25
Q96T37,4.25
Q9C010,4.25
P30047,4.25
Q9UKA9,4.25
Q9NZN8,4.24
O15240,4.24
Q06330,4.23
Q8IWE2,4.23
P53611,4.23
O95999,4.23
Q9HAS0,4.23
Q5JSP0,4.23
A0A8I3B1S4,4.22
Q5VST6,4.22
Q03519,4.22
Q8TDB6,4.22
O75891,4.22
Q96GQ5,4.21
P26232,4.21
Q9P2W9,4.21
P20061,4.2
Q9BTU6,4.2
Q9ULC3,4.2
Q8N8A2,4.2
Q9NS26,4.19
Q8N511,4.19
P29558,4.18
Q96BJ3,4.18
Q08722,4.18
K7N7A8,4.18
Q15800,4.18
Q86WQ0,4.18
Q9BVC4,4.17
Q7Z6E9,4.17
P49746,4.16
Q8N9N2,4.16
Q9NW82,4.16
Q8TDZ2,4.15
Q68CZ2,4.15
Q8WWZ1,4.15
O75508,4.15
Q9BYI3,4.15
P09769,4.14
Q9UBB6,4.14
O95084,4.14
F6RGN5,4.14
K7EJB7,4.14
Q15554,4.14
Q9UKV8,4.13
Q14669,4.12
Q9BU40,4.12
Q92541,4.12
P14598,4.11
O95302,4.11
Q9BU76,4.11
Q9NR19,4.11
P29083,4.1
Q9GZT6,4.1
Q96BP3,4.1
Q9NRW3,4.1
Q13277,4.1
Q14314,4.1
Q9Y320,4.1
Q9Y6M7,4.1
Q86TS9,4.09
Q13033,4.09
O75376,4.09
Q9NVX2,4.09
Q7Z7E8,4.09
Q14767,4.08
Q9HBL8,4.08
Q96A57,4.08
P49441,4.08
Q6P9B6,4.07
Q9UEU0,4.07
I3L4J1,4.06
Q8TB03,4.06
Q14653,4.05
Q8N4P3,4.05
Q92990,4.05
P15336,4.05
Q86SF2,4.05
Q15054,4.05
Q9UID3,4.04
Q9BSJ2,4.04
Q9UGM6,4.03
O43184,4.03
Q9NTM9,4.03
P16233,4.03
O14874,4.03
Q3B726,4.03
Q99525,4.02
O14519,4.02
P08651,4.02
A0A087X256,4.02
Q5JRA6,4.02
Q8TCU6,4.02
P78559,4.01
Q9BW04,4.01
P42695,4.01
P42696,4.01
Q96CV9,4.01
Q969E2,4.01
P62877,4.01
Q9P086,4.0
Q96G28,4.0
Q6PD62,4.0
Q5D862,4.0
Q9UN19,4.0
Q13614,4.0
O60268,4.0
Q5VT52,4.0
Q8TAP9,3.99
Q96B49,3.99
O14732,3.99
E7ES60,3.99
Q7Z3K3,3.99
Q15269,3.98
Q15796,3.98
Q96D15,3.98
Q08345,3.97
Q9UI14,3.97
Q53RT3,3.97
P51575,3.97
P0C1Z6,3.97
P04839,3.96
Q9UF11,3.96
Q9H1U4,3.96
P80294,3.96
Q14692,3.95
Q9BTC0,3.95
Q99988,3.95
Q9BQP7,3.95
Q12840,3.94
Q16611,3.94
P78362,3.94
J3KPT4,3.94
Q9NZ52,3.94
Q2TB90,3.93
O60902,3.93
P0DJD7,3.93
Q6ICB0,3.93
O15226,3.93
Q96I59,3.93
Q16850,3.93
Q9P0P0,3.92
O15479,3.92
O94766,3.92
A0A2R8Y6W5,3.92
P61073,3.92
Q02040,3.91
Q9UBN7,3.91
O75616,3.91
O75629,3.9
A0A087WYV9,3.9
Q9HD15,3.9
Q16720,3.9
Q8TE68,3.89
P19875,3.89
Q8IXB1,3.89
Q567U6,3.89
Q9H5X1,3.89
Q8NE01,3.89
P41217,3.89
Q86UQ4,3.89
Q9C075,3.88
Q969S9,3.88
Q92576,3.88
O00461,3.88
Q9UGN4,3.87
Q8TAF3,3.87
P0DJD8,3.87
Q02487,3.86
Q9NSK0,3.86
P81172,3.86
Q9BQ95,3.85
Q5W111,3.85
P14859,3.85
Q9NV96,3.84
Q13231,3.84
Q969E8,3.84
Q9Y2T3,3.84
Q8WUX9,3.83
F8VX04,3.83
P13051,3.83
Q8IXT5,3.83
Q9Y2P8,3.83
Q96QR1,3.83
Q9H7B4,3.83
P00395,3.82
Q2M2I8,3.81
Q96JB2,3.81
Q99942,3.81
Q9Y3C0,3.81
P60484,3.81
Q9ULX6,3.81
O75446,3.8
A0A087WVR3,3.8
Q6NXG1,3.8
Q8TAC2,3.78
Q8N3X1,3.78
Q15057,3.78
O95147,3.78
Q8IUR0,3.78
Q8WU76,3.78
Q5VIR6,3.77
Q9H019,3.77
Q9NUL3,3.77
Q16633,3.77
Q96FV2,3.77
P51693,3.76
Q96BW9,3.76
P04626,3.76
Q9UK59,3.75
Q8IXI2,3.75
Q9ULD0,3.75
Q9UJX2,3.74
P31431,3.74
P61244,3.74
E7ENG2,3.74
P06746,3.74
Q9HCS7,3.74
P07332,3.74
Q7Z4S6,3.74
P32004,3.73
Q8TDB8,3.73
Q86TV6,3.73
Q86UT6,3.73
O43251,3.73
E9PLN8,3.73
A0ACI8UP29,3.73
Q13107,3.73
O60934,3.72
Q99797,3.72
Q9HB90,3.72
Q16854,3.72
Q4KMQ2,3.71
Q9HAC8,3.71
O75379,3.71
O15357,3.71
Q8N3C0,3.71
Q9H4E5,3.71
Q7LBC6,3.7
P16444,3.7
P05814,3.7
Q5SW79,3.7
Q12981,3.7
O60343,3.69
P17301,3.68
Q9H269,3.68
F6UJY1,3.68
Q6PKH6,3.68
Q9UBU3,3.67
O15228,3.67
P14207,3.67
P34741,3.67
P41214,3.67
Q9NVA1,3.67
P57105,3.66
P24390,3.66
Q08188,3.66
O43805,3.66
Q14527,3.66
Q8N2F6,3.66
O14893,3.66
A0A494C0J7,3.65
O00408,3.64
Q9H7N4,3.64
Q96CW5,3.64
P69849,3.64
Q9UMZ2,3.64
P49221,3.64
Q8N1B4,3.64
P98095,3.64
P60014,3.63
M0R2C6,3.63
G5EA03,3.63
Q6ZN17,3.63
Q9BTY2,3.62
Q96T23,3.62
Q16513,3.62
Q9NZ09,3.61
E7EPP6,3.61
Q9UHA3,3.61
O95905,3.61
Q9H6E4,3.61
O14975,3.61
Q6IA86,3.61
O14920,3.6
Q9HAU5,3.6
Q99576,3.6
Q15155,3.6
P19876,3.59
Q8N8A6,3.59
O15031,3.59
Q6UWP7,3.59
O60936,3.59
Q9UHR4,3.59
Q8NCN5,3.58
P05186,3.58
A0A2R8YD85,3.58
O95786,3.58
P22532,3.58
Q03060,3.58
Q9HCN4,3.57
Q93062,3.57
Q9UJ72,3.57
O95219,3.57
Q8WVV4,3.57
Q8IVM0,3.57
Q96SW2,3.56
P40425,3.56
Q86VU5,3.56
P11488,3.55
O00214,3.55
Q9BW19,3.55
Q9Y2H0,3.55
O96009,3.54
O00471,3.54
Q8IY37,3.54
Q9H330,3.54
Q9H4L5,3.53
Q13643,3.53
Q96D31,3.53
Q969J3,3.53
Q00587,3.53
Q96NT0,3.53
Q6QNY0,3.53
G3XAN8,3.52
Q13015,3.52
Q9NYV4,3.52
O75718,3.52
O15432,3.52
P42345,3.52
P49750,3.51
O14498,3.51
Q9Y4P8,3.51
Q5JPE7,3.51
Q96S59,3.51
Q5BJD5,3.5
A8K2U0,3.5
Q6NXS1,3.5
P45983,3.5
Q7Z5K2,3.5
Q8IVH4,3.5
Q96HY7,3.49
P84101,3.49
Q9BQI0,3.49
O60678,3.49
Q9H0G5,3.49
Q9NXS2,3.49
A0A087WYE5,3.48
O75427,3.48
Q9NX62,3.48
Q96CS2,3.48
Q8N2M8,3.48
Q14814,3.48
Q9H8H0,3.48
O75530,3.48
Q9NUQ7,3.48
Q8NC56,3.47
P45877,3.47
Q96EQ0,3.47
Q13326,3.47
P05129,3.47
Q9H814,3.47
Q96GW7,3.46
P35916,3.46
Q16798,3.46
P0DJD9,3.46
O76041,3.46
P57678,3.46
Q86V48,3.46
O00746,3.45
O95639,3.44
Q4U2R6,3.44
Q9UBD5,3.44
Q8N5C1,3.44
Q0VD83,3.44
O95159,3.44
Q5TAQ9,3.44
Q9H3K2,3.43
Q12857,3.43
Q8IXQ3,3.43
P28907,3.43
Q9UDX5,3.43
P50336,3.43
Q9C0E2,3.43
O15061,3.43
Q07954,3.42
O75886,3.42
Q9H0H5,3.42
Q13503,3.41
Q9HCG8,3.41
O75146,3.41
Q8N6R0,3.41
O00399,3.41
Q8WUF5,3.41
Q9BYJ0,3.41
Q6RW13,3.41
Q8IYI6,3.4
E7EWW0,3.4
Q5T0F9,3.4
P62875,3.4
Q00266,3.4
Q8IXM6,3.4
Q93099,3.4
P23470,3.4
Q96CU9,3.39
Q9UBC5,3.39
Q9NYM9,3.39
Q96F45,3.38
O95352,3.38
Q12789,3.38
Q9Y3X0,3.38
O14734,3.38
Q06278,3.37
A0A0B4J1V9,3.37
Q8TE77,3.37
O76061,3.36
Q9UL26,3.36
Q8TDQ0,3.36
Q96GA7,3.36
O43913,3.35
F6W3Q2,3.35
Q99933,3.34
J3QTA2,3.34
Q6YHK3,3.34
Q9P265,3.34
Q2TAL8,3.34
Q0VAF6,3.34
P43354,3.33
O60551,3.33
Q9NYY8,3.33
Q9NY87,3.33
Q9BXN6,3.33
Q969Y2,3.33
Q99469,3.33
Q15022,3.33
P20648,3.33
Q9H5N1,3.32
Q9UL15,3.31
P26572,3.31
I3L0E3,3.31
Q8NDX1,3.31
Q05329,3.31
P03897,3.31
Q9NVV4,3.3
Q92777,3.3
Q96EK9,3.3
Q9H009,3.3
Q08426,3.29
Q9UJY4,3.29
P17028,3.29
O15084,3.29
Q9UH62,3.29
Q16656,3.29
Q6P5S2,3.28
Q9BTA9,3.28
Q9BTT6,3.27
Q6PL24,3.27
Q92620,3.27
P17302,3.26
Q9BZF9,3.26
Q15166,3.26
Q86Y79,3.26
Q96GD4,3.26
Q8N1A0,3.26
Q9BYX4,3.26
P83436,3.26
Q06520,3.26
O15213,3.25
O14910,3.25
Q9BTY7,3.25
Q8TBQ9,3.25
Q9UKE5,3.25
Q9UPN9,3.24
J3KTI2,3.24
O14545,3.24
H3BRN7,3.24
Q9Y4B6,3.24
A0AV96,3.24
Q9NPH3,3.23
Q96DZ1,3.23
P58557,3.23
P30260,3.22
Q658Y4,3.22
O75843,3.21
Q86U28,3.21
Q9UKI3,3.21
O75976,3.21
P51003,3.21
Q6GMV2,3.21
P06731,3.21
Q96EH3,3.21
O75794,3.2
P50053,3.2
Q9NY93,3.2
Q9BZJ3,3.2
Q9ULQ0,3.2
P42892,3.19
P29536,3.19
O14646,3.19
Q9BW71,3.19
O60942,3.19
Q06481,3.19
P35325,3.19
Q9Y5Y5,3.19
Q5EBL4,3.18
P55789,3.18
P61278,3.18
Q96IV0,3.18
Q9H0R8,3.18
Q9BQY9,3.18
Q15334,3.18
P17676,3.17
Q9H598,3.17
Q8IVB4,3.17
Q9H974,3.17
Q15052,3.16
E7EVC7,3.16
Q8IV48,3.16
Q53ET0,3.15
O15397,3.15
Q9NUD5,3.14
Q8NDB2,3.14
Q96P11,3.14
Q9NVM9,3.14
Q9P2N5,3.14
E7ENX8,3.13
Q9BQ15,3.13
Q8IYS1,3.13
Q99795,3.13
O14683,3.12
Q9Y2R0,3.12
Q15527,3.12
Q9UJY5,3.11
Q14966,3.11
Q5H9L2,3.11
P49643,3.1
O76054,3.1
Q13291,3.1
O15391,3.09
Q13325,3.09
P27448,3.09
Q58A45,3.08
Q16644,3.08
P00480,3.08
Q9NP55,3.08
A0A7P0SXD0,3.08
Q7LGA3,3.07
P21741,3.07
F5H0C4,3.07
O15230,3.07
O76024,3.06
P49642,3.06
Q6ZRV2,3.06
Q9UL17,3.06
Q6UXH1,3.05
Q15438,3.05
Q969Q5,3.05
Q86WX3,3.04
O76080,3.04
Q9UKW4,3.04
P15086,3.04
Q9HC21,3.04
Q86XN8,3.04
Q01484,3.03
Q9Y312,3.03
Q9P206,3.03
Q9BXS6,3.03
P28290,3.03
P43308,3.03
P54646,3.03
Q9H6H4,3.02
O95155,3.02
Q92625,3.02
Q5T200,3.02
A3KN83,3.02
Q9BZW5,3.01
Q9UDR5,3.01
Q8N6N3,3.01
Q7L592,3.01
P18074,3.01
A0A1B0GTC6,3.0
C9JME2,3.0
Q14746,3.0
O43156,3.0
O43278,3.0
O00329,3.0
Q8IU85,3.0
Q9UIS9,3.0
H0YJ60,3.0
H3BPG6,2.99
Q9BSC4,2.99
P40424,2.99
Q9BV44,2.99
Q96PU5,2.99
Q15080,2.99
Q969Z3,2.99
O43427,2.99
Q9Y6U3,2.98
O14972,2.98
Q9BV19,2.97
Q6GTX8,2.97
Q8WVI0,2.97
Q9NWU1,2.97
O14936,2.97
A0A0A0MT33,2.97
Q8TCC3,2.97
Q96LW7,2.97
A0A087WSV6,2.96
Q8WVC0,2.96
Q96RN5,2.96
P35625,2.96
Q9H8J5,2.96
Q9NX01,2.95
Q9BQL6,2.95
F5H5R8,2.95
O60287,2.95
Q15773,2.95
P0DJ93,2.95
Q9UMX1,2.95
Q14790,2.94
Q7Z3U7,2.94
Q5JT25,2.94
Q9UFC0,2.93
Q8IUX7,2.93
P38432,2.93
Q8TF68,2.93
K4DI89,2.93
Q8WXD2,2.92
Q01831,2.92
P02818,2.92
O43741,2.92
O94915,2.92
Q7Z2E3,2.92
Q96KR6,2.92
Q6WKZ4,2.91
Q9BW91,2.91
Q15532,2.91
Q99784,2.91
P11137,2.91
P46199,2.9
Q9Y646,2.9
Q8IVT5,2.9
O43933,2.9
Q9H857,2.9
Q9NQW6,2.9
O76014,2.9
Q9NPD8,2.9
O15234,2.9
A0PJW6,2.9
H7BYT1,2.9
Q8NC96,2.89
Q9BUR4,2.89
P54252,2.89
O95568,2.89
Q96K37,2.89
Q7RTV2,2.88
P17706,2.88
Q96B23,2.88
P40818,2.88
Q13356,2.88
P33981,2.88
O95070,2.88
Q9Y210,2.88
O76015,2.88
Q9HB19,2.88
P52799,2.87
O95478,2.87
Q9H8W4,2.87
P28702,2.86
Q96KN1,2.86
Q9BYT5,2.86
Q9NUN7,2.86
Q9BZJ0,2.86
Q9ULX3,2.86
Q96AQ6,2.86
Q69YN2,2.86
Q96HA1,2.86
P22681,2.86
Q9H4L7,2.85
O43318,2.85
A1XBS5,2.85
Q8IWA4,2.85
O00401,2.85
Q8WUP2,2.84
Q7Z2K6,2.84
Q13572,2.84
O95969,2.84
Q8WWB7,2.84
Q9UIC8,2.83
Q01196,2.83
P05093,2.83
P35326,2.83
Q15223,2.83
P22531,2.83
H3BUN2,2.83
Q9GZT9,2.83
Q8NCF5,2.83
Q5ST30,2.82
Q9UDY8,2.82
Q9H4A9,2.82
Q9Y3P8,2.82
Q96EV2,2.82
Q8WU68,2.82
Q96F85,2.81
Q99519,2.81
P13497,2.81
P18850,2.81
Q6DKJ4,2.81
Q9C0J8,2.81
P39880,2.8
O14684,2.8
A0A087WYL7,2.8
Q96PE7,2.8
Q96SL4,2.8
O95633,2.8
P48736,2.8
A0A5E8,2.79
Q86YN1,2.79
Q9NXR1,2.79
Q99595,2.79
Q6MZM0,2.79
Q6P1X5,2.79
O14965,2.79
A0A2R8Y6X2,2.79
P19256,2.79
Q7KZN9,2.78
Q70IA8,2.78
X6R3L3,2.78
Q9UM22,2.78
Q6F5E8,2.78
O76087,2.77
P0CL80,2.77
P0CL81,2.77
P0CL82,2.77
P01127,2.77
Q5JPH6,2.77
Q6PI78,2.77
Q9NQH7,2.77
P04733,2.77
Q9GZT4,2.76
Q14156,2.76
P19447,2.76
Q96S66,2.76
Q14938,2.76
Q8TEW0,2.76
Q9UPU5,2.75
P49795,2.75
Q9NXC5,2.75
Q9BTE6,2.75
Q13546,2.75
Q8IVS2,2.75
Q9BVS4,2.75
Q86WR7,2.75
P20142,2.74
Q9GZZ8,2.74
Q13641,2.74
Q9NPI6,2.74
Q8N573,2.74
Q96S82,2.74
O75179,2.73
Q9GZS1,2.73
P78540,2.73
P84022,2.73
P20908,2.73
Q9NZM3,2.73
Q4V326,2.73
Q86TH1,2.72
O15156,2.72
Q96SY0,2.72
Q96F24,2.71
Q13093,2.71
Q9BW85,2.71
P17026,2.71
Q9Y5Q9,2.7
Q96IP4,2.7
P30679,2.7
Q99766,2.7
Q12873,2.7
Q8TBA6,2.7
Q9Y2L6,2.69
Q9NV88,2.69
Q96HD1,2.69
Q8TB72,2.69
Q86W50,2.69
Q9UNI6,2.69
Q7L5Y9,2.69
Q96HR3,2.69
Q460N5,2.69
P23515,2.68
Q9NX02,2.68
Q5M775,2.68
Q5T2E6,2.68
P78357,2.68
Q9H9Z2,2.67
Q9NUI1,2.67
P53671,2.67
Q86U06,2.67
Q01167,2.67
Q8TCG1,2.66
Q5SR05,2.66
Q8IVT2,2.66
O60508,2.66
Q70E73,2.66
P07498,2.66
Q8TB36,2.66
Q86WW8,2.66
E9PES4,2.66
H0YIV9,2.66
Q8N5M1,2.66
Q96JQ5,2.66
P23378,2.66
Q6PEX3,2.65
Q7L523,2.65
P32519,2.65
A0A0D9SEI0,2.65
P79522,2.65
P52657,2.65
P51784,2.65
Q12802,2.64
Q9NZD8,2.64
Q99616,2.64
Q9GZP0,2.63
Q96EM0,2.63
O00488,2.63
Q9NRN5,2.63
O94901,2.63
Q9UGP4,2.63
O60524,2.63
Q9GZP8,2.63
O94763,2.62
Q9Y5B6,2.62
Q9UJX4,2.62
A8CG34,2.62
O75438,2.62
Q96G46,2.62
O95825,2.61
Q9H089,2.61
Q9H9Y6,2.61
Q9Y4C8,2.61
Q8IV56,2.61
Q7Z6I6,2.6
Q9Y657,2.6
P49418,2.6
P51687,2.6
A0A1B0GTF3,2.6
A0A087WVY5,2.6
Q6RFH5,2.6
H3BQ06,2.6
Q16819,2.6
Q14493,2.6
P21579,2.6
A1L4H1,2.6
Q9GZY4,2.6
P34059,2.59
P09917,2.59
Q9P2M7,2.59
Q96BQ1,2.59
P00749,2.59
O60238,2.59
O95071,2.59
Q9BQQ3,2.59
Q9Y232,2.58
Q99549,2.58
O95873,2.58
Q5VW36,2.58
Q8N114,2.58
P01213,2.58
O95239,2.58
Q13952,2.58
P46952,2.58
P60002,2.58
A0A024R7E8,2.58
Q6PCB0,2.58
Q9Y248,2.57
Q92796,2.57
Q8IZ21,2.57
Q96IY1,2.57
Q96GS4,2.57
Q9NWW5,2.57
O60504,2.57
Q9ULD2,2.57
P19087,2.57
P19634,2.57
Q15311,2.56
Q9BZL4,2.56
Q7Z6M1,2.56
Q8NFJ5,2.56
Q8IUR7,2.56
Q9NUK0,2.56
Q969T4,2.56
Q96N03,2.56
Q8IY17,2.55
O15530,2.55
O60476,2.55
Q8WVT3,2.55
Q9H0W8,2.55
Q8NHG8,2.55
Q9H9A5,2.54
Q9Y2U8,2.54
P0CAP1,2.54
P52756,2.54
Q15814,2.54
Q5VSL9,2.54
Q9BYU5,2.54
P47710,2.53
Q9BTC8,2.53
P32970,2.53
P0C7P0,2.53
Q9Y6Z7,2.53
Q12933,2.53
P25208,2.52
Q9NPF5,2.52
Q7LG56,2.52
Q12791,2.52
Q93100,2.52
Q8N0X4,2.52
Q75N03,2.52
O43854,2.52
A0A087WT20,2.52
P46100,2.52
Q9BTX1,2.52
Q6IQ49,2.52
Q9BT25,2.51
Q02241,2.51
A0A0B4J294,2.51
P0DPK2,2.51
Q9BUA6,2.5
Q96F63,2.5
Q15811,2.5
A0A0A0MQU4,2.5
O75363,2.5
Q765P7,2.5
O75781,2.5
Q9NW68,2.49
Q13042,2.49
Q9Y666,2.49
Q8N129,2.49
P0C7H8,2.49
Q9BYR9,2.49
O94842,2.49
Q9UKV5,2.49
Q9Y6M5,2.48
Q9Y3S2,2.48
Q8IWA0,2.48
Q9Y5X2,2.48
O75879,2.48
Q14964,2.48
Q96EP0,2.48
Q9BXW9,2.47
Q9HAU0,2.47
Q9UJY1,2.47
O60879,2.46
Q9H1P3,2.46
Q9BU23,2.46
Q13286,2.46
Q9NUV7,2.46
Q96S19,2.46
Q9NVU7,2.46
Q9Y680,2.45
Q9BRQ8,2.45
P78537,2.45
Q9HC52,2.45
Q9P2B2,2.45
P04150,2.44
Q9H8Y5,2.44
Q08117,2.44
Q96BH1,2.44
O60725,2.44
Q9NRK6,2.44
Q8NEB9,2.44
P16562,2.44
Q9BXX0,2.44
Q9BRK3,2.43
Q9Y6G5,2.43
Q9C0B0,2.43
O00712,2.43
O14896,2.43
Q9Y247,2.43
Q9BVL4,2.42
Q99856,2.42
Q12864,2.42
Q8NEZ5,2.42
Q8IVP5,2.42
O43653,2.42
Q9NVH6,2.42
O60563,2.42
Q14997,2.42
Q9BSQ5,2.42
P78310,2.41
P31321,2.41
A0A0U1RQV1,2.41
Q99807,2.41
P41212,2.41
Q9UHI8,2.41
Q8TDI0,2.41
Q5BJH7,2.41
Q96SA4,2.4
Q9ULP9,2.4
P62699,2.4
Q96MF7,2.4
P48651,2.4
P55211,2.4
Q14571,2.4
O96007,2.4
Q9NZF1,2.4
A8K7I4,2.4
Q9NQC8,2.4
O95140,2.4
Q5JRK9,2.4
B0QYS6,2.39
Q12929,2.39
Q9NV56,2.39
Q96PE5,2.39
P59990,2.38
Q9NQT8,2.38
O75691,2.38
B8ZZ87,2.38
Q9NRA8,2.37
Q7Z3E5,2.37
Q9NTJ4,2.37
Q5T2T1,2.37
Q9HC36,2.37
Q9Y5V3,2.37
Q9Y2H5,2.37
Q15650,2.37
P05937,2.37
P32926,2.37
Q5T280,2.37
Q8N4C8,2.36
Q15025,2.36
P47224,2.36
A8MXV4,2.36
O60825,2.36
O95749,2.36
Q15493,2.36
Q86YL5,2.36
Q9BS92,2.36
O60499,2.36
Q16625,2.36
Q9H4L4,2.35
Q99570,2.35
F6UB75,2.35
P57081,2.35
Q69YQ0,2.35
Q92626,2.35
Q8NHQ9,2.35
Q7KYR7,2.35
Q9BRD0,2.35
O15381,2.35
P09681,2.35
A0A5F9ZHW1,2.34
Q9Y5C1,2.34
P35219,2.34
Q8WWQ0,2.34
Q9ULH7,2.34
Q9BST9,2.34
A0A0U1RRB6,2.34
Q16706,2.33
O43414,2.33
F8WA39,2.33
Q99755,2.33
Q99983,2.33
Q9H0Z9,2.33
Q9BTT4,2.32
Q5VY43,2.32
P62341,2.32
Q86XL3,2.32
Q5F1R6,2.32
Q6PJG2,2.32
Q15526,2.32
Q76LX8,2.32
P60371,2.32
Q8WTS6,2.32
P55317,2.32
Q9GZQ3,2.31
Q8WYP5,2.31
O60443,2.31
Q92643,2.31
Q96N67,2.31
Q15560,2.31
Q9GZV1,2.31
Q5SY16,2.31
Q5T160,2.31
Q8ND24,2.3
Q53HL2,2.3
Q9C0B5,2.3
Q9UKK3,2.3
O75144,2.3
P32418,2.3
A6NER3,2.3
P15428,2.29
Q9Y2Z9,2.29
F6Y0H9,2.29
Q63HM9,2.29
Q86VX2,2.29
Q9Y2Q0,2.29
P56945,2.29
Q9UK61,2.29
P59991,2.29
Q86Y07,2.29
Q6ZUJ8,2.29
Q8WVD3,2.29
Q9Y2G3,2.29
Q9NUY8,2.28
P05408,2.28
O95741,2.28
P12544,2.27
A6NC98,2.27
Q5VV67,2.27
Q6UWE0,2.27
F5H7W8,2.27
O43310,2.27
P13500,2.27
P01130,2.27
Q96R06,2.26
Q9NU22,2.26
O15394,2.26
M0R3H8,2.26
Q5SWX8,2.26
Q96FZ2,2.26
Q8IWZ8,2.26
O15541,2.26
P61266,2.26
O15379,2.26
Q86YS7,2.25
Q9Y5T5,2.25
Q6P161,2.25
P63252,2.25
P49802,2.25
Q9UKI8,2.25
Q08ET2,2.25
Q8N5F7,2.25
Q6K0P9,2.25
P49796,2.24
Q9Y5K3,2.24
Q01415,2.24
Q9ULK4,2.24
Q99611,2.24
P53778,2.24
Q16831,2.23
Q9BVV7,2.23
O95926,2.23
Q8WWW0,2.23
P49619,2.23
P35240,2.23
Q8N149,2.23
Q9Y3D2,2.22
O95376,2.22
O75154,2.22
Q96EV8,2.22
Q6ZRP7,2.22
Q9Y4J8,2.22
Q86U17,2.22
Q5T2W1,2.22
Q9NQL2,2.21
Q5VWC8,2.21
Q14210,2.21
Q05D32,2.21
Q9BYV8,2.21
Q92859,2.21
A0A0B4J1V8,2.21
B5MBW9,2.2
Q13111,2.2
Q8TBF4,2.2
Q9BT22,2.19
Q8NDH3,2.19
O15075,2.19
Q659C4,2.19
Q13416,2.19
Q6ZT62,2.19
F8WEQ3,2.19
P41743,2.19
Q9H3R5,2.19
Q6UUV7,2.18
Q8NDI1,2.18
P51965,2.18
O14981,2.18
O60518,2.18
O75954,2.18
Q9H5Q4,2.18
Q9UBQ6,2.18
Q9Y618,2.17
P50151,2.17
Q9NRL2,2.17
P11049,2.17
Q9NSC5,2.17
P46527,2.17
Q0JRZ9,2.17
P48382,2.17
Q7Z429,2.17
Q6PJG6,2.16
Q9H8G2,2.16
Q6UW78,2.16
Q5T5P2,2.16
Q92854,2.16
P49754,2.16
Q13795,2.16
Q8N108,2.15
Q8NFH8,2.15
Q9UPV7,2.15
P42772,2.15
O00241,2.15
Q14119,2.15
P30530,2.15
P14222,2.15
Q68CQ4,2.15
Q17RC7,2.15
Q99735,2.14
Q7Z2X7,2.14
Q9Y584,2.14
Q9HCU0,2.14
Q9NQS7,2.14
Q8TEU7,2.14
Q9H147,2.14
Q86WJ1,2.14
Q92484,2.14
Q5VT66,2.13
Q8N556,2.13
P07902,2.13
Q6P4A8,2.13
Q9NYL2,2.13
Q5PRF9,2.13
A0A286YF11,2.13
Q9NXV2,2.13
P55899,2.13
Q9UJ68,2.13
Q9NRY2,2.13
O95425,2.13
P62166,2.12
Q69YN4,2.12
P61165,2.12
Q9NW15,2.12
Q13439,2.12
Q3SXM5,2.12
Q58WW2,2.12
Q96HQ2,2.12
P32856,2.12
Q92759,2.12
P52333,2.11
Q9H410,2.11
Q15633,2.11
Q9BQ51,2.11
Q9H204,2.11
O14841,2.11
P20226,2.1
O95178,2.1
Q15170,2.1
Q9NV35,2.1
Q86UU1,2.1
Q96BS2,2.09
Q8ND04,2.09
Q8IUC0,2.09
O14521,2.09
Q8IYB7,2.09
P78352,2.09
O75525,2.09
Q7Z7L8,2.08
Q6VMQ6,2.08
A0A669KAY3,2.08
P25445,2.08
O15264,2.08
Q8IZ07,2.08
P15408,2.08
A0A0A0MQW3,2.08
P52655,2.07
O14967,2.07
Q6KC79,2.07
Q9NZK5,2.07
Q8TF74,2.07
Q99731,2.07
Q6IB77,2.07
Q96LR5,2.06
Q6P179,2.06
Q9BUI4,2.06
Q9H7L9,2.05
Q9UG56,2.05
O43914,2.05
P48454,2.05
O14832,2.05
Q5VV42,2.05
A4D1E9,2.05
Q9Y3E2,2.05
Q86TI0,2.05
Q96QD9,2.05
O95619,2.04
A0A087WZV0,2.04
Q9P253,2.04
Q4J6C6,2.04
P13498,2.04
Q96G61,2.04
Q96KC8,2.03
Q99941,2.03
Q8WTW3,2.03
Q8NEW0,2.03
Q8NB90,2.03
Q9Y6D5,2.02
Q6UWT4,2.02
Q9NPJ6,2.02
A0A0B4J203,2.02
Q9BTK6,2.02
Q9Y2W6,2.02
Q8NF91,2.02
Q9BSU3,2.02
Q8N3D4,2.02
A2RRP1,2.02
Q96B45,2.01
O95359,2.01
P24001,2.01
Q8WV22,2.01
Q92692,2.01
Q15648,2.01
Q13332,2.0
Q9Y324,2.0
Q9BSB4,2.0
Q96BK5,2.0
U3KQP1,2.0
O14810,2.0
Q13426,2.0
O60494,2.0
Q16594,2.0
Q8NFP7,2.0
Q9NQS1,1.99
P28300,1.99
P54707,1.99
P48723,1.99
Q9GZV7,1.99
Q96RQ1,1.99
P52564,1.99
P78332,1.99
Q6P589,1.99
P56589,1.99
P32121,1.99
Q9NRB3,1.99
Q9NS87,1.99
O95967,1.99
Q9HCJ6,1.98
Q14807,1.98
Q9P0J1,1.98
Q7Z6K5,1.98
Q8N370,1.98
Q7Z6L0,1.98
P82094,1.98
Q86XI2,1.98
Q8TF01,1.97
A0A0J9YVX5,1.97
O75339,1.97
Q6P3X3,1.97
Q9H9Y2,1.97
O43291,1.96
O43819,1.96
Q9Y487,1.96
P34947,1.96
Q86TB9,1.96
Q86UY6,1.96
Q9BXK1,1.96
A6NM71,1.96
Q04759,1.96
Q8WUI4,1.96
P26022,1.96
Q9Y6X3,1.95
Q02127,1.95
Q9NWS8,1.95
O00160,1.95
Q8TF05,1.95
Q13219,1.95
Q5JTD0,1.94
Q8IY95,1.94
O75528,1.94
O15111,1.94
Q99418,1.94
F8W036,1.94
A0A8C8KD64,1.94
P32189,1.94
Q9GZY6,1.93
A0A2U3TZM3,1.93
Q02083,1.93
Q96SZ5,1.93
Q8TAD8,1.93
Q9H2V7,1.93
Q9HAN9,1.93
A6NMQ1,1.92
Q99618,1.92
Q9Y228,1.92
P49674,1.92
A2RTX5,1.92
Q96JG6,1.92
Q8WUR7,1.92
Q8IWW6,1.92
Q92963,1.92
Q6P582,1.92
P49914,1.91
Q8IXK0,1.91
P18084,1.91
Q15147,1.91
Q5VTT5,1.91
A5D8W1,1.91
O75674,1.91
Q96DC9,1.91
Q9BV36,1.91
Q8N1K5,1.91
O75764,1.91
P16383,1.91
Q32P44,1.9
Q9BUL9,1.9
O43929,1.9
P28845,1.9
Q5TA45,1.89
Q5VVQ6,1.89
O43760,1.89
Q14202,1.89
P22415,1.89
Q8NDX5,1.89
O75818,1.89
O94880,1.89
Q96SB8,1.89
P27216,1.88
Q9NZU0,1.88
Q9Y6N1,1.88
Q92536,1.88
Q9Y3Q3,1.87
P01225,1.87
Q96RE7,1.87
P35052,1.87
Q6P2C8,1.87
Q9NYR9,1.87
Q9BRP1,1.87
O00291,1.87
Q15700,1.86
O14531,1.86
Q53EZ4,1.86
Q5VWX1,1.85
Q8N4X5,1.85
Q99707,1.85
Q9H4Z3,1.85
Q92604,1.85
Q96K21,1.85
Q6UWY5,1.85
Q9UBC3,1.85
Q9Y235,1.85
Q8IYM9,1.85
P32780,1.85
P40189,1.85
Q9H0R6,1.85
Q8IV38,1.84
Q9H5V9,1.84
Q7L099,1.84
A8K0Z3,1.84
P35247,1.84
Q96F10,1.84
Q96J02,1.84
P0DI81,1.84
P0DI82,1.84
A0A1W2PPQ1,1.84
Q8N2S1,1.84
P28827,1.84
Q96HR8,1.84
O75556,1.84
Q01523,1.84
O95822,1.84
Q9NRY4,1.84
P22735,1.84
A0A1W2PS29,1.84
Q6UW02,1.83
Q8N5Y8,1.83
Q14573,1.83
P23490,1.83
C9J2H1,1.83
O00622,1.83
Q9NS25,1.82
Q9P2K3,1.82
O14523,1.82
Q9C0H9,1.82
O95049,1.82
Q9H1C7,1.82
Q8NEZ2,1.82
Q07687,1.82
Q9BYN0,1.81
Q8N4Q0,1.81
Q96FC7,1.81
A0A669KAY5,1.81
Q9H1Z4,1.81
P11274,1.81
Q9NSA0,1.81
O14802,1.81
Q99578,1.81
Q9Y2L5,1.81
Q9BQ70,1.81
A1X283,1.81
Q96PV6,1.81
Q15910,1.81
Q8N357,1.81
P78560,1.81
Q14117,1.81
C9J4A7,1.81
P55774,1.81
Q96RL1,1.81
F2Z2W7,1.8
Q9NR22,1.8
Q06546,1.8
Q52LG2,1.8
Q86YB7,1.8
O94927,1.8
Q8NHV4,1.8
Q9NR33,1.8
Q5JVS0,1.8
P45378,1.8
Q8NFC6,1.8
Q96DE5,1.8
Q9UBX7,1.79
Q12830,1.79
Q9Y2K7,1.79
Q9H9B1,1.79
F6QMI7,1.78
O15239,1.78
Q92736,1.78
Q96I51,1.78
Q9Y653,1.78
Q9BXF6,1.78
Q96GE9,1.78
Q8IY21,1.78
Q14390,1.78
P02458,1.78
Q8N1G0,1.78
Q6N069,1.77
Q8N2G8,1.77
J3KPS0,1.77
P49427,1.77
Q9UHF7,1.77
Q86VY4,1.77
Q9ULW8,1.77
Q5T447,1.76
Q9BYC5,1.76
P28067,1.76
Q5JSL3,1.76
Q7Z4H7,1.76
A6NHQ2,1.76
Q86X10,1.76
Q5TC63,1.75
D3DX19,1.75
Q9UJC3,1.75
Q5T5A8,1.75
Q92558,1.75
P00414,1.75
Q5TA50,1.75
Q99996,1.75
O95406,1.75
P11912,1.75
Q9UKM7,1.75
O95685,1.75
O94966,1.75
Q4LE39,1.75
Q9Y4K3,1.74
Q12851,1.74
Q8WWX9,1.74
Q8WV99,1.74
Q12837,1.74
Q9H490,1.74
Q9UJM8,1.74
Q00536,1.74
P15085,1.74
O00168,1.74
P17275,1.74
Q8IZD0,1.74
Q14562,1.74
P52735,1.74
Q9NQ34,1.74
Q15628,1.73
Q9UNT1,1.73
Q12882,1.73
Q9BU02,1.73
Q63HR2,1.73
P04920,1.73
A0A0C4DFY5,1.73
Q9H2M3,1.73
Q9Y2Y8,1.73
Q99571,1.72
P23763,1.72
O15164,1.72
P07204,1.72
P53350,1.72
Q13422,1.72
P52790,1.72
Q9NRR1,1.71
P16591,1.71
P22732,1.71
A0A590UK80,1.71
Q8WW22,1.71
Q9NRD1,1.71
Q9BQC3,1.71
Q9Y240,1.71
Q06547,1.7
Q96GY3,1.7
Q96J42,1.7
O14576,1.7
O95502,1.7
A0A1X7SBT7,1.7
P19440,1.7
Q147X3,1.7
Q96D53,1.7
P23458,1.7
Q8WVX9,1.7
Q9UBK7,1.7
Q96IK1,1.69
A1A4S6,1.69
Q9BUA3,1.69
Q9HCB6,1.69
Q8IYF3,1.69
Q8IYN2,1.69
Q9NWA0,1.69
Q9UEW3,1.69
P49815,1.69
Q6ZMZ3,1.68
Q9NZN5,1.68
Q8TAM6,1.68
Q9UM11,1.68
Q13421,1.68
Q9UBG0,1.68
O43347,1.68
Q8TE02,1.67
Q969L2,1.67
Q07108,1.67
Q96T58,1.67
Q9UGT4,1.67
Q6P1M3,1.67
Q9H0F7,1.67
Q9HD47,1.67
P12271,1.67
A3KMH1,1.66
H0Y860,1.66
Q9BQS8,1.66
Q6PI73,1.66
Q6NTF9,1.66
P30825,1.66
P42898,1.66
Q8NDT2,1.65
P49848,1.65
Q9BWH6,1.65
Q92781,1.65
Q9UJ83,1.65
Q96BD8,1.65
Q16651,1.65
Q9NUT2,1.65
Q7L5N7,1.65
Q8NB49,1.65
Q86VI3,1.65
Q9NPI1,1.65
O15121,1.64
P57735,1.64
F5H2X7,1.64
O15162,1.64
P11465,1.64
Q9H501,1.64
Q9UJX5,1.64
O95471,1.63
H3BQ15,1.63
P0DM35,1.63
Q6ICG6,1.63
Q9ULH0,1.63
G5E9D4,1.63
O75382,1.63
Q9NX18,1.63
Q6P2H3,1.63
Q86TG7,1.63
Q3SYG4,1.63
Q15853,1.63
P49662,1.63
Q8IYQ7,1.63
O15118,1.63
Q13443,1.62
P53355,1.62
B2RBV5,1.62
P09923,1.62
Q8IV36,1.62
Q8TCF1,1.62
Q68CK6,1.62
Q6NW29,1.62
Q9NUL5,1.62
A0A087WWT2,1.62
Q92995,1.61
K7EJL7,1.61
Q8IY18,1.61
P63302,1.61
Q96RF0,1.61
Q16623,1.61
Q9C0D9,1.61
P10523,1.61
Q8NBF6,1.61
Q12955,1.61
Q8IZH2,1.61
O15254,1.6
Q9NUM4,1.6
Q03169,1.6
E9PSI1,1.6
Q8IUW5,1.6
Q9NUG6,1.6
P20472,1.6
Q6UW63,1.6
C9IYR8,1.6
P32019,1.6
Q8NG11,1.6
Q96JH7,1.6
A0AAA9X7E5,1.6
Q5T8D3,1.59
Q9ULT8,1.59
M0QYV0,1.59
Q9BPY3,1.59
Q02556,1.59
O96017,1.59
Q86TM6,1.59
Q9NW81,1.59
Q9Y2V7,1.59
Q9UK58,1.59
Q9GZX9,1.59
Q9UBR1,1.58
Q7L190,1.58
Q9Y243,1.58
Q96IZ7,1.58
Q12979,1.58
Q8NC44,1.58
E9PBP6,1.58
Q9BSR8,1.58
Q13515,1.58
O00462,1.58
O95399,1.58
Q9BUE6,1.58
Q9BY49,1.58
Q8WVQ1,1.58
Q99504,1.58
Q92828,1.57
Q8IVL6,1.57
A0A087X295,1.57
Q6PL18,1.57
Q96BZ8,1.57
Q76FK4,1.57
P13805,1.56
Q15643,1.56
Q9HB58,1.56
Q674R7,1.56
A0A0A6YYL1,1.56
Q8IYL3,1.56
P04731,1.56
Q9H1C4,1.56
P49768,1.56
P12821,1.56
Q08AH3,1.56
P14373,1.56
P07098,1.56
Q96CN9,1.56
Q04721,1.55
P25963,1.55
Q14146,1.55
F8WBA3,1.55
Q15742,1.55
Q15653,1.55
Q7L4E1,1.55
P40617,1.55
H7C0S8,1.55
Q86SQ0,1.55
P19075,1.55
P09564,1.55
O95428,1.55
Q6ZTA4,1.55
O15439,1.55
A1L429,1.54
Q6P597,1.54
P21580,1.54
Q8NHV1,1.54
Q6UUV9,1.54
P09086,1.54
K7EKI0,1.54
O95396,1.54
P29400,1.54
O00308,1.54
Q9GZM5,1.54
P03956,1.53
Q9UPP1,1.53
O94822,1.53
O94772,1.53
Q9BYE4,1.53
Q9Y6X9,1.53
Q96HF1,1.53
Q96GX2,1.52
Q6P1M0,1.52
Q92623,1.52
Q6NUQ1,1.52
Q9UQR1,1.52
Q96DZ9,1.52
Q9H492,1.52
Q96EU6,1.52
Q9UET6,1.52
P11464,1.52
Q8NFD5,1.52
A0A6Q8NVI4,1.52
Q9NXX6,1.51
Q643R3,1.51
G3V4G9,1.51
E9PNI7,1.51
Q9UPY3,1.51
Q6P4A7,1.51
Q9BQD3,1.51
Q99081,1.51
Q13367,1.51
Q8TED1,1.51
Q9BYS1,1.51
Q00887,1.51
P23443,1.51
Q8NE62,1.5
B7WNH4,1.5
Q8IV50,1.5
Q16514,1.5
O60635,1.5
Q13206,1.5
Q07352,1.5
U3KPZ7,1.5
O43570,1.5
O95248,1.49
Q9Y6X4,1.49
O14494,1.49
Q86YB8,1.49
Q0PNE2,1.49
Q9NVN8,1.49
Q8IWZ3,1.49
A0A2R8Y4H2,1.49
Q9BVM2,1.49
Q8IUE1,1.49
Q6UXG3,1.49
Q5SQI0,1.49
Q8IZ73,1.49
Q5T749,1.49
O00507,1.49
O95551,1.49
O00268,1.49
P49761,1.49
Q96SK2,1.48
P34910,1.48
Q6P4F2,1.48
Q8N6N7,1.48
Q6P9B9,1.48
Q86WG3,1.48
O60907,1.48
Q15262,1.48
P78345,1.48
O43292,1.48
Q8IWJ2,1.48
Q8WXH0,1.48
Q8N474,1.48
P49675,1.48
P20916,1.47
Q86VQ1,1.47
O75151,1.47
Q96R05,1.47
H7C560,1.47
P56378,1.47
Q9P0S3,1.47
Q14145,1.47
Q96RK0,1.47
Q9HCP6,1.47
P29317,1.46
Q9P1Y6,1.46
Q9H0N5,1.46
Q7Z3C6,1.46
P10275,1.46
O15393,1.46
O14641,1.46
Q9NXJ5,1.46
J3KQA5,1.46
Q9H900,1.46
Q14457,1.46
Q8TEB7,1.46
O43663,1.45
Q15398,1.45
Q8N6T7,1.45
Q9BY11,1.45
Q96RR4,1.45
Q13477,1.45
Q7Z392,1.45
Q9H3R2,1.45
Q3V6T2,1.45
Q8NEL9,1.45
Q8TBB5,1.45
P0DPK5,1.45
Q6GQQ9,1.45
Q687X5,1.45
Q9Y4A5,1.44
Q8N488,1.44
Q9NVX0,1.44
O15551,1.44
P51124,1.44
F5H189,1.44
E5RJF8,1.44
Q9GZV5,1.44
Q9UN30,1.44
Q02094,1.44
O15091,1.44
Q8NFP9,1.44
Q7L0J3,1.44
P34810,1.44
O14782,1.44
A0A0B4J1S8,1.44
Q5VYS8,1.43
Q8NHP6,1.43
Q13137,1.43
Q86YQ8,1.43
P04049,1.43
Q8TDY4,1.43
Q96T21,1.43
Q86XZ4,1.43
Q9NUP1,1.43
O95274,1.42
Q14392,1.42
O75487,1.42
O95707,1.42
O95365,1.42
Q07889,1.42
Q5VUA4,1.42
Q5T7N2,1.42
P09093,1.42
Q96JE9,1.42
Q7Z7L1,1.42
Q9BYC2,1.42
Q8WWK9,1.42
Q9BR61,1.42
Q3SY69,1.41
Q8N461,1.41
Q9UGJ1,1.41
O00418,1.41
K7EJ46,1.41
Q8WVB6,1.41
P50548,1.41
Q9Y619,1.41
Q96A32,1.41
Q9P2B4,1.41
Q9BRZ2,1.41
Q92752,1.41
Q96NB3,1.41
Q9C0H2,1.41
Q6DKK2,1.4
Q14982,1.4
Q86UE8,1.4
Q5T2D2,1.4
O43365,1.4
Q7L5Y1,1.4
Q9ULF5,1.4
Q9UL18,1.4
Q7Z3T8,1.4
Q6NXT1,1.4
Q9NRS6,1.4
Q9Y2C4,1.39
Q2NKX8,1.39
Q9H6R3,1.39
Q13901,1.39
Q14004,1.39
Q96JQ2,1.39
Q9H788,1.39
Q9Y4F5,1.39
Q9H6S0,1.39
Q5BJF6,1.39
Q9H8H2,1.39
Q86WU2,1.39
Q8TD30,1.38
A0A1B0GWJ7,1.38
Q8N5A5,1.38
Q9H6Q4,1.38
Q9NSP4,1.38
Q14749,1.38
P03891,1.38
P10915,1.38
Q8TB45,1.38
Q9H254,1.38
O00757,1.38
Q9BXB4,1.37
Q00537,1.37
Q9Y388,1.37
Q9H6U6,1.37
A0A0A0MR51,1.37
Q8NBZ7,1.37
Q12872,1.37
O75865,1.37
Q13454,1.37
P01275,1.37
O60244,1.37
Q71RG4,1.37
Q96M96,1.37
E9PJX4,1.37
Q96RM1,1.37
P19397,1.37
Q96MH6,1.37
O14817,1.37
Q5VZE5,1.37
Q9NTN9,1.36
Q8NEY1,1.36
Q13469,1.36
Q9P219,1.36
Q15326,1.36
O95210,1.36
Q08174,1.36
Q86TN4,1.36
Q9UBF6,1.36
B5MD39,1.36
Q92481,1.36
Q8N5D0,1.35
O60331,1.35
Q5VZK9,1.35
P09913,1.35
Q96JC1,1.35
Q9H1R3,1.35
P43363,1.35
P29597,1.35
O75063,1.35
Q6ZXV5,1.35
Q9UL12,1.35
Q8N7R7,1.35
Q07820,1.35
A0A087WTJ2,1.35
Q9UBW7,1.34
Q8IYJ1,1.34
Q8WWH5,1.34
Q8WVM0,1.34
Q96EB6,1.34
Q5T5C0,1.34
P19793,1.34
P51617,1.34
Q8TC92,1.34
Q6ZRS2,1.34
Q06413,1.34
O75022,1.34
Q9UHN6,1.34
Q6DN90,1.33
O15066,1.33
P36402,1.33
O75044,1.33
Q8WV19,1.33
O75575,1.33
Q08397,1.33
Q5EBM0,1.33
P42773,1.33
Q9Y2U5,1.33
Q16617,1.33
F2Z2J1,1.33
A0A3B3ITS8,1.33
Q13751,1.33
Q9UPN4,1.33
Q96LD4,1.33
Q8IWL1,1.33
E9PAM4,1.33
Q9NVH0,1.32
A0A2R8YCL1,1.32
P47928,1.32
Q02930,1.32
Q69YL0,1.32
P53567,1.32
Q8TDH9,1.32
P19622,1.32
Q6P1K2,1.32
Q6PID6,1.32
O43482,1.32
P48201,1.32
Q8NB16,1.32
Q4G0I0,1.32
Q9NP58,1.32
P29474,1.31
O94929,1.31
P22897,1.31
Q6PK04,1.31
Q9UI17,1.31
Q8IXL6,1.31
O75676,1.31
A0A087WUM3,1.31
Q8IWL2,1.31
O75449,1.31
J3KNC9,1.31
Q6XE24,1.31
Q9NVH2,1.31
A0A494C0F3,1.31
B3EWG3,1.3
B3EWG5,1.3
B3EWG6,1.3
Q9P0N8,1.3
Q96NB2,1.3
Q8NBN3,1.3
Q9Y6V7,1.3
Q8N142,1.3
Q9BUK6,1.3
B7WPL0,1.3
Q07075,1.3
Q9NWT6,1.3
P15735,1.3
Q8WWV3,1.3
P35626,1.3
Q96QU8,1.3
Q10472,1.3
Q13625,1.3
Q8TDW0,1.3
Q13761,1.29
Q13480,1.29
Q8N111,1.29
A5PLN9,1.29
P18577,1.29
Q9BUM1,1.29
P15923,1.29
O00411,1.29
Q9P2P5,1.29
Q8IWU5,1.28
Q9Y303,1.28
Q9Y448,1.28
Q9UBP0,1.28
P56279,1.28
Q5QJ74,1.28
Q9NP84,1.28
P20930,1.28
Q8TB61,1.28
P50443,1.28
A0A0C4DFM2,1.28
Q53EP0,1.28
Q9NZI7,1.27
Q8IWR0,1.27
Q9H0Q3,1.27
P08686,1.27
P08183,1.27
Q9GZQ8,1.27
Q9BZD4,1.27
Q13905,1.27
Q8NHU6,1.27
H7C417,1.27
P0DMU9,1.27
Q9UH92,1.27
Q7Z5P4,1.27
P05997,1.27
Q9H081,1.27
Q9H1A4,1.27
Q96II8,1.27
Q03167,1.27
Q8N5C6,1.27
P15848,1.27
Q99674,1.27
Q9NZQ7,1.27
Q9HBK9,1.26
Q14687,1.26
Q96HW7,1.26
Q9NS91,1.26
Q96QF0,1.26
Q96LD8,1.26
A0AAG2SWP8,1.26
Q8IXL7,1.26
P55061,1.26
Q9HBB8,1.26
X6R3N0,1.26
Q9UKJ3,1.26
Q9BQ48,1.26
P53420,1.26
Q9P2D3,1.25
Q9BV23,1.25
Q16342,1.25
O60921,1.25
Q9UQ72,1.25
Q9BQE4,1.25
O60704,1.25
Q13315,1.25
Q10469,1.25
Q9UHR6,1.25
Q9NUW8,1.25
O75157,1.25
O75069,1.25
Q9BX97,1.25
F8W736,1.25
Q8IVF2,1.25
Q8NCG7,1.24
Q5JPI3,1.24
Q9UL40,1.24
Q9HCH3,1.24
P20711,1.24
P27930,1.24
A5YM69,1.24
Q14728,1.24
A0A0C4DH75,1.24
Q5SXM8,1.24
Q6P1Q9,1.24
Q96GW9,1.24
Q8WXG6,1.24
Q9H9Q4,1.24
P20585,1.24
O43759,1.24
Q86X27,1.24
F5GY88,1.23
P78395,1.23
Q03405,1.23
Q9UQR0,1.23
O75330,1.23
O15085,1.23
Q96FF7,1.23
A6NCE7,1.23
Q9H3F6,1.22
Q9UHB7,1.22
P13236,1.22
Q9H063,1.22
P18283,1.22
P0CW19,1.22
P0CW20,1.22
P10747,1.22
Q9HA65,1.22
Q12986,1.22
Q96AQ8,1.22
P53677,1.22
Q6P4E1,1.22
Q9NQY0,1.22
P21359,1.22
Q53FV1,1.22
Q9NW97,1.22
P10415,1.22
P10144,1.22
Q9H270,1.22
Q9NVV0,1.22
Q9H201,1.21
A6NJ78,1.21
Q96G74,1.21
Q9P2W1,1.21
Q6UX53,1.21
Q9NVC6,1.21
P50120,1.21
Q9NZD1,1.21
Q9NSU2,1.21
Q5VV41,1.2
I3L3H0,1.2
Q00888,1.2
O75600,1.2
Q7Z6I8,1.2
Q9H6T0,1.2
Q01432,1.2
Q9BRU9,1.2
Q9NU23,1.2
P00519,1.19
Q6Y288,1.19
P56937,1.19
Q6FHJ7,1.19
Q92478,1.19
Q9UKU9,1.19
Q9C040,1.19
Q7L2Z9,1.19
A0A087WT04,1.19
Q96SL8,1.19
Q8IZE3,1.19
A0A0A6YYH1,1.19
P26992,1.18
Q9P1Y5,1.18
Q8N3R9,1.18
J9JIF5,1.18
Q8WUF8,1.18
O95628,1.18
P02585,1.18
Q9NVF7,1.18
Q9ULL4,1.18
Q9H082,1.18
Q9H5H4,1.18
Q96A23,1.18
O95402,1.18
Q99717,1.18
O43896,1.18
Q96K19,1.18
Q8TAG5,1.18
Q99759,1.18
O43808,1.18
Q9H7D0,1.18
P48553,1.17
Q9NPB8,1.17
Q15545,1.17
O60687,1.17
Q8N1S5,1.17
Q14929,1.17
Q9ULW3,1.17
A5D8V6,1.17
Q16557,1.17
O75689,1.17
Q9UQ74,1.17
Q9BRT8,1.17
Q9H875,1.17
P00973,1.16
Q9H0E3,1.16
P52747,1.16
Q9H0E9,1.16
O95363,1.16
Q5VWJ9,1.16
Q4VXY6,1.16
Q9Y5B0,1.16
Q08AG7,1.16
Q9Y4C1,1.16
P19801,1.16
P35558,1.16
P15514,1.16
H3BLT4,1.16
Q9HCH5,1.16
Q00987,1.16
P98170,1.16
Q96S94,1.16
Q8N0V3,1.16
Q9UIF9,1.16
O43490,1.16
Q96EX1,1.16
Q5T1C6,1.16
Q96CG8,1.15
P20023,1.15
Q8N752,1.15
Q6ZN66,1.15
Q3B8N2,1.15
Q9NR09,1.15
P07199,1.15
Q8IW19,1.15
Q14149,1.15
Q9NY97,1.15
O00339,1.15
P49356,1.15
Q12834,1.15
O43716,1.15
Q4VCS5,1.15
P51688,1.15
Q16082,1.15
Q7L775,1.15
O94829,1.15
A0A096LNM5,1.14
Q7L311,1.14
Q9BYB4,1.14
Q8N201,1.14
Q86W34,1.14
P01160,1.14
O94885,1.14
O75155,1.14
Q8TBC3,1.14
Q96PC5,1.14
P10746,1.14
Q9Y2J0,1.13
Q15434,1.13
Q96EZ8,1.13
O00458,1.13
P0CG13,1.13
Q969P6,1.13
Q5KU26,1.13
P49454,1.13
O15318,1.13
O75907,1.13
Q5MNZ6,1.13
Q86VQ6,1.13
H0YBQ0,1.13
Q9BVQ7,1.13
Q9Y6K8,1.13
Q9NS61,1.13
P03372,1.13
Q9BYG5,1.13
O60870,1.13
O94913,1.13
Q00978,1.13
P35590,1.13
Q8IWV8,1.13
Q6DKI2,1.13
Q9H3S4,1.13
A0A1W2PR17,1.13
Q6VUC0,1.13
P40967,1.13
Q9BV81,1.13
Q587I9,1.12
Q9UKA8,1.12
Q49AR2,1.12
Q5VZL5,1.12
Q53GS7,1.12
Q53GD3,1.12
P46934,1.12
O43657,1.12
Q9NPF2,1.12
Q96L91,1.12
Q9HCE5,1.12
Q9HBH1,1.12
P43353,1.12
Q8TCE6,1.11
O00635,1.11
P17535,1.11
Q9H0V9,1.11
Q01968,1.11
Q9H0R3,1.11
Q8NB46,1.11
O14733,1.11
O95361,1.11
P59780,1.11
Q9BV29,1.11
Q8N122,1.11
Q9BWE0,1.11
P20333,1.11
P11831,1.11
Q674X7,1.11
Q9Y6K1,1.11
Q9Y6R0,1.11
Q8N423,1.11
Q8N442,1.1
A0A087WXF8,1.1
O96028,1.1
O14657,1.1
Q6IBW4,1.1
Q9NZH0,1.1
Q53QV2,1.1
Q9Y2T4,1.1
Q9GZM8,1.1
Q01826,1.1
Q13371,1.1
Q9UGN5,1.1
P42684,1.1
O60658,1.09
Q01974,1.09
Q9Y6W3,1.09
P17483,1.09
Q719H9,1.09
Q96CB8,1.09
Q4L180,1.09
Q7L3T8,1.09
Q03164,1.09
O00763,1.09
O43683,1.09
Q96BZ9,1.09
Q9ULL5,1.09
Q8WWM9,1.09
Q9HAJ7,1.09
O15273,1.09
P11712,1.09
O95476,1.09
Q9Y5Y6,1.09
P98164,1.09
Q9H0R5,1.09
Q8NCC3,1.09
Q8IV53,1.09
O60941,1.08
Q17RN3,1.08
O15014,1.08
Q562E7,1.08
O60861,1.08
H7C1D1,1.08
Q06055,1.08
Q9UL54,1.08
Q0IIM8,1.08
P29323,1.08
Q2PZI1,1.08
Q6ZNB6,1.08
O15211,1.08
P05412,1.08
Q9NWZ8,1.08
Q8IY31,1.08
Q9H6X2,1.08
A1L170,1.08
Q01804,1.08
P17029,1.08
Q9BW66,1.08
Q9BSY9,1.08
Q9Y6K0,1.07
Q9H3H5,1.07
Q9H173,1.07
Q9Y2G5,1.07
U3KQL2,1.07
Q9ULZ2,1.07
Q96H15,1.07
Q76M96,1.07
Q5TEU4,1.07
Q14135,1.07
Q6N063,1.07
Q08830,1.07
Q9BVA0,1.07
P09237,1.07
Q9NVU0,1.07
A0ACM8QGB5,1.07
Q8N8J7,1.07
Q2QD12,1.07
Q9Y467,1.07
P35226,1.07
P47974,1.07
Q9NWZ5,1.07
F8W9F8,1.07
Q9H2C2,1.07
Q9BRS2,1.06
Q9UBL6,1.06
Q86UU0,1.06
Q7Z7C8,1.06
O14770,1.06
P57682,1.06
Q14435,1.06
A6NKT7,1.06
Q12893,1.06
Q8N6G6,1.06
P17544,1.06
Q8WWZ8,1.06
P49069,1.06
Q6P087,1.06
P41229,1.06
Q7Z7M0,1.06
Q16566,1.06
P82279,1.06
O60844,1.06
Q86YV9,1.06
Q86UA1,1.06
Q00872,1.05
P54710,1.05
Q9UHI5,1.05
Q9UBI9,1.05
Q8NCE2,1.05
U3KQU4,1.05
Q6P158,1.05
Q330K2,1.05
O15431,1.05
Q96DF8,1.05
Q03113,1.05
Q9HBM6,1.05
Q6ZS17,1.05
Q9H2A2,1.05
Q86W56,1.05
P16662,1.05
Q702N8,1.04
Q5W0Z9,1.04
A6NDY0,1.04
Q15583,1.04
Q13444,1.04
O95273,1.04
Q9BYX2,1.04
Q96DX4,1.04
Q9NP74,1.04
Q9NVR2,1.04
O75170,1.04
A5PLL7,1.04
Q9Y6Y0,1.04
Q9P2Y5,1.04
Q6AI08,1.04
Q9NWM8,1.04
Q8N9N5,1.04
Q32P41,1.04
Q9NR99,1.04
Q9Y2P5,1.04
P47989,1.04
Q9UBU6,1.04
Q68CP9,1.03
Q9H0F6,1.03
P60331,1.03
P31249,1.03
O14777,1.03
Q9NVQ4,1.03
Q14623,1.03
P20718,1.03
Q96F15,1.03
Q99569,1.03
P49863,1.03
Q96IZ6,1.03
P78410,1.03
Q9UGU0,1.03
Q3LI77,1.03
P06340,1.03
Q8IZV5,1.03
Q96MG7,1.03
Q8NEN9,1.02
P05496,1.02
P35354,1.02
Q8NBK3,1.02
Q9BUK0,1.02
Q5TEJ8,1.02
Q96S99,1.02
Q8NDD1,1.02
P12838,1.02
P59901,1.02
P07992,1.02
Q8IWT6,1.02
Q8ND30,1.02
Q9BXD5,1.02
Q15345,1.02
Q9BYZ8,1.02
P10745,1.02
Q12934,1.02
Q9UNL4,1.02
P10721,1.01
P08581,1.01
Q8N565,1.01
Q86WV6,1.01
E9PDJ2,1.01
Q01664,1.01
Q5T751,1.01
Q6PCB7,1.01
Q5VT25,1.01
Q03111,1.01
Q9BZ67,1.01
Q8IUH3,1.01
O95208,1.01
Q9BSW2,1.01
O15198,1.01
Q05823,1.01
Q8TB24,1.01
Q8IVN3,1.01
Q9UNS1,1.01
P05423,1.01
Q8NEF9,1.01
Q8TE67,1.0
Q96ME1,1.0
Q6ZSJ8,1.0
Q8N138,1.0
Q9BXJ4,1.0
Q6B0K9,1.0
Q9NYZ1,1.0
Q9H6W3,1.0
P43699,1.0
O60565,0.999
Q96JC9,0.999
O95081,0.997
P08138,0.997
Q92574,0.997
Q7L3B6,0.997
Q15797,0.994
Q13888,0.994
Q9BT40,0.993
X6R8W7,0.993
Q86X95,0.993
O43353,0.992
Q96IG2,0.991
O75052,0.991
A0A7I2RAZ6,0.991
Q8N3J5,0.991
Q13432,0.99
Q92766,0.989
Q9NXU5,0.988
A1KXE4,0.988
Q9NVM1,0.988
Q9Y2H2,0.987
Q86U70,0.986
P56159,0.986
Q9NPF0,0.984
Q9GZU7,0.984
Q9Y535,0.983
Q5JTY5,0.983
Q5RIA9,0.983
Q08881,0.983
O94864,0.983
P01106,0.983
P54259,0.982
Q16620,0.982
Q6PHR2,0.981
Q96QA5,0.981
Q9NPA3,0.981
Q5T753,0.98
Q96B01,0.978
P31513,0.978
Q5T7P3,0.977
Q9BY89,0.977
Q9H000,0.977
O14960,0.976
Q9BRQ0,0.975
Q7Z3J3,0.975
P55198,0.974
Q96SI1,0.973
Q3KRA6,0.972
Q13017,0.972
Q7L5L3,0.972
Q52LA3,0.971
O60318,0.971
B7ZAQ6,0.971
P0CG08,0.971
Q86SQ4,0.971
Q15390,0.97
O95484,0.969
P10147,0.969
Q96DU9,0.969
Q14409,0.968
Q96PP9,0.968
P52569,0.968
Q99638,0.967
Q16647,0.967
Q9P2X3,0.966
O75414,0.966
P54760,0.965
Q5HYJ3,0.965
Q6STE5,0.963
Q8WW33,0.963
Q9UGU5,0.963
Q2M296,0.962
P0DJD1,0.961
A0A087WW23,0.961
O60662,0.96
A0A0A0MRX1,0.96
O75356,0.959
A0A0U1RRE5,0.959
A0A494C0P8,0.959
O95229,0.959
Q8IV63,0.959
Q9P0V3,0.958
P20151,0.956
O00192,0.956
Q96JB6,0.954
O15504,0.954
Q14534,0.954
Q8IY33,0.954
P04732,0.953
Q8IUF1,0.953
O95415,0.953
O95772,0.952
A0A087WVM2,0.952
Q8IWC1,0.952
P46020,0.952
Q9P2K8,0.951
Q9UPQ9,0.951
Q16560,0.951
Q92956,0.951
Q9NRY6,0.951
Q8TAG9,0.949
Q9Y6Q9,0.949
Q6WN34,0.948
Q14680,0.948
Q6PCB8,0.948
Q96MH2,0.947
P07438,0.947
O94819,0.945
O14613,0.945
Q9NQI0,0.945
Q5W125,0.945
Q9HB21,0.944
Q8IZD4,0.943
Q68CZ6,0.942
Q6NUK4,0.941
P78317,0.94
Q8N584,0.94
Q969M1,0.94
Q75QN2,0.939
P50748,0.938
A0A0C4DGV8,0.938
Q969H6,0.937
O75452,0.937
P0CB38,0.936
Q96ED9,0.936
O60732,0.935
P54198,0.935
Q8WUB8,0.934
Q8NFT2,0.934
Q9UKD1,0.933
P48200,0.933
Q7Z3D4,0.931
P49888,0.93
Q9Y4H2,0.929
A0A2R8YFB7,0.929
Q8NBW4,0.927
Q5T5Y3,0.927
Q9Y4U1,0.927
Q92791,0.926
Q13889,0.926
Q6UXG2,0.926
Q6P1L5,0.925
Q6IA69,0.924
Q9UHP3,0.924
Q9HCM4,0.924
O00287,0.924
Q6UVK1,0.924
Q92485,0.923
P78549,0.923
O14756,0.923
Q13588,0.922
P01303,0.922
O75911,0.922
Q9ULJ3,0.921
Q9C0K0,0.921
Q86SG6,0.921
Q6PCB5,0.921
Q9P275,0.92
Q99435,0.919
Q8TB22,0.919
Q709F0,0.919
Q6P1R4,0.918
Q9BYM8,0.918
Q53GL0,0.917
P54098,0.917
Q96MM6,0.917
Q96B33,0.917
Q9H2D6,0.916
P55287,0.916
O14727,0.915
Q9BZ29,0.915
Q15906,0.915
Q9P031,0.913
Q9H7Z6,0.912
A0A0A0MR95,0.912
Q9UPW6,0.912
Q8TEB1,0.911
Q9UKK6,0.91
P51798,0.91
F6U7F4,0.91
Q6IPR1,0.91
Q13491,0.91
Q92581,0.909
Q9UHK6,0.909
Q9HCM2,0.908
Q9Y2K3,0.908
Q9BX93,0.906
Q01449,0.906
O94817,0.905
A2VDF0,0.905
Q9UKB3,0.905
P30408,0.904
P38398,0.904
Q9H3M7,0.904
Q17R31,0.903
Q56P03,0.903
A0A7P0MLU2,0.903
P43362,0.903
F5H2B5,0.903
Q96NY8,0.902
O75715,0.902
P33897,0.902
Q96FH0,0.9
P23771,0.899
Q9H9L3,0.899
Q9BXW6,0.898
Q96BY9,0.898
P49326,0.897
Q68DH5,0.897
P22748,0.896
Q99871,0.896
Q53S33,0.895
Q9P0U4,0.894
O15484,0.894
Q7Z7M8,0.893
Q9UGR2,0.893
Q9UBS8,0.892
Q8WVK7,0.892
Q9NUN5,0.892
Q9NPG3,0.891
Q9NQC7,0.89
Q9P1W8,0.89
P62380,0.89
F2Z3H6,0.89
Q7L1V2,0.889
P09619,0.888
A0A286YEY3,0.888
P78368,0.888
Q9UM07,0.887
Q5SRE7,0.887
O00459,0.887
Q6P1Q0,0.887
A0A2R8Y549,0.887
Q8N7X1,0.886
Q92611,0.886
Q9Y5B8,0.886
P0DJJ0,0.886
O95562,0.885
Q9BUV8,0.884
Q5TZA2,0.884
Q92754,0.884
Q8NAF0,0.883
Q4V339,0.883
Q9UL03,0.883
U3KQB3,0.882
O95236,0.882
Q8WYQ5,0.882
Q96BN2,0.881
Q9Y4C2,0.881
Q96IR7,0.881
Q86UA6,0.88
O75023,0.88
O00423,0.88
Q99633,0.879
Q9BRV8,0.878
Q9BXI6,0.878
P13686,0.878
O43166,0.877
Q96C92,0.877
O15119,0.876
Q5K651,0.875
Q9NRN9,0.874
Q06945,0.873
Q12983,0.873
Q4LDG9,0.873
P24311,0.873
O15229,0.872
Q9UPU7,0.872
Q9H9G7,0.871
Q6Y1H2,0.87
Q9HCK8,0.87
Q9Y5Y0,0.869
Q8N9V3,0.869
Q9NRD5,0.868
Q8N0U8,0.868
P51857,0.868
Q7Z5J4,0.868
Q8NBA8,0.868
Q96NT5,0.866
Q9Y5N5,0.866
Q96AA3,0.866
O75635,0.866
P12107,0.866
Q9Y4E6,0.865
Q96K58,0.864
Q9H7J1,0.863
Q5MIZ7,0.863
Q13049,0.862
Q6PJ69,0.862
P48448,0.861
P46531,0.861
Q9BZG8,0.861
Q14802,0.86
O60294,0.859
Q7Z7F0,0.859
Q9ULR3,0.858
Q8IUH4,0.858
O60235,0.857
P43235,0.857
Q9H6Y7,0.856
O43451,0.856
Q02078,0.856
Q9NS56,0.855
Q5VWQ8,0.855
Q5JS37,0.855
Q9BSU1,0.855
Q9HC16,0.855
Q7Z569,0.854
P06729,0.853
Q96Q45,0.853
Q7L8J4,0.852
Q9NSV4,0.851
Q8IWD4,0.85
Q96FK6,0.85
Q9H3Y8,0.849
Q6ZUI0,0.849
Q6PID8,0.849
Q8IX90,0.849
Q9BYR5,0.848
Q08AD1,0.848
Q6VN20,0.848
Q8IV04,0.848
P00750,0.848
O75582,0.848
O95391,0.847
Q8TBE9,0.847
Q07002,0.846
Q8TAD7,0.846
Q92551,0.845
A0A087WYL5,0.845
Q9BVG9,0.844
A0A087X0I6,0.844
Q96ET8,0.844
A0A0A6YYB9,0.844
O15321,0.843
Q8N5I9,0.842
O60938,0.842
Q9H477,0.841
P24387,0.841
Q9Y330,0.841
Q08499,0.841
H3BMQ9,0.84
Q9UNH5,0.84
O00175,0.839
Q15013,0.839
Q9UGJ0,0.839
Q96Q15,0.837
Q7Z4G4,0.837
Q8IU60,0.837
O00519,0.837
Q96PM5,0.837
Q9NZJ0,0.836
Q04656,0.835
P35475,0.835
Q9Y217,0.835
Q5TKA1,0.835
Q96RL7,0.834
Q5NDL2,0.834
Q12894,0.834
Q9Y2X9,0.833
O95149,0.833
Q8WUX2,0.832
A0A590UJK7,0.831
Q92805,0.831
O94886,0.83
Q9H8T0,0.829
Q9P0W2,0.829
Q9Y6I4,0.828
Q9Y2X0,0.828
O60333,0.827
P36406,0.826
Q13370,0.826
O75019,0.826
Q9NWX6,0.826
Q86XD5,0.825
O43157,0.825
Q96A73,0.824
P0C6T2,0.824
Q8N1F8,0.824
Q9BXB5,0.824
K7ELQ4,0.823
P10589,0.823
Q9NZE8,0.823
Q8WUU5,0.821
Q6NXR4,0.821
Q11206,0.82
Q9NP50,0.82
P53667,0.819
O14493,0.819
Q8TAA9,0.819
Q9UK32,0.818
Q7Z5L7,0.817
Q8NBI5,0.817
H7C4K7,0.816
Q9ULV0,0.816
H3BTH8,0.816
Q14186,0.815
Q9C086,0.815
Q8TEH3,0.815
P27658,0.814
Q9UKT5,0.814
Q9H8M2,0.814
Q15542,0.813
Q8TBP6,0.813
Q9BYE9,0.813
Q13488,0.812
Q6ISB3,0.812
Q8IYJ3,0.81
O14715,0.809
Q8N3E9,0.809
Q9UBK8,0.808
P37173,0.808
Q9UBD6,0.807
O15120,0.807
O15335,0.807
Q9H0U9,0.806
Q86UN3,0.806
Q8TCD1,0.804
Q96D05,0.803
Q8NCB2,0.803
P56282,0.802
Q13753,0.802
Q9UBY8,0.802
Q6H8Q1,0.802
Q9UL63,0.801
Q02318,0.8
P01732,0.8
Q9BUT9,0.8
Q8NHG7,0.8
P00439,0.799
Q13007,0.798
P48539,0.798
Q02221,0.798
Q9H8V3,0.798
P13726,0.797
Q9UKU0,0.797
Q5UE93,0.797
A0A096LNH6,0.796
O95544,0.796
Q9BVW5,0.795
P11474,0.795
Q92610,0.795
Q96PP8,0.794
Q9H7P6,0.793
Q6P1K8,0.793
Q9BPZ7,0.792
P58511,0.792
Q9H6S1,0.792
Q03393,0.791
Q9UL42,0.79
Q14642,0.79
Q8IW50,0.79
P25940,0.789
Q9NQG1,0.788
Q6PIW4,0.788
Q9NX61,0.787
P08861,0.787
Q8WWA0,0.787
Q5JQC9,0.787
P49788,0.787
Q96ES7,0.787
A0A087WYJ0,0.787
Q9UQC2,0.787
P40426,0.787
P49450,0.786
Q9P266,0.786
Q9H2K0,0.786
Q9H169,0.786
Q9H0H0,0.786
Q03188,0.785
Q6PML9,0.785
Q9BPX7,0.785
P0DPD7,0.784
O75366,0.784
P78536,0.783
A0A2Z4LIS9,0.782
Q8WY36,0.782
O95848,0.781
O14647,0.781
P63215,0.78
Q96N76,0.779
O76038,0.779
A0A2U3TZE7,0.779
Q9H1X3,0.778
A0A024R161,0.778
Q96DM3,0.777
Q15361,0.777
O00204,0.777
Q9BZ95,0.775
Q8N465,0.775
Q9UBH6,0.775
E0CX11,0.775
A0A0C4DFS6,0.774
Q9Y5W5,0.773
Q9H0X4,0.773
Q8WV92,0.773
Q9H6P5,0.772
Q9Y6R4,0.772
Q13296,0.772
P54821,0.771
O94911,0.77
P20827,0.769
M0QZ92,0.769
Q9NUL7,0.768
Q9UHQ1,0.768
O95715,0.768
O15013,0.768
Q8IXQ5,0.767
Q9H6R0,0.767
Q9Y4G8,0.766
Q86VP3,0.766
Q53FZ2,0.766
Q6YHU6,0.765
Q9BYQ9,0.765
Q99666,0.765
Q9HCJ3,0.765
Q9UI42,0.764
Q9NQ92,0.763
Q9NYJ8,0.763
Q9UK99,0.763
Q5VZM2,0.762
Q96GY0,0.762
O15344,0.762
Q15058,0.762
Q8IW35,0.761
Q8IUG1,0.76
Q86YT6,0.76
Q8WUH1,0.76
Q8N9U0,0.759
Q14142,0.758
P38435,0.758
Q96PM9,0.757
Q8IWX7,0.757
Q96PY5,0.757
Q86T65,0.756
Q9Y4K0,0.755
Q7Z3B3,0.755
Q8WV74,0.754
P13521,0.754
P42263,0.754
Q12774,0.752
Q9H6K1,0.752
Q5TA79,0.752
O43581,0.752
Q07617,0.751
Q8IXU6,0.75
Q9UKB1,0.75
O43293,0.75
P10244,0.749
Q9NR34,0.749
P40394,0.748
Q6BDS2,0.748
O75145,0.748
P26010,0.747
Q9H7S9,0.745
O00400,0.744
Q9UMN6,0.744
P05231,0.743
Q04724,0.743
P22670,0.743
Q6ZU15,0.742
Q9H0W5,0.742
A0A1C7CYW0,0.741
Q15032,0.74
Q8TAW3,0.74
Q96D70,0.74
O00512,0.739
O75420,0.739
Q9BUZ4,0.739
Q13875,0.739
A0A1B0GUI1,0.738
Q8NI08,0.738
O75896,0.738
Q99683,0.738
O95171,0.737
A6NED2,0.736
P15538,0.736
Q09472,0.735
A6NHU9,0.735
Q8TEQ0,0.735
Q4VC05,0.735
H3BSW6,0.734
P01375,0.734
Q8WXA3,0.734
Q9Y3R5,0.733
Q5VWG9,0.733
Q9NZC9,0.733
Q7Z6B7,0.732
P09341,0.732
Q92851,0.731
P06858,0.73
Q9NVM4,0.73
O94887,0.73
Q96MG8,0.73
O75648,0.729
Q96GN5,0.729
Q15723,0.728
Q96QZ7,0.728
Q9UJU2,0.728
Q9BUD6,0.728
Q9UI47,0.728
Q8WZ73,0.727
Q8TEA1,0.727
Q2NL98,0.727
P59796,0.726
Q9HCU8,0.726
O60566,0.725
Q8N0W3,0.725
P55259,0.723
Q8TDM6,0.723
K7EQZ3,0.723
P46019,0.722
Q01955,0.722
Q92985,0.72
Q00889,0.72
Q9BYE3,0.719
Q9NY15,0.719
Q86US8,0.719
Q8N5C7,0.717
O95985,0.716
Q96T49,0.716
Q8TD22,0.716
P23327,0.716
O75064,0.716
P43378,0.716
O14681,0.715
Q86XR8,0.715
Q96D98,0.715
O95235,0.715
Q9UGK3,0.715
Q5JUX0,0.713
Q96QG7,0.713
Q9BQ87,0.713
Q12884,0.713
P54764,0.712
Q8WU03,0.712
Q9NQS3,0.711
O75962,0.711
Q9NXF7,0.71
Q68DK7,0.71
A8MXH5,0.71
Q9UKG9,0.709
Q14249,0.709
Q9Y6M4,0.709
O15296,0.708
Q8IX04,0.708
Q6AI12,0.708
Q15051,0.708
Q9BT30,0.707
Q5SGD2,0.707
P98088,0.707
Q9H8M7,0.706
B5MCG9,0.706
P10632,0.706
Q13671,0.706
O75167,0.705
Q71SY5,0.705
Q9UQ03,0.705
A6NGQ3,0.705
Q86UY8,0.704
Q92765,0.704
Q8IUC4,0.704
A0A0R4J2E6,0.703
Q15119,0.703
Q9Y2K2,0.703
Q16690,0.703
Q8NEC7,0.703
Q5TAP6,0.703
Q9BX46,0.702
Q8TBN0,0.702
Q9Y2B9,0.702
Q9UBC1,0.701
Q96MK2,0.701
Q8IYT4,0.701
O43704,0.7
O43379,0.7
Q14934,0.699
Q9H2C0,0.699
O95841,0.698
Q6Q788,0.698
O94805,0.697
O75925,0.697
P08476,0.697
Q04727,0.697
Q5T1V6,0.697
Q96P47,0.697
P08684,0.697
P01210,0.696
Q05586,0.696
O75191,0.696
Q9ULX9,0.696
Q8N6S5,0.696
Q9BXL8,0.695
O95997,0.695
Q15283,0.694
Q8NCL4,0.694
Q2T9J0,0.694
Q96E29,0.693
P14921,0.693
P30291,0.692
Q15506,0.692
Q53GA4,0.692
Q9BXY5,0.692
G3V1C5,0.691
O75129,0.691
Q9UNH6,0.691
P40305,0.69
Q9C0F1,0.69
Q15047,0.69
Q9BRY0,0.69
Q9NPH0,0.689
P78411,0.688
Q9H1D9,0.688
P56747,0.688
Q9H1K4,0.687
Q8N9M1,0.686
Q6ZRY4,0.685
Q8N300,0.685
Q9HA47,0.685
A1L390,0.685
Q9H869,0.685
Q5T7P2,0.685
Q06609,0.684
Q7Z7N9,0.683
Q8TEY5,0.683
Q9NQB0,0.683
Q99640,0.682
Q8IXW5,0.682
O43325,0.682
Q9NWK9,0.681
Q8WUQ7,0.681
P18564,0.68
Q9NX04,0.68
Q96GV9,0.68
P60409,0.68
A6NHT5,0.68
Q12866,0.678
Q8NEM7,0.678
Q92889,0.677
P05181,0.676
Q96RU2,0.676
Q13336,0.676
O60939,0.675
O75419,0.675
Q9NRX5,0.675
A0A8J8ZH50,0.675
Q7RTS9,0.675
Q96CW6,0.674
P0DPK4,0.674
Q7Z3S9,0.674
Q8N6F7,0.673
Q9Y3C7,0.673
Q4KMQ1,0.673
O75030,0.672
Q8IZ41,0.672
Q2TAA5,0.672
Q567V2,0.671
O14594,0.671
Q02246,0.671
Q8TAP8,0.671
P98155,0.669
Q9H6A0,0.669
Q86YV5,0.669
Q9Y6R1,0.669
Q8IWV2,0.667
P25106,0.667
Q9Y2E5,0.665
Q07627,0.665
Q5TDP6,0.665
Q96BQ5,0.665
P14316,0.664
P38936,0.664
O75529,0.664
Q96EK4,0.664
Q9Y5S1,0.664
Q7Z589,0.663
B1AK53,0.663
Q9UBT7,0.663
Q96S15,0.662
O75177,0.662
Q8N8R3,0.662
Q9Y3B6,0.662
Q9P2R6,0.661
Q8NFI3,0.661
Q6P4R8,0.661
Q96MN5,0.661
Q9UKI2,0.661
Q5T0D9,0.661
Q99895,0.661
Q96PU4,0.66
E9PKC0,0.66
Q6GPH4,0.66
Q15672,0.659
Q6PJE2,0.659
A0A0A0MSK4,0.658
Q9H6B4,0.658
Q93074,0.657
O00443,0.657
Q8IWL3,0.657
Q9BYW2,0.657
Q969T7,0.656
A0A0R4J2F2,0.656
O95067,0.655
Q96K49,0.655
Q9H171,0.655
Q8NC60,0.655
Q9HAD4,0.654
Q9ULJ8,0.653
Q9BUL5,0.653
Q8NI99,0.653
Q8N2K1,0.653
Q96PV0,0.651
Q14114,0.65
O00257,0.65
Q9NW08,0.65
Q969K3,0.649
Q9H6K5,0.649
Q9NNX1,0.649
O60675,0.649
P83110,0.648
H3BML4,0.648
Q7RTP6,0.648
O43566,0.648
O75554,0.648
Q9Y6J9,0.648
Q969F1,0.648
Q6IQ19,0.648
Q9UJX6,0.647
O15083,0.647
Q9BTX7,0.647
Q9NPJ8,0.647
P42357,0.646
P35568,0.645
Q53R41,0.645
Q5HYI7,0.645
Q9C0D5,0.645
Q08629,0.645
Q8IVN8,0.645
Q9C073,0.645
P53609,0.644
Q92997,0.644
P23471,0.643
Q9Y4K4,0.643
Q9Y6D0,0.643
P57723,0.642
P24462,0.642
P21709,0.641
O75143,0.64
Q99574,0.64
P86790,0.638
P86791,0.638
Q13113,0.638
Q9NYZ3,0.637
Q96NT1,0.637
P20849,0.636
H0Y626,0.636
P98196,0.636
Q9H5K3,0.635
Q96DX5,0.635
Q9NX74,0.635
P11168,0.634
Q5C9Z4,0.634
P23610,0.634
Q8WUY8,0.634
E9PH57,0.632
P15812,0.631
P58215,0.631
Q6UXI9,0.631
O15525,0.631
P54803,0.63
Q15678,0.63
Q12756,0.63
O75128,0.63
Q9NUE0,0.629
A0A2R8Y455,0.629
Q9Y342,0.629
Q8IWB1,0.629
P78539,0.628
Q9UKS7,0.628
Q96T59,0.628
Q9UKA4,0.627
P51825,0.627
A6NKD9,0.627
P55199,0.627
P08100,0.626
B0QYL9,0.626
P42262,0.626
P82980,0.626
Q16880,0.625
Q5TCZ1,0.625
Q9ULE6,0.625
Q8IX18,0.624
Q9UBX2,0.624
Q9NQZ5,0.623
Q8IUX1,0.623
Q6UB28,0.623
Q9Y4F9,0.623
Q9BRK4,0.622
Q01543,0.622
P11086,0.622
Q9NQX5,0.621
Q9NZC7,0.621
Q9H3H9,0.62
Q6NT76,0.62
P23025,0.62
Q9BZ23,0.62
O75970,0.62
Q9H871,0.62
P24386,0.619
Q96MD7,0.618
Q9ULT0,0.618
Q9NXG6,0.618
Q96HU8,0.617
P35243,0.616
Q9NQ66,0.616
Q92793,0.616
Q9NS15,0.615
O14569,0.615
Q9UHC7,0.615
A7E2V4,0.614
Q9NWT8,0.614
O76095,0.614
Q6R327,0.614
O75864,0.613
Q86VP1,0.613
P01258,0.613
Q5XPI4,0.612
Q9BT17,0.612
Q8IVW6,0.611
Q9NS93,0.611
Q9UBR5,0.611
Q9NWS9,0.611
Q9UIW2,0.61
Q99424,0.61
Q9P0Z9,0.61
Q9NQX7,0.61
P16112,0.61
Q14693,0.61
Q9Y572,0.609
Q6IPR3,0.609
O60237,0.607
Q6MZP7,0.607
Q8NGV0,0.607
Q9UJF2,0.607
Q96PE2,0.607
P49184,0.605
O96020,0.605
Q05084,0.605
Q9NX05,0.605
Q9NZB8,0.605
Q5W0U4,0.602
Q8IZL9,0.602
Q92567,0.602
Q96AG3,0.601
Q9Y6R9,0.601
Q96LT9,0.601
Q04609,0.601
J3KPJ0,0.6
P19532,0.599
O95429,0.599
Q9H246,0.599
Q6ZUT1,0.599
Q15646,0.598
Q96LB3,0.598
Q15696,0.598
Q15173,0.598
Q8N5L8,0.598
O95475,0.597
Q96BM0,0.597
Q8N0Z6,0.597
Q12794,0.597
Q9UJM3,0.597
P78524,0.597
Q9H2X9,0.596
Q9P273,0.596
Q9BQG2,0.595
O94769,0.595
Q5T5U3,0.595
Q9H6U8,0.595
Q8WWZ3,0.594
P55318,0.594
Q9H461,0.594
Q02086,0.593
Q99490,0.593
O14593,0.593
P54852,0.592
Q53LP3,0.592
Q9NP80,0.592
O94964,0.591
Q8N5I2,0.591
Q5VV52,0.59
P16619,0.59
O14730,0.59
Q8NDA8,0.59
Q8IY26,0.59
Q9NUJ3,0.59
Q92989,0.589
P0DPK3,0.589
Q8TBM8,0.589
Q7Z5L2,0.588
Q9NRG4,0.588
Q08AE8,0.588
Q9BYP9,0.587
Q13506,0.587
Q99594,0.587
A0A1X7SBS4,0.587
Q8NDF8,0.587
P06127,0.587
Q9Y484,0.586
Q8WUX1,0.586
A0A8C8KBT8,0.586
Q9H8U3,0.586
Q8N3P4,0.585
Q8N4B1,0.585
Q8N999,0.585
Q8IWB9,0.585
Q9BVK2,0.584
Q9P299,0.583
Q9H467,0.583
P24723,0.583
P07101,0.582
Q9H0X9,0.582
Q8WXE0,0.581
Q6IN84,0.581
A0A805TBR9,0.581
P26678,0.581
Q00722,0.58
Q9H211,0.58
Q9NXF8,0.579
Q9BRA0,0.579
P51161,0.579
Q9H3U7,0.579
Q9H1K0,0.578
A0A2R8YDQ5,0.577
Q1L5Z9,0.576
Q68CQ7,0.576
J3QS41,0.576
Q6ZNW5,0.575
Q9HCD6,0.575
Q7L9B9,0.575
O15405,0.574
Q9H0J9,0.574
P30307,0.574
Q96N11,0.574
Q9BXS4,0.574
Q86Y37,0.573
Q86X53,0.573
Q53HV7,0.573
Q8N8R7,0.573
Q969H4,0.572
Q9BXP2,0.572
A6NC86,0.57
H0YJX3,0.57
Q8TF71,0.57
Q96PL5,0.57
Q9NX95,0.569
P60372,0.569
Q92685,0.569
Q6ZMG9,0.569
Q9GZN1,0.569
P51956,0.568
O95965,0.568
Q9NNX6,0.567
Q9Y689,0.567
J3KQP0,0.566
Q9NPE2,0.566
Q15464,0.565
Q11201,0.565
Q05932,0.565
P56539,0.564
Q96S90,0.564
Q70Z53,0.564
Q8IWF6,0.563
Q96B86,0.563
A0A0A0MTQ4,0.563
O00470,0.563
Q8IUZ5,0.562
P50747,0.562
O15047,0.562
P09958,0.562
P85299,0.562
Q9BV73,0.561
P51790,0.561
O94762,0.561
O43521,0.561
Q93015,0.561
Q9BQ24,0.561
O94921,0.56
P09038,0.56
A0A0A0MQV6,0.56
Q9C029,0.56
Q96DU3,0.56
Q4LDE5,0.559
O43688,0.559
Q96RG2,0.559
O60911,0.558
Q96BI1,0.558
Q9UHW5,0.558
Q9H977,0.558
Q5T9L3,0.558
O94830,0.557
Q86XE0,0.557
E9PMD0,0.557
Q92583,0.557
C9JI98,0.557
Q92874,0.557
Q9H2X8,0.556
O94768,0.556
Q2TB10,0.555
Q9NRS4,0.555
Q5VU43,0.555
Q8N9I0,0.555
Q8N414,0.555
Q9BQY4,0.554
O94851,0.554
Q5T4B2,0.554
Q5PSV4,0.554
Q5VTE6,0.552
O43586,0.552
Q9NP31,0.552
O95490,0.552
Q9Y2I1,0.552
Q9BYD5,0.552
O43196,0.551
P06401,0.551
P08217,0.55
Q8TF65,0.549
P49798,0.549
Q9BUB5,0.549
O75113,0.549
Q8IY63,0.549
P30301,0.548
Q9H7H0,0.548
Q86WA8,0.548
Q02223,0.547
Q8NFZ5,0.547
O60346,0.547
Q96RD7,0.546
M0R2P5,0.546
Q96HE9,0.546
A0A2R8YFG2,0.546
Q5TAT6,0.545
A0A1B0GV70,0.545
Q6KCM7,0.545
Q13615,0.544
Q10586,0.543
G3V3Q6,0.542
Q7LFL8,0.542
Q9BTM9,0.541
P09919,0.541
Q8N6M3,0.541
Q2VIQ3,0.54
H3BN02,0.54
Q5T2R2,0.54
Q9H7X7,0.539
Q8N5H3,0.539
Q9UPT9,0.539
Q9Y4D7,0.539
O75936,0.539
Q5VUM1,0.539
P22760,0.539
Q96N64,0.538
Q01201,0.538
O14578,0.538
Q9UHX3,0.538
Q9BYQ2,0.538
P43366,0.537
Q9H1H9,0.537
Q9NVV5,0.537
Q96SQ9,0.537
Q8IVI9,0.536
Q9H497,0.536
Q8ND25,0.536
Q8IWY9,0.536
O14775,0.536
Q13574,0.536
Q9BRK0,0.535
Q9BUW7,0.535
Q9H9F9,0.535
Q92870,0.534
A0A8C8KBR5,0.534
Q13621,0.534
P05177,0.534
O14763,0.533
Q9ULP0,0.533
Q96BI3,0.533
P57768,0.533
Q96E14,0.533
O43699,0.533
Q9BYQ4,0.533
Q9UI40,0.533
Q92982,0.533
Q9BXS1,0.533
Q9Y6X8,0.532
O43240,0.532
Q9UMD9,0.532
Q4V9L6,0.531
Q9H2X3,0.53
P78337,0.529
Q8TBC5,0.529
Q24JP5,0.529
Q13309,0.528
Q5THR3,0.528
P48058,0.528
P23468,0.528
Q13395,0.527
Q9H0B8,0.527
Q9Y6X5,0.527
Q8NBZ0,0.527
Q9NRJ5,0.527
Q8NHS0,0.526
Q5T3J3,0.526
Q4ZIN3,0.526
Q96CC6,0.526
Q14032,0.526
O95714,0.526
Q9H3S1,0.526
Q9UGL9,0.526
Q8IZW8,0.526
O94967,0.525
Q8TBZ6,0.524
Q9Y5N6,0.524
Q9UGH3,0.524
Q14162,0.523
A0PJX4,0.522
Q96JB3,0.522
O94916,0.522
Q15759,0.521
O60292,0.521
Q9ULU8,0.521
Q86T24,0.52
Q96J84,0.52
Q7Z3E2,0.52
Q9H8P0,0.52
A0A1B0GW41,0.52
G5E9I4,0.519
Q9UQ90,0.518
A0A087X0H5,0.518
O75943,0.518
Q3KQZ1,0.518
P53816,0.517
Q2TAM9,0.517
O15217,0.516
Q8N271,0.516
Q96EA4,0.516
P51451,0.515
Q8NFJ8,0.515
Q9BYE2,0.515
Q08357,0.515
Q8N612,0.515
Q13239,0.515
Q86X02,0.515
Q8N5C8,0.514
Q7L804,0.514
Q9UPQ3,0.514
A0A087WZ82,0.514
Q9H813,0.514
Q9H4I9,0.514
Q9NYF3,0.514
P21246,0.513
Q6ZN18,0.513
F5H0R1,0.512
Q9NPB0,0.511
Q96CF2,0.511
Q7Z6P3,0.511
Q16787,0.51
Q969R2,0.51
Q9UQB3,0.51
Q5BKY9,0.51
P41247,0.51
Q07864,0.51
Q6ZMP0,0.509
Q8NHJ6,0.509
Q9H6K4,0.509
Q9NX00,0.509
Q16568,0.508
Q9H7Z3,0.508
O94806,0.507
Q96QT6,0.507
Q8TAC9,0.507
Q9UHE5,0.506
Q9BYQ5,0.506
Q9NXN4,0.506
P27987,0.506
Q7Z7A4,0.506
Q9BSJ6,0.505
Q02156,0.505
P48664,0.505
Q96AD5,0.505
Q4G0X4,0.504
O15438,0.504
O15056,0.504
Q14714,0.504
P55201,0.504
A0A087X0N2,0.504
Q8IX15,0.503
Q6UWR7,0.503
P48788,0.503
Q9HAW4,0.503
P06213,0.502
A0A9H4AZX0,0.502
Q9UH17,0.502
Q02446,0.502
Q9NWS6,0.501
Q8NCN4,0.501
Q9Y4B5,0.501
Q96L93,0.501
Q9H300,0.501
Q92845,0.501
O75971,0.5
A0A088AWN2,0.5
A0ACI8TRG0,0.5
Q9Y2Z2,0.499
Q96AB6,0.499
A1L188,0.499
Q9Y2Y1,0.499
Q6ZW49,0.499
Q401N2,0.499
P78383,0.499
P06133,0.499
Q70CQ3,0.499
Q9H633,0.499
Q01860,0.498
Q92547,0.498
Q9BVS5,0.498
Q9ULB1,0.498
Q9C035,0.497
Q86X67,0.497
Q92871,0.497
E9PIW9,0.497
Q8WUT4,0.496
Q9H0M0,0.496
Q8N2H4,0.496
P15907,0.496
Q8NCU8,0.496
Q9NRZ5,0.496
Q9BYQ3,0.496
Q4G148,0.496
Q70EL3,0.495
Q8TDY2,0.495
Q96PD2,0.495
Q9Y692,0.495
Q9UFF9,0.495
Q9UJQ1,0.495
Q9BWG6,0.494
Q6P6B1,0.494
Q92994,0.494
Q9HBF4,0.493
P08069,0.493
Q96NE9,0.493
Q8N5H7,0.493
P40238,0.493
Q8TB52,0.492
J3KPJ3,0.492
Q9Y546,0.492
Q9UBF1,0.492
Q6NV74,0.492
P78545,0.492
Q8N687,0.491
Q86X51,0.491
Q8TF72,0.491
Q9NSY0,0.491
P08887,0.491
A6ZKI3,0.491
Q9H334,0.491
Q9Y225,0.491
Q14153,0.49
O14793,0.49
A0A075B6E9,0.49
Q15596,0.49
Q6ZU35,0.49
Q9UKX5,0.49
Q5T0W9,0.49
P54793,0.49
Q6P4I2,0.489
Q9UM47,0.489
Q6PGN9,0.489
A0A1W2PP11,0.489
Q8WXW3,0.489
P49759,0.489
Q9P2N7,0.489
Q02548,0.488
Q8N5I4,0.488
Q92561,0.488
Q5T8I9,0.488
P30414,0.487
Q9Y2D8,0.487
P41225,0.487
O75362,0.487
Q9UM13,0.487
O00478,0.487
P21802,0.487
Q9BVV8,0.486
Q6W4X9,0.486
P22455,0.485
Q3SY56,0.485
Q12948,0.485
Q8NFX7,0.485
F5H269,0.484
P54132,0.484
Q6ZMT1,0.484
Q70IA6,0.484
Q9P0U3,0.483
Q9UHN1,0.483
Q5T8I3,0.483
Q8TBE0,0.482
O00750,0.482
O95872,0.481
Q8N3Z3,0.481
Q92482,0.48
Q9P2Q2,0.48
Q9UJQ4,0.48
Q12778,0.479
P10242,0.479
Q16585,0.478
Q8WW52,0.478
Q9Y6J8,0.478
P51513,0.478
Q8N9F7,0.477
P49862,0.477
P0C7T5,0.477
A0A1B0GVM2,0.477
Q5SXM1,0.476
C9JLB7,0.476
Q9BTV5,0.476
Q6ZSZ5,0.476
A0A087WZG4,0.476
Q8ND71,0.476
O43824,0.475
Q9Y283,0.474
V9GZ38,0.474
Q8WYA0,0.474
Q495M3,0.474
Q9BPY8,0.474
Q6UXB2,0.473
Q5T5B0,0.473
O60516,0.473
G3V145,0.473
P14415,0.473
Q9H165,0.473
Q9H792,0.473
P85298,0.473
P28347,0.472
H0YE88,0.472
P27540,0.472
Q5TF21,0.472
P20366,0.471
O00445,0.471
Q96RS0,0.471
Q9BT43,0.471
J3QRH5,0.471
O94952,0.47
Q5VW38,0.47
Q9UHP9,0.47
Q9Y2J4,0.47
Q9P215,0.469
P49760,0.469
P54278,0.469
Q7L8W6,0.469
P80370,0.469
Q9Y3M8,0.468
P49716,0.468
Q96EC8,0.468
P11509,0.468
Q96QH2,0.468
O14495,0.467
Q8TCT8,0.467
Q96JM7,0.467
Q8NEM2,0.467
Q9Y672,0.467
O76027,0.467
Q9H930,0.467
Q8TBP5,0.466
Q9BX95,0.466
Q71F23,0.466
Q9BVC3,0.466
Q96HA8,0.466
Q9H190,0.465
Q9BWQ6,0.465
O60760,0.465
Q6P0Q8,0.465
Q7Z6M4,0.464
O15037,0.464
Q9UJK0,0.464
Q9BWN1,0.464
Q6ISS4,0.464
Q96L58,0.463
Q5T0Z8,0.463
Q6XZF7,0.463
P51654,0.463
Q86Y01,0.462
Q69YH5,0.462
Q9P232,0.462
Q9BS18,0.461
Q6ZMU5,0.461
Q96GX5,0.461
O60462,0.46
P51157,0.46
B1AHC3,0.46
P48443,0.46
Q9Y2D9,0.459
O43791,0.459
Q5QP82,0.459
Q93063,0.459
P41134,0.459
Q9P1Z0,0.459
Q9NXW9,0.458
Q8IZ40,0.458
Q6ZW31,0.458
Q96SN8,0.458
Q8TBF5,0.458
H0Y2P9,0.458
P0DTL6,0.458
P24468,0.458
Q9NXJ0,0.457
Q00994,0.457
O14994,0.457
P26842,0.457
Q9UDX4,0.456
A0A3B3ITX9,0.456
P23469,0.456
Q9HCK5,0.456
D3DWX8,0.456
A6NFN3,0.456
Q96C34,0.456
A0A096LNW5,0.455
O75081,0.455
Q5JNZ3,0.455
O60293,0.455
Q96IF1,0.455
P78504,0.455
Q9NRP4,0.455
A0A590UK10,0.454
O60381,0.454
Q07283,0.454
Q9UGY1,0.454
P42261,0.453
M0R3G1,0.453
Q8N680,0.453
Q96IK0,0.453
A2RU48,0.453
Q5T2L2,0.453
Q96JD6,0.452
P54829,0.452
Q6PIJ6,0.452
Q92540,0.452
P20132,0.452
A0A499FJ16,0.452
Q6P1J6,0.451
Q9BU79,0.451
Q9BVK8,0.451
Q8N9M5,0.451
F8VU11,0.451
Q8WXX7,0.451
P43355,0.451
O15554,0.451
Q03052,0.45
Q9BXS9,0.45
Q6IA17,0.45
O95970,0.45
P78314,0.45
A0A087WVD1,0.45
P54274,0.449
Q86TJ2,0.449
P12104,0.449
Q5SNT2,0.449
A8MTT3,0.448
Q8N884,0.448
P15391,0.448
Q6ZWT7,0.447
P01588,0.447
P05230,0.447
P78563,0.446
Q9BQ13,0.446
Q9UPW0,0.446
Q9BQI9,0.446
O60890,0.446
P01298,0.446
Q8N567,0.446
K7EN88,0.445
A0A087X159,0.445
Q9UQP3,0.445
P24863,0.445
P48431,0.444
P10588,0.444
Q9UQL6,0.444
P0CAP2,0.444
Q9Y4E5,0.443
O95980,0.443
Q92503,0.443
O43739,0.443
Q9H1Z8,0.442
Q6UWY0,0.442
P15882,0.442
Q8NCE0,0.442
A0A0A0MSU1,0.442
Q86XE5,0.442
O75665,0.442
Q9Y625,0.441
Q9HCE6,0.441
Q9H2Y7,0.441
Q6UX73,0.441
Q96P65,0.44
O60671,0.439
P47804,0.439
Q9NWM3,0.439
Q9UKI9,0.439
Q96IQ9,0.438
O60279,0.438
Q5HYW2,0.438
Q9H3D4,0.438
E9PCH4,0.438
Q9UBX1,0.437
Q99708,0.437
Q8IWI9,0.437
P41162,0.437
Q8IZP9,0.437
P22310,0.437
Q9BRG2,0.436
Q8NHM5,0.436
O95409,0.436
P52803,0.436
Q9HBU6,0.435
Q02045,0.435
Q5TCQ9,0.435
G3V2T6,0.434
O75815,0.434
Q3KNW5,0.434
Q9BWV1,0.434
P22309,0.434
Q16553,0.434
P23560,0.433
Q13164,0.433
Q8NG27,0.433
F8WC89,0.433
A0A0C4DFW2,0.433
Q9ULK6,0.433
Q9H3L0,0.432
A0A2R8YGQ3,0.432
Q9UBS0,0.432
Q7Z6J2,0.431
Q5T6J7,0.431
Q9H257,0.431
Q96JK2,0.431
A6NLP5,0.431
P00451,0.431
O60656,0.43
P42679,0.43
Q5JPI9,0.43
Q53H80,0.43
Q6SZW1,0.43
Q86YH6,0.429
Q9BY41,0.429
Q8TEA7,0.429
Q9Y5W9,0.429
Q13433,0.429
Q8WXC3,0.429
Q6JQN1,0.429
F2Z2Y1,0.428
Q9BT81,0.428
A0A0A6YYK5,0.428
Q14512,0.428
O60500,0.428
Q14CZ8,0.428
Q7Z7A3,0.427
Q96G97,0.427
Q6NZY7,0.427
Q9NUS5,0.426
Q86W33,0.426
A8MSI8,0.426
Q8WUH2,0.426
Q8TDY8,0.426
Q9HCE7,0.426
O60248,0.426
Q5XUX1,0.426
Q14CS0,0.426
P28715,0.425
Q92569,0.425
Q53H47,0.424
Q15238,0.424
P15976,0.423
Q99956,0.423
Q99972,0.423
Q9NPR2,0.422
Q9Y3S1,0.422
O43463,0.422
Q92673,0.422
Q9Y2D2,0.421
O95294,0.421
Q9UHW9,0.421
Q68D10,0.421
O14686,0.421
Q6W2J9,0.421
J3KNZ9,0.421
Q14722,0.42
Q99973,0.42
Q8NCD3,0.42
Q9UID6,0.42
Q8TB96,0.42
Q9BX73,0.419
Q8WU10,0.419
O95696,0.419
Q99985,0.419
Q9H4P4,0.419
P49917,0.419
P42680,0.418
A0A804CBI3,0.418
J3KQ47,0.418
Q14393,0.417
O00180,0.417
Q9UNY4,0.417
O00570,0.417
F6TDL0,0.417
Q12988,0.416
D3DX86,0.416
Q8TB05,0.416
Q8IVF7,0.416
Q6UVJ0,0.416
Q96BD5,0.416
Q9BZQ6,0.416
P17861,0.416
Q53G59,0.415
Q9Y597,0.415
Q9NU19,0.414
Q70CQ2,0.413
Q9P0N9,0.413
Q5S007,0.413
P22607,0.413
H7C1Q1,0.412
Q9NRF2,0.412
Q5T1Q4,0.412
Q9Y2C3,0.412
A0A0A0MS93,0.412
Q02928,0.411
Q9H4K7,0.411
Q96QE5,0.411
Q96L34,0.411
Q6ZVK8,0.411
Q8IUE0,0.411
Q6NS38,0.41
Q9BR39,0.41
A7KAX9,0.41
O94923,0.41
Q9UPS8,0.409
O15550,0.409
J3QRS1,0.409
O43895,0.409
Q5BLP8,0.408
Q9HA72,0.408
Q14592,0.407
Q14449,0.407
Q5T7V8,0.407
Q6UX07,0.407
Q8IUX4,0.407
Q86SK9,0.406
Q9UFH2,0.406
P61968,0.406
A0A494C0E3,0.406
Q9NTW7,0.405
P54253,0.405
A8MVA2,0.405
Q9BPX1,0.405
Q96DT7,0.404
Q5T9C2,0.404
P23508,0.404
Q9BWT6,0.404
J3KQH8,0.404
Q52LW3,0.403
Q8IUL8,0.403
P56693,0.403
Q6ZTN6,0.403
P17482,0.402
Q8IZC6,0.402
Q9P2J3,0.402
A0A0C4DFL8,0.402
P36897,0.402
Q96SM3,0.402
P25713,0.401
A0A494C066,0.401
A0A8J9BYE6,0.401
P40337,0.401
Q86UX6,0.401
Q15818,0.4
P23769,0.4
O94876,0.4
O15068,0.4
A1L020,0.4
Q9Y6N7,0.4
Q9H4B0,0.4
Q5VWQ0,0.399
O43572,0.399
A0A9H4CVU7,0.399
A0A087WZ62,0.399
P31152,0.399
P38935,0.398
Q9HCJ1,0.398
Q9UPZ9,0.398
P08254,0.398
O76096,0.398
Q8NDX6,0.397
Q96J87,0.397
Q6PIY7,0.397
O75182,0.397
Q9NP73,0.397
Q16674,0.396
Q9UPU9,0.396
Q9Y255,0.395
Q9H3H1,0.395
Q96GZ6,0.395
O14713,0.394
P22466,0.394
Q96T52,0.394
Q2M3G4,0.394
Q9UKY1,0.394
P27815,0.393
B0QY95,0.393
P78364,0.393
Q6NSI4,0.392
Q86SE9,0.392
Q14055,0.392
Q96LI5,0.392
Q8TCG2,0.391
Q9NRC6,0.391
Q9NYI0,0.391
O95450,0.391
O75334,0.391
Q9UII4,0.391
Q92993,0.391
Q0VF96,0.391
A1A5D9,0.39
Q9HAU4,0.39
Q9UPE1,0.39
Q76L83,0.39
Q9NXE8,0.389
Q96LA8,0.389
Q96IW7,0.389
P55347,0.389
O00562,0.389
Q96CG3,0.388
Q5VSY0,0.388
Q9GZN2,0.388
Q9Y548,0.388
P23467,0.388
Q96E16,0.388
Q8NCS4,0.387
Q9H2A7,0.387
Q9UPI3,0.387
Q8IWU6,0.387
P32298,0.387
Q8NDN9,0.387
Q9UP52,0.386
O43189,0.386
Q9NW75,0.385
Q14191,0.385
Q13410,0.385
Q69YU5,0.385
O95858,0.385
Q99607,0.385
Q6ZSS7,0.385
Q96F44,0.384
Q15048,0.384
Q01850,0.383
A6NNL5,0.382
Q8N4N8,0.382
O00213,0.382
O60260,0.381
Q15389,0.381
P54107,0.381
P34995,0.381
Q96HU1,0.38
Q8N0Z3,0.38
O94782,0.38
Q13950,0.38
O95900,0.38
Q9UNW9,0.38
Q5VZP5,0.38
Q8N131,0.38
Q5JU69,0.38
Q5JU85,0.38
Q2Q1W2,0.379
P30990,0.379
Q9C0D0,0.379
Q86VW0,0.379
Q14681,0.378
O75365,0.378
Q8ND82,0.378
Q13608,0.378
Q96BW1,0.378
Q86XP6,0.378
Q86XK3,0.378
Q96S38,0.378
Q13227,0.377
Q8WVF1,0.377
Q969S8,0.376
Q86UU9,0.376
A0A3B3IRK5,0.376
P98174,0.376
P45381,0.375
P36941,0.375
P42685,0.374
Q9NX38,0.374
P01374,0.374
Q5SSG8,0.374
Q8NG68,0.374
Q969T3,0.374
Q5SYE7,0.373
P31277,0.373
Q6ZYL4,0.373
Q96KG7,0.373
Q7Z6J4,0.373
O60281,0.373
O43731,0.373
Q96KM6,0.372
Q9Y5J5,0.372
Q9BWV2,0.372
Q8WUJ0,0.372
Q12798,0.372
Q7Z304,0.372
Q96SZ6,0.371
Q9Y2G2,0.371
Q9BWU1,0.371
P17643,0.371
P24588,0.371
Q5TA81,0.371
P17542,0.371
Q13490,0.37
Q9NRC8,0.37
Q8TDJ6,0.37
Q5TA82,0.37
A0A087WY73,0.37
P25067,0.37
Q9NYS0,0.369
O75054,0.369
Q9H2J7,0.369
Q9HD40,0.369
O00337,0.369
Q9HCN3,0.368
Q8WV41,0.368
Q8N8Z6,0.368
Q9UGK8,0.368
Q13887,0.368
P22223,0.368
Q96RT6,0.368
Q9BYR4,0.367
Q9BXP8,0.367
Q6NUT3,0.366
Q96CP6,0.366
O14867,0.365
O75110,0.365
Q86Y22,0.365
Q9Y600,0.365
P26367,0.364
Q12770,0.364
E9PDY4,0.363
Q8TBG9,0.363
Q5TC84,0.363
Q5TGY3,0.363
Q9H8N7,0.363
O95436,0.363
Q9H4I0,0.363
Q9HB20,0.362
Q99487,0.362
O75928,0.361
Q9NQX4,0.361
P10276,0.361
Q12968,0.361
A6NFQ2,0.361
Q8NBI6,0.36
P55285,0.36
Q7RTV5,0.36
Q96HP0,0.36
A0A3B3ITZ1,0.359
Q8WXA2,0.359
A6NHX0,0.359
P49641,0.359
Q17RY0,0.359
P51854,0.358
Q6NXT4,0.358
Q9NYP9,0.358
Q8IX03,0.358
Q8IVH8,0.358
Q96MM3,0.358
Q96BR1,0.358
Q9Y3T6,0.357
A0A0R4J2E2,0.357
Q9UPR3,0.357
Q96CX6,0.357
Q13796,0.357
Q96GP6,0.357
O14610,0.357
O14921,0.357
Q9H336,0.357
Q14689,0.356
Q96CD0,0.356
P20273,0.356
F6R692,0.356
Q7Z2K8,0.356
P52739,0.356
Q9NXK8,0.356
P78312,0.355
P19224,0.355
O75264,0.355
Q8WVN8,0.355
Q9H9J4,0.355
Q9BQI5,0.355
Q86T13,0.355
Q9H1J1,0.354
Q8IVL5,0.354
Q9UI36,0.354
Q6V1X1,0.353
Q9Y5T4,0.353
Q86UF1,0.353
A0A087X0N3,0.353
Q8WUN7,0.352
Q15198,0.352
O60667,0.352
A0A590UJR9,0.352
Q7L1T6,0.352
Q7Z5H3,0.351
Q9H8M1,0.351
P51511,0.35
Q86W25,0.35
Q5JUR7,0.35
Q9H902,0.35
Q5U651,0.35
Q8TAA5,0.35
Q9HD23,0.35
Q8TEB9,0.35
Q9BXY4,0.349
Q96DN0,0.349
Q8NB15,0.349
Q14CB8,0.348
P58335,0.348
Q7Z6J9,0.347
Q5MNZ9,0.347
Q2PPJ7,0.347
O14807,0.347
Q92560,0.347
O94868,0.346
P41181,0.346
Q8NAT1,0.346
P48436,0.346
Q92539,0.346
A0A3B3ITR4,0.346
Q2M1Z3,0.346
Q6NW34,0.346
U3KQS2,0.346
P05111,0.346
Q9BXC9,0.346
P01584,0.345
O14813,0.345
Q12923,0.345
O95243,0.345
Q96P31,0.345
O95625,0.345
Q3LI72,0.345
Q9UPR5,0.344
H0Y980,0.344
P10070,0.344
Q08289,0.344
Q15751,0.344
Q08999,0.344
P42338,0.343
P20794,0.343
P29374,0.343
Q969W3,0.343
A6NDE8,0.342
Q6PH81,0.342
P48039,0.342
Q8IYB1,0.342
Q96RD9,0.341
K7EMI3,0.341
O95613,0.341
Q9H4I2,0.341
Q96HV5,0.34
Q8NC54,0.34
Q9BRR8,0.34
Q8N9B5,0.34
Q16665,0.34
P31941,0.34
Q5H9J7,0.339
Q86TC9,0.339
Q6ZMH5,0.339
O43281,0.338
Q9BSK0,0.338
Q9UHE8,0.338
O14490,0.338
Q96DU7,0.338
Q9UHY8,0.338
Q5BKU9,0.338
Q15111,0.337
Q8NI37,0.337
Q9UIW0,0.337
Q9NUM3,0.337
Q2KHT3,0.336
Q5T230,0.336
O60259,0.336
Q9NRR4,0.336
Q9UBS3,0.336
Q6SJ93,0.336
Q9BRX9,0.336
Q8WVR3,0.335
O43439,0.335
Q9GZU2,0.335
Q8IVB5,0.335
Q92636,0.334
Q6ZQQ2,0.334
Q9BWT3,0.334
Q9BX79,0.334
Q6NUJ2,0.334
Q4ZHG4,0.334
D3DX46,0.333
Q92738,0.333
Q9BXL7,0.333
Q86Z20,0.333
Q9BYQ8,0.333
Q9BQ89,0.333
Q8NFG4,0.333
Q96CM3,0.333
P19099,0.333
Q17RB0,0.332
Q86VD7,0.332
Q96CP7,0.332
Q9UM19,0.332
Q16877,0.332
Q13535,0.332
A0AAA9X175,0.331
Q9P2G1,0.331
Q96HA7,0.331
Q8NCH0,0.331
O75061,0.331
Q9NPG4,0.331
E9PKP3,0.33
O95644,0.33
Q8NE35,0.33
Q14002,0.33
Q9ULM3,0.33
M0QYU9,0.33
O43295,0.33
Q9NYV6,0.33
Q9NWX5,0.33
Q8IZF2,0.329
O43164,0.329
Q8WXE1,0.329
Q9GZN7,0.329
Q96FC9,0.328
P78380,0.328
Q6PJI9,0.328
Q16659,0.328
Q9HA38,0.328
Q9H4F8,0.328
Q8WYK0,0.328
Q9ULE0,0.327
Q9UJ14,0.327
P04035,0.327
Q92932,0.327
Q9UBM4,0.327
P78552,0.327
A4UGR9,0.327
Q6PI98,0.326
P0C870,0.326
P42658,0.326
Q49AH0,0.326
Q6PJF5,0.325
G3XAA4,0.325
Q7L7V1,0.325
O60669,0.325
Q9P2E3,0.325
Q9ULK5,0.325
Q8IVS8,0.325
P35712,0.325
Q9BYR0,0.324
P30305,0.324
O14524,0.324
Q8WYL5,0.324
O75319,0.324
Q96AK3,0.323
Q02388,0.323
Q9NX07,0.323
Q9NS18,0.323
P54840,0.322
O00198,0.322
Q92903,0.322
O43567,0.322
Q8N6G5,0.322
Q86WC4,0.322
P35790,0.321
P48728,0.321
Q96MP8,0.321
Q969S2,0.321
P56557,0.321
Q9H4Z2,0.321
P54753,0.321
P24385,0.32
Q8TEW8,0.32
A6NK58,0.32
Q5T5X7,0.32
Q14849,0.32
Q9ULJ6,0.32
Q9H2T7,0.319
Q7Z591,0.318
Q01638,0.318
J3KPF0,0.318
O14640,0.318
Q16254,0.318
Q9NP71,0.318
Q9C0K1,0.318
Q6P4Q7,0.318
Q9Y2K6,0.317
Q13472,0.317
Q9Y462,0.317
A0A0A0MSE9,0.317
O75335,0.317
Q8TDR0,0.317
P58499,0.317
O43306,0.317
Q9Y426,0.317
Q9BZM5,0.317
Q8TER5,0.317
O95257,0.316
Q8N5Y2,0.316
P14902,0.316
Q2VPA4,0.316
Q53RY4,0.316
Q5TGJ6,0.316
P14091,0.316
Q8N436,0.316
P25054,0.316
O75385,0.315
P40259,0.315
Q96JI7,0.315
Q9NXC2,0.315
Q8N9I9,0.315
Q9Y4X0,0.315
Q96M43,0.315
Q99467,0.315
Q86YD1,0.314
Q9UQV4,0.314
Q9BY08,0.314
O60512,0.314
Q86WN1,0.314
Q8WXD9,0.314
O60291,0.314
Q9HBJ8,0.313
P29016,0.313
Q96J92,0.313
A0A3B3IRV1,0.313
Q2TBE0,0.312
Q8WYK2,0.312
Q92508,0.312
Q7Z465,0.312
Q9H5V8,0.311
Q6NY19,0.311
Q5SXH7,0.311
Q8N2W9,0.311
Q8N9R8,0.311
Q9P291,0.311
O75956,0.311
A6NMX2,0.311
Q8WWT9,0.31
Q07092,0.31
Q96C11,0.31
Q5TA78,0.31
Q9BYQ6,0.31
O95751,0.31
P10071,0.31
Q7L273,0.31
Q7Z6K3,0.309
Q9NQ36,0.309
Q9BWL3,0.309
Q8N228,0.309
Q8NDZ4,0.309
Q8N5X7,0.309
Q5SRH9,0.309
A0A8V8PNE1,0.309
Q8IUC3,0.309
O14795,0.309
Q5T7N3,0.309
P35227,0.308
Q9Y664,0.308
C9J7I0,0.308
Q6P3S1,0.308
Q9BWT1,0.308
Q9NZM4,0.308
P53370,0.307
Q8IZR5,0.307
D6RI10,0.307
Q9H400,0.307
Q9BX51,0.306
P54855,0.306
C9JYJ0,0.306
Q15012,0.306
Q15652,0.306
Q70EL1,0.306
Q96H55,0.306
Q99958,0.305
O95727,0.305
Q13522,0.305
Q6P9H4,0.305
P26436,0.305
Q9BWG4,0.305
Q6UWZ7,0.305
Q5VWP3,0.305
O75795,0.304
A0ACI8VLT1,0.304
Q9NS73,0.304
Q6ZS81,0.304
A8MW92,0.304
P48052,0.304
Q96SL1,0.303
Q96A22,0.303
Q629K1,0.303
Q15562,0.302
A0A0C4DFM4,0.302
Q9NQQ7,0.302
P02778,0.302
O00463,0.302
Q8IWR1,0.302
Q13415,0.302
A0A0A0MSR7,0.302
Q8WXI4,0.301
Q96B18,0.301
Q9BQS7,0.301
F8VUJ3,0.301
Q8IVG5,0.301
O60930,0.3
P20749,0.3
Q8IZT6,0.3
O43299,0.3
Q6S5L8,0.3
P51878,0.299
Q6ZTI6,0.299
Q14526,0.299
Q8IVL1,0.298
P09105,0.298
O94900,0.298
Q6ZWB6,0.298
Q8N4A0,0.298
Q96HJ3,0.298
Q8TDN4,0.298
Q9H6R7,0.298
Q96RI0,0.297
Q15053,0.297
Q96H12,0.297
Q04900,0.297
Q5HYN5,0.297
Q8N3Z6,0.297
Q86WV1,0.296
Q86Y91,0.296
Q9BRU2,0.296
P52823,0.296
Q8IUK5,0.296
A0JNW5,0.296
Q96HT8,0.296
P48595,0.296
Q14296,0.296
P62508,0.296
Q92622,0.295
Q9H9H5,0.295
Q8IYN6,0.295
F8W6W0,0.295
Q9ULL0,0.295
Q92800,0.295
F6WV43,0.295
Q15011,0.294
Q9H5Z1,0.294
Q9H707,0.294
Q8WV24,0.294
Q15782,0.294
O60583,0.294
Q8NC74,0.294
P13994,0.294
Q6DT37,0.293
Q86V87,0.293
Q9H0V1,0.293
Q14188,0.293
O75460,0.293
P20062,0.293
Q9Y337,0.293
Q9BXJ0,0.293
A6ND36,0.293
Q8N4S9,0.293
A0A7P0T8U4,0.293
Q03112,0.293
Q9H7F0,0.292
Q9BZF3,0.292
Q9Y2D0,0.292
Q9NZC3,0.292
Q86SX3,0.291
Q9UPA5,0.291
O95460,0.291
Q9P2D0,0.291
A6NKN8,0.291
Q969Z4,0.291
Q9P0V8,0.291
Q9NXD2,0.291
Q9BX59,0.291
A0AAA9XBX5,0.291
Q96Q40,0.291
P20719,0.29
Q6UXB4,0.29
Q8TBK6,0.29
P54762,0.29
Q9P2F8,0.29
O94910,0.29
P28749,0.289
Q9ULS5,0.289
Q9H9L4,0.289
O43761,0.288
Q9UNA1,0.288
Q7Z5L4,0.288
P09630,0.288
A4D1S0,0.288
B0YJ81,0.288
Q9BS16,0.288
O15049,0.288
Q969I3,0.287
O43525,0.287
Q96RJ3,0.287
P98066,0.287
Q96NY9,0.287
Q9NYU1,0.287
A6NFX1,0.287
Q9Y6I8,0.287
Q3KRA9,0.287
P43268,0.286
P20815,0.286
Q8N0Z8,0.286
P36537,0.286
Q96RW7,0.285
O15169,0.285
Q8N5G2,0.285
Q6PII3,0.285
A6NFI3,0.285
Q32NC0,0.284
Q9P2L0,0.284
O15297,0.284
Q8IVA1,0.284
Q02535,0.284
Q96GI7,0.283
Q9UN79,0.283
Q5VT06,0.283
Q9BRS8,0.283
Q96M11,0.283
Q86UR5,0.283
Q9BYQ0,0.283
Q9H0T7,0.282
P21860,0.282
O43303,0.282
Q8IX07,0.282
Q9Y2P4,0.282
Q9C0H5,0.281
Q86V15,0.281
Q9Y4F3,0.281
Q9Y6J0,0.281
Q13530,0.281
Q56NI9,0.281
Q16678,0.281
Q96GS6,0.28
P28330,0.28
Q8NG31,0.28
Q96I36,0.279
Q15776,0.279
Q8IWE4,0.279
Q6P9G4,0.279
B8ZZB3,0.279
O15537,0.278
O15265,0.278
Q9NQ25,0.278
O43502,0.278
Q15303,0.278
Q5VWK0,0.278
Q8WTX7,0.278
Q9C0C7,0.278
Q70HW3,0.278
Q969W9,0.278
Q9HBG6,0.277
Q5FBB7,0.277
Q96HH9,0.277
Q96BR6,0.277
Q9BY76,0.277
Q92613,0.277
Q9UQ53,0.277
Q68CR1,0.277
Q9BU68,0.277
Q9NVX7,0.277
Q86UD5,0.276
O75425,0.276
Q8WZA1,0.276
Q7RTP0,0.276
Q69YW2,0.276
Q96A58,0.276
Q6ZT21,0.275
Q9HA92,0.275
Q06710,0.275
O95832,0.275
Q9HA82,0.274
Q9UI95,0.274
Q9H4B6,0.274
Q9HBE1,0.274
Q9Y534,0.274
Q7Z412,0.274
Q8NF64,0.274
Q3T8J9,0.274
A6NMZ7,0.273
Q8TEK3,0.273
Q86XF0,0.273
P78381,0.273
Q96NM4,0.273
P56856,0.273
Q9NRH1,0.273
A6NGB9,0.273
Q8N196,0.273
O75398,0.272
P15407,0.272
Q02641,0.272
P16389,0.272
Q8WYN0,0.272
P30281,0.272
O75461,0.272
Q5JTB6,0.272
Q96PY6,0.272
P29375,0.271
P0DMU7,0.271
P0DMU8,0.271
P0DMV0,0.271
Q8NHU0,0.271
P29122,0.271
A0AAG2SXN7,0.271
Q9NZ53,0.271
Q8TAX9,0.271
Q9Y5L3,0.271
P12872,0.271
Q15649,0.27
P17735,0.27
Q9HAW8,0.27
Q9P2N6,0.27
Q96BJ8,0.27
Q5FWE3,0.27
Q8TAV0,0.27
Q8WXS5,0.27
A0A1X7SBR8,0.27
Q9UPR0,0.269
P15036,0.269
A2RUC4,0.269
P17025,0.269
F5H5T6,0.269
Q9HC44,0.269
Q5W0B1,0.269
O43257,0.269
Q86UL3,0.269
Q9NRA0,0.269
Q9NQ86,0.268
Q969F9,0.268
F5GYY5,0.268
O95395,0.268
P05162,0.268
P53794,0.268
Q9NS23,0.268
P04198,0.268
Q96FN9,0.267
Q8N819,0.267
Q9Y5W3,0.267
Q9UK33,0.267
Q96DB2,0.267
Q9BYR3,0.267
Q9BYE7,0.267
O14709,0.267
Q9NP98,0.267
Q9HCH0,0.267
Q5U3C3,0.266
Q96FX2,0.266
Q9NXR8,0.266
A0A1W2PSA9,0.266
Q8NB78,0.266
P61812,0.266
Q14781,0.266
Q3ZCQ3,0.266
Q8IWW8,0.265
Q9BYV6,0.265
Q9Y483,0.265
Q66GS9,0.265
O94988,0.264
Q9H5J0,0.264
Q8N5Z5,0.264
Q99650,0.264
Q8WWY8,0.264
Q99935,0.264
Q13207,0.264
Q9UK97,0.264
Q9BXM0,0.264
Q63HQ0,0.263
Q9P2Y4,0.263
O60637,0.263
Q9P227,0.263
Q96R09,0.263
Q7Z3V4,0.263
Q8WUM9,0.263
O15021,0.263
Q96A19,0.263
Q13163,0.263
O43736,0.262
Q9NZ81,0.262
Q9BPW9,0.262
Q5TC82,0.262
Q96NX9,0.262
Q9UIU6,0.262
Q9NSY2,0.261
Q16520,0.261
O60906,0.261
K7EMK7,0.261
Q6EKJ0,0.261
P55017,0.261
O43422,0.261
P14410,0.261
Q6PI26,0.261
Q7Z7D3,0.261
Q9ULI0,0.261
Q9BUN5,0.261
P08218,0.261
Q96B96,0.26
Q495W5,0.26
Q76N32,0.26
A0A0C3SFZ9,0.26
P60410,0.26
F5H619,0.26
O60779,0.26
Q6ZWJ1,0.26
Q8NGD5,0.26
Q695T7,0.26
O77932,0.26
Q5VT40,0.26
Q96NK8,0.259
Q9Y3R0,0.259
O43272,0.259
Q68D06,0.259
Q9BQT9,0.259
O95164,0.258
Q93070,0.258
Q01973,0.258
Q9H0R1,0.258
Q86UP8,0.258
Q8WY91,0.258
Q5VTB9,0.258
Q9H2X0,0.257
P55773,0.257
Q8TAD4,0.257
Q8NGS4,0.257
Q13772,0.257
Q8NFT8,0.257
Q86YD7,0.257
P18847,0.257
Q9UHL9,0.257
Q8TC76,0.257
Q7Z6J8,0.257
Q6P6B7,0.256
P0DMV1,0.256
P0DMV2,0.256
Q5DJT8,0.256
Q16849,0.256
Q9Y4B4,0.256
Q16236,0.256
Q9HDC5,0.256
O95968,0.256
Q9BUF7,0.255
Q63HM1,0.255
Q9GZU3,0.255
Q9NRQ2,0.255
Q9NQ11,0.255
O95343,0.255
Q9NTX7,0.255
A0A087WT65,0.255
Q66K66,0.255
Q9H772,0.255
P24864,0.255
O96015,0.255
Q9NTN3,0.255
Q9UGL1,0.255
O43597,0.254
Q96A37,0.254
Q8N386,0.254
Q9NTU7,0.254
Q8N729,0.254
H3BT17,0.254
Q9Y297,0.254
O15205,0.254
Q9UIM3,0.254
Q9UBH0,0.253
Q6PK18,0.253
P08913,0.253
Q96NW4,0.253
Q11130,0.253
Q6UWU2,0.253
Q99706,0.253
Q8N8U2,0.253
Q14865,0.253
Q12999,0.253
Q9C0D3,0.253
Q9NVR0,0.252
Q9HCM7,0.252
Q14596,0.251
Q5JTW2,0.251
Q5VYY1,0.251
Q8NEV8,0.251
Q8NDX9,0.251
O43827,0.251
Q9NZH5,0.251
J3QRA7,0.251
Q8TC71,0.25
O00628,0.25
P20138,0.25
Q8NCJ5,0.25
Q13563,0.25
Q8IW41,0.25
Q7Z6L1,0.25
Q9H9A7,0.25
Q53RD9,0.25
Q5BKX8,0.25
Q9HD64,0.249
Q7Z333,0.249
Q9H069,0.249
Q9NZV5,0.249
Q53GT1,0.249
P78556,0.249
Q96KF7,0.249
Q8WX94,0.249
Q641Q3,0.249
Q5T7W0,0.248
Q92794,0.248
Q9NRA1,0.248
Q9NZJ4,0.248
Q9Y5Q0,0.248
Q9HAW9,0.248
Q9BYF1,0.248
Q09013,0.248
Q6UWN8,0.248
Q9UIF3,0.248
O75071,0.247
P57087,0.247
A8MU46,0.247
P36575,0.247
Q9NNX9,0.247
P78329,0.247
P68106,0.247
P25929,0.247
Q9H7C4,0.247
Q5VUB5,0.246
Q86UW9,0.246
Q9H321,0.246
Q5T750,0.246
Q6DHV7,0.246
O00305,0.246
Q15465,0.246
Q4VC44,0.246
Q92563,0.246
Q9Y2G8,0.246
Q14CW9,0.246
Q9GZR1,0.245
Q92585,0.245
Q8IVV7,0.245
Q8NET4,0.245
Q9P202,0.245
Q9HAP6,0.245
Q92633,0.244
Q96BT3,0.244
O00481,0.244
Q8TAU0,0.244
P24071,0.244
Q9ULQ1,0.244
Q2TAP0,0.243
Q86YG4,0.243
Q96FT9,0.243
Q8N568,0.243
Q8TDC3,0.243
Q8N0Z9,0.243
Q8IUD6,0.243
O15063,0.243
Q9HAW0,0.242
Q86XR2,0.242
O75638,0.242
Q9UHF1,0.242
O75127,0.242
Q9HCL2,0.241
O15054,0.241
Q7Z3K6,0.241
Q9NZC2,0.241
Q96PS8,0.241
Q9H999,0.241
O75387,0.241
Q96AY2,0.241
Q86UW7,0.241
P58397,0.241
O43829,0.241
Q9P0K1,0.241
Q3SXY8,0.24
P0CG12,0.24
Q7Z3B0,0.24
Q53HC0,0.24
A6NGK3,0.24
Q8TAF8,0.24
Q9BVN2,0.24
K7ELM3,0.24
Q96T17,0.24
Q6ZN01,0.239
X6REH9,0.239
Q96MX3,0.239
Q03468,0.239
Q9NYT0,0.239
Q96HB5,0.239
Q8IYW5,0.238
O94777,0.238
Q01740,0.238
Q9UKF2,0.238
Q8WVX3,0.238
Q969R8,0.238
Q4KWH8,0.238
Q9H4H8,0.238
P54277,0.238
Q969R5,0.238
Q96NU7,0.238
Q6NVV3,0.238
Q9BT67,0.237
A0A1W2PPV1,0.237
Q9Y5S8,0.237
Q7Z6J0,0.237
O75888,0.237
Q9HAZ1,0.237
P50607,0.237
P35548,0.237
Q7L590,0.236
Q15543,0.236
Q8WYP3,0.236
P49281,0.236
Q96T25,0.236
Q8IZJ1,0.236
Q6H9L7,0.236
Q9H0K6,0.236
P98077,0.236
P05981,0.236
P19419,0.235
Q9UKJ1,0.235
Q14CN2,0.235
Q96PC3,0.234
Q9H4M7,0.234
Q86WK9,0.234
P52429,0.234
Q8NEG4,0.234
Q17R60,0.234
Q16384,0.234
P35503,0.234
Q6ZRQ5,0.234
Q16832,0.233
Q7Z7A1,0.233
Q9HAW7,0.233
Q05513,0.233
A0A087WX45,0.233
Q96PZ2,0.233
Q9BTV7,0.233
Q8NFZ3,0.233
P16050,0.233
Q53H76,0.232
Q99551,0.232
Q8NA29,0.232
Q9UBS5,0.232
Q15375,0.232
P49190,0.232
O00212,0.232
Q9H9D4,0.231
Q9HB55,0.231
Q49MG5,0.231
Q8NDB6,0.231
O95835,0.231
P57086,0.231
Q9UBM1,0.231
Q9UL52,0.231
Q504Q3,0.231
Q9UIL8,0.231
Q16696,0.23
Q02575,0.23
O43194,0.23
Q9H694,0.23
A0A499FIM1,0.23
Q6UW15,0.23
Q5TAX3,0.23
Q6ZVF9,0.23
Q8WVV5,0.229
Q5T0B9,0.229
P20941,0.229
Q16649,0.229
Q8NGV6,0.229
Q96FX8,0.229
Q9UHG0,0.229
Q8IYH5,0.228
Q6NSJ2,0.228
Q5TGY1,0.228
Q96DR7,0.228
Q9H2F5,0.228
Q8N1I0,0.228
P15516,0.228
Q5JQC4,0.228
P03923,0.227
Q9P2D1,0.227
Q9NV29,0.227
Q96HD9,0.227
Q9NT22,0.227
Q9H2F3,0.226
Q3MII6,0.226
Q8N1A6,0.226
Q8WV07,0.226
Q9HBW0,0.226
P31260,0.226
Q5THJ4,0.226
O14836,0.225
A0A087WY96,0.225
O75626,0.225
Q8IWE5,0.225
Q13342,0.225
Q86T26,0.225
Q9NZ72,0.225
Q3KR37,0.225
O76064,0.224
Q9BPW5,0.224
A8MVS5,0.224
Q6P1R3,0.224
Q6IEG0,0.224
Q14147,0.224
Q9UQB9,0.224
A4D2B0,0.224
Q96RL6,0.224
P13196,0.224
Q96CQ1,0.224
Q00G26,0.223
Q9NYD6,0.223
Q14576,0.223
Q9BQ90,0.223
G5EA39,0.223
Q9NY26,0.223
Q9UKR0,0.223
P01242,0.223
Q9UNA4,0.223
P17405,0.222
Q7L1W4,0.222
Q14582,0.222
P07306,0.222
P49918,0.222
Q96J88,0.222
A0AVF1,0.222
P68543,0.222
Q2TAZ0,0.222
O95807,0.222
Q9UHA2,0.222
Q8N8I0,0.221
Q5TBE3,0.221
Q8IZ52,0.221
Q9UK23,0.221
Q02962,0.221
Q9NZH8,0.221
Q15049,0.221
A2RU67,0.221
Q9NQV6,0.221
Q53RE8,0.22
Q9UGP5,0.22
O60449,0.22
Q17RY6,0.22
Q16385,0.22
Q4AE62,0.22
Q9UJW2,0.22
C9JC87,0.22
Q8NHS1,0.22
Q9UPZ3,0.22
Q96Q83,0.219
Q13470,0.219
P51795,0.219
Q14242,0.219
Q9H0K1,0.219
Q9Y6B7,0.219
Q9NZC4,0.219
Q9NQ89,0.218
Q8NFA0,0.218
Q5T4F4,0.218
O95600,0.218
A8MV81,0.218
Q5VXT5,0.218
Q96C55,0.218
P51993,0.218
Q9NUU6,0.218
Q6ZPD9,0.218
P11308,0.217
Q9H967,0.217
Q9NZQ9,0.217
Q6P0N0,0.217
Q9H7P9,0.217
O43766,0.217
Q8N5B7,0.217
P51797,0.217
Q9UM82,0.217
Q9UEG4,0.217
Q8WUY9,0.217
Q6ZU65,0.217
Q8IWQ3,0.217
Q8TEQ8,0.217
Q8IXK2,0.217
Q9BWD3,0.216
P32247,0.216
P21675,0.216
Q9BSJ5,0.216
Q14765,0.216
P49336,0.216
P56559,0.216
Q9NWQ9,0.216
P10635,0.216
Q8NBP0,0.216
Q9Y603,0.216
Q9BVX2,0.215
Q8NCR9,0.215
Q6UWW0,0.215
Q8TE69,0.215
Q9UGC7,0.215
Q86XP1,0.215
Q8N5W9,0.215
O15417,0.215
Q14469,0.215
Q9NRH2,0.215
Q13145,0.215
Q14050,0.215
P10600,0.215
P01270,0.215
Q9HBM0,0.215
Q9ULJ7,0.215
O96006,0.215
Q6ZNL6,0.215
Q6PI47,0.215
Q92562,0.215
Q8N4J0,0.214
Q9Y5Z7,0.214
P61587,0.214
Q16827,0.214
Q92185,0.214
A0A0U1RRJ0,0.214
Q8IWT1,0.214
P46695,0.214
Q15072,0.214
Q9P0S2,0.214
Q06643,0.214
Q8TAP4,0.214
Q92830,0.214
Q9BYU1,0.213
Q13829,0.213
Q6U841,0.213
Q8IXZ3,0.213
Q1EHB4,0.213
Q9H2L5,0.213
A2AJT9,0.213
Q659A1,0.213
P14920,0.213
Q05952,0.212
Q8TCY9,0.212
O15534,0.212
Q9H347,0.212
Q9BSG5,0.212
Q96DE9,0.212
Q3MIT2,0.212
Q5VVJ2,0.212
Q53EU6,0.212
Q9BQ66,0.212
Q96N06,0.212
Q99542,0.211
Q96EN8,0.211
Q9BYR2,0.211
Q6NTE8,0.211
O43903,0.211
Q13087,0.211
O75716,0.211
Q16842,0.211
Q8NHV9,0.211
Q8WVE0,0.211
Q96PX8,0.21
Q9Y2G9,0.21
Q9H7X3,0.21
Q8N264,0.21
Q8N554,0.21
Q07325,0.21
Q9NZV1,0.21
P54826,0.21
Q9Y2K1,0.21
Q9NUP7,0.209
P41235,0.209
Q86VW2,0.209
Q92908,0.209
Q9BSI4,0.209
Q6P2P2,0.209
Q14686,0.209
Q93073,0.209
Q9HC78,0.208
Q9HBU9,0.208
A0A5F9ZHB4,0.208
Q9BXM9,0.208
Q8NCK3,0.208
Q8WUY3,0.208
P48380,0.207
Q92698,0.207
P25391,0.207
Q96FZ5,0.207
Q99954,0.207
Q53FP2,0.207
Q96G01,0.207
Q8TEV9,0.207
O75147,0.207
Q86Z02,0.207
P51671,0.207
P19438,0.206
Q9UQ49,0.206
Q66K89,0.206
A0A087X266,0.206
Q8N3Y1,0.206
Q9UPY5,0.206
A0A087WYG2,0.206
O15519,0.205
Q9UJD0,0.205
P15260,0.205
O43692,0.205
Q96NR8,0.205
Q9P0K8,0.205
Q12816,0.205
P0DN86,0.205
Q3B7T1,0.205
Q86VX9,0.205
A8MUX0,0.205
P16118,0.205
Q9H1A3,0.205
A0A7I2PHE7,0.205
Q9UIA0,0.204
Q6ZNA4,0.204
Q13351,0.204
Q9Y2I7,0.204
Q92833,0.204
Q7RTN6,0.204
P22303,0.204
O14678,0.204
P26045,0.204
P01100,0.204
Q8NCP5,0.204
Q6UVY6,0.203
Q16584,0.203
Q6P4F7,0.203
Q8NA72,0.203
Q6ZQX7,0.203
Q9BU19,0.203
Q8N720,0.203
P06850,0.203
P11686,0.203
Q8NAP3,0.203
Q8NGP2,0.203
A0A8J8ZEH8,0.203
Q9NPI5,0.203
Q9NZU7,0.203
Q8N2Z9,0.203
Q2TAC2,0.202
P57075,0.202
P01185,0.202
A0A087WXU7,0.202
Q13319,0.202
Q3YBR2,0.201
B8ZZ84,0.201
P12272,0.201
Q9NRJ3,0.201
P48165,0.201
Q9H3Y6,0.201
Q53F39,0.2
Q16619,0.2
Q16586,0.2
Q5XKK7,0.2
Q6ZN04,0.2
Q15040,0.2
Q7Z4L5,0.2
Q6ZT07,0.2
Q9UBV7,0.2
Q9UQ84,0.2
Q9NSB8,0.2
P51957,0.199
Q8NEZ4,0.199
Q99583,0.199
P35504,0.198
Q5VWN6,0.198
H0YL77,0.198
Q9H582,0.198
Q9BWW7,0.198
Q96E52,0.198
Q9NQ87,0.198
P12314,0.198
Q969U6,0.198
Q7RTT5,0.198
Q8IY47,0.198
Q8N4C6,0.198
P26374,0.198
P48060,0.197
Q14721,0.197
Q96HJ5,0.197
Q8NHH1,0.197
Q86TA1,0.197
O14798,0.197
Q99698,0.197
Q9UMF0,0.197
O15304,0.197
P24347,0.197
Q96GE6,0.197
A0A804DNR1,0.197
P57103,0.197
O75164,0.197
O15079,0.196
Q5VWI1,0.196
K7ENP7,0.196
Q9H568,0.196
Q8NEB7,0.196
Q9Y250,0.196
P98169,0.195
Q96QK8,0.195
Q13571,0.195
O14633,0.195
Q9ULG6,0.195
Q15131,0.195
P18075,0.195
P49842,0.194
Q08477,0.194
Q9UNU6,0.194
Q5BKT4,0.194
Q04771,0.194
Q9BSK2,0.194
Q96GX8,0.194
C9J202,0.194
P43116,0.194
Q96HL8,0.194
P52824,0.194
Q13233,0.193
Q8N9Q2,0.193
Q5I7T1,0.193
Q9UPS6,0.193
Q8WU58,0.193
Q9H8M5,0.193
Q969F0,0.193
Q14093,0.193
Q96SD1,0.193
P13765,0.193
Q9HC57,0.193
Q8WUD6,0.193
Q6ZN28,0.192
Q9P0G3,0.192
P17010,0.192
P51816,0.192
Q6P3S6,0.192
Q6ZUX7,0.192
P26012,0.192
Q3L8U1,0.192
Q9H322,0.192
Q9H320,0.192
P23276,0.192
Q9BQK8,0.192
P28908,0.191
Q9UHL0,0.191
Q9NY47,0.191
P21217,0.191
Q5JR12,0.191
Q7L211,0.191
Q5VUJ6,0.191
Q9BUB4,0.191
A8MTY7,0.191
Q9C0A6,0.191
Q5T754,0.191
P53804,0.191
Q03395,0.191
Q9BZI1,0.19
P43629,0.19
Q8IV20,0.19
Q5XKR4,0.19
A0A0B4J2F0,0.19
Q6PH85,0.19
Q07343,0.19
Q08AI8,0.19
O15360,0.19
A0A0A0MTM3,0.19
Q8TD43,0.189
P98168,0.189
Q8N146,0.189
Q86W74,0.189
Q9Y2G1,0.189
P35711,0.189
Q96HH6,0.189
Q5SRN2,0.189
O95057,0.189
Q8IXS8,0.188
P30203,0.188
Q8N137,0.188
Q96RI1,0.188
O75342,0.188
Q9HBI6,0.188
Q13569,0.188
Q6ZRI8,0.188
O95238,0.188
O60513,0.188
P36956,0.188
Q9NP87,0.187
O95050,0.187
Q9BYN7,0.187
Q6UWM9,0.187
Q8N9R6,0.187
P18545,0.187
Q96RY7,0.187
Q99811,0.187
Q2MV58,0.187
Q9Y3P4,0.187
Q12946,0.187
P33261,0.186
P0C7M4,0.186
Q07890,0.186
Q06418,0.186
Q8WVD5,0.186
Q96KQ4,0.186
H3BPF8,0.186
P55064,0.186
O95503,0.186
P58012,0.186
Q9NRW4,0.186
Q6PIF6,0.186
Q9UKN7,0.185
Q96A59,0.185
O95405,0.185
A1IGU5,0.185
Q86V85,0.185
Q8TEY7,0.185
Q9HBD1,0.185
P55808,0.185
Q6ZNA5,0.185
Q6SJ96,0.184
O75056,0.184
P17948,0.184
P50221,0.184
O60447,0.184
Q13316,0.183
Q6NXT6,0.183
Q8N961,0.183
P58317,0.183
Q8NC24,0.183
Q9NR82,0.183
A6NKQ9,0.183
P78358,0.183
Q8TF40,0.183
Q9H116,0.183
Q86UP6,0.183
Q8TCX1,0.183
Q9C026,0.183
Q07837,0.183
Q13393,0.183
Q5IJ48,0.183
Q92564,0.183
B3KW44,0.183
Q5JU67,0.183
Q8N6C5,0.182
Q9Y2E4,0.182
P41182,0.182
Q9UM63,0.182
Q7L1I2,0.182
Q5BKX5,0.182
Q96AX9,0.182
E9PD12,0.182
Q8NHY2,0.182
Q96HA9,0.182
Q6UWB1,0.181
Q17R89,0.181
Q765I0,0.181
Q9BWQ8,0.181
Q9BY14,0.181
O15195,0.181
Q95460,0.18
P40198,0.18
Q86SQ7,0.18
Q86UD0,0.18
Q6IPU0,0.18
Q9UNQ0,0.18
Q9NPH6,0.18
Q9NZL6,0.18
Q9ULD9,0.18
Q8IWF2,0.18
Q9HCE3,0.18
Q9H8W3,0.18
Q86YC2,0.18
Q8TC17,0.18
P41221,0.18
Q15788,0.18
Q96N96,0.179
P43361,0.179
Q8N103,0.179
P32243,0.179
Q16654,0.179
Q8WZ33,0.179
O75077,0.179
O43520,0.179
Q5TCH4,0.179
Q11128,0.178
A6NI73,0.178
Q8NHQ8,0.178
Q8N4B5,0.178
Q5VYX0,0.178
Q9Y2G4,0.178
Q9Y4L5,0.178
Q5TBC7,0.178
P17947,0.178
Q7Z2X4,0.178
O60224,0.177
Q8WXK1,0.177
A0A8J8YUN0,0.177
Q8TD46,0.177
Q8TAL6,0.177
Q7Z5Q1,0.177
P12980,0.177
Q8NFL0,0.177
O60548,0.177
P35716,0.177
Q6P1M9,0.177
Q8N5Z0,0.177
Q8N118,0.177
Q9C0B9,0.177
Q3YBM2,0.176
P81408,0.176
O15440,0.176
Q9NWD8,0.176
Q16635,0.176
Q9BYT3,0.176
Q9BQF6,0.176
Q99963,0.176
Q08334,0.176
A6NEH6,0.176
Q8N148,0.176
P55055,0.176
P54284,0.175
Q9NSC7,0.175
P59923,0.175
O14717,0.175
Q8N0U4,0.175
P51689,0.175
Q9NW07,0.175
Q6PEV8,0.175
P40225,0.175
O14924,0.175
Q9NRM2,0.175
Q6P1S2,0.175
Q96N46,0.175
Q13797,0.175
Q86SR1,0.174
O60307,0.174
Q9BTV6,0.174
A0A7I2RN43,0.174
O95760,0.174
Q9UIF8,0.174
Q8NES3,0.174
Q9HBT8,0.174
P42081,0.174
P13056,0.174
Q9HCI7,0.174
Q96NL8,0.173
Q9NV79,0.173
Q96MC5,0.173
O95382,0.173
P51810,0.173
Q9Y5L2,0.173
O75509,0.173
Q9H6L4,0.173
Q92529,0.173
O15209,0.172
P11161,0.172
Q13127,0.172
Q5T3F8,0.172
Q5JR98,0.172
Q9Y2F5,0.172
Q9Y4X4,0.172
O60315,0.172
Q96EG1,0.172
P80075,0.172
Q9NP59,0.172
Q6ZMJ2,0.171
Q9NS00,0.171
Q9HCG7,0.171
Q8N302,0.171
Q96GR4,0.171
P56749,0.171
Q9NZI6,0.171
Q96QE2,0.171
Q86TY3,0.171
Q8IYB4,0.171
P42568,0.171
Q96MK3,0.171
Q66K79,0.17
Q9GZW8,0.17
Q9Y6T7,0.17
P19544,0.17
Q5T7P8,0.17
Q96NS5,0.17
Q06190,0.17
Q9Y5K1,0.17
P31639,0.17
Q15831,0.169
Q5GFL6,0.169
O00451,0.169
Q6NT52,0.169
Q99909,0.169
P61925,0.169
O94827,0.168
H7BXH9,0.168
O43638,0.168
Q8TED9,0.168
O43734,0.168
Q9NVR5,0.168
P16260,0.168
Q02410,0.168
P21817,0.168
Q02297,0.167
Q96CN4,0.167
O75711,0.167
P60369,0.167
V9GYH0,0.167
O95863,0.167
Q99750,0.167
Q6PIZ9,0.167
P48552,0.167
P55291,0.167
Q9UI32,0.167
H3BUI4,0.167
Q9HCS4,0.167
Q8N8D1,0.167
Q13099,0.166
Q6UX65,0.166
Q8N6W0,0.166
Q8TD08,0.166
Q96NL6,0.166
O14990,0.166
O75486,0.166
P17098,0.166
A6PVI3,0.166
P29120,0.166
Q86UL8,0.166
Q9BR77,0.166
Q16650,0.166
Q9ULD4,0.166
P55197,0.166
Q96S53,0.166
A0A0B4J1S7,0.166
Q02161,0.166
Q14164,0.165
Q9BSW7,0.165
Q9P2U7,0.165
Q9H329,0.165
A0A1W2PR82,0.165
Q99687,0.165
P20265,0.165
P43630,0.165
Q8WUE5,0.165
Q9NR80,0.165
Q9UEE5,0.165
V9GYQ6,0.165
Q9NQ76,0.165
Q9Y592,0.164
Q92824,0.164
Q32MQ0,0.164
Q96AY4,0.164
Q9ULL8,0.164
P07202,0.164
Q96BY7,0.164
Q9UBE8,0.164
Q9H6X4,0.164
Q9GZZ0,0.164
P49763,0.164
P37287,0.164
Q86UY5,0.164
Q8NGF0,0.164
Q96LL9,0.164
O75173,0.164
Q6ZNC4,0.163
Q6Q0C0,0.163
P55073,0.163
Q8N3J9,0.163
Q9Y6N6,0.163
Q8TAV3,0.163
Q9UPQ7,0.163
Q2VPB7,0.163
O43927,0.163
P47870,0.163
Q8WWR8,0.163
Q7Z628,0.163
P60673,0.163
Q9UF12,0.163
Q6ZSY5,0.163
Q13183,0.162
Q9UIK4,0.162
Q9H160,0.162
Q9NWQ4,0.162
O14503,0.162
Q7Z6G8,0.162
Q71F56,0.162
Q8TBP0,0.162
P54750,0.162
J3KNW5,0.162
Q96LC9,0.162
Q8N441,0.162
P41970,0.161
P78509,0.161
Q9UJT0,0.161
P54315,0.161
Q8NBR6,0.161
Q2TBC4,0.161
E5RFL4,0.161
Q92913,0.161
Q8IZU3,0.16
P09238,0.16
Q13352,0.16
Q9NSI6,0.16
O95935,0.16
O75752,0.16
Q09328,0.16
Q9BRQ3,0.16
O00338,0.16
Q96Q89,0.16
Q13794,0.16
Q17RW2,0.16
Q8NHW3,0.16
Q96LD1,0.16
Q6UX98,0.159
Q8N653,0.159
Q96MZ0,0.159
Q8N9E0,0.159
Q92543,0.159
Q5D1E8,0.159
Q5H8A4,0.159
Q8IZD2,0.159
P86397,0.159
Q9Y256,0.159
Q9Y242,0.159
Q3SYC2,0.159
Q9Y2I9,0.159
Q7RTV3,0.159
Q96EY9,0.159
O43374,0.159
Q8TC05,0.158
Q38SD2,0.158
P51826,0.158
Q96JM2,0.158
P0DN87,0.158
Q6P5Q4,0.158
Q6UB99,0.158
J3KT72,0.158
Q9NR71,0.158
Q9BVG8,0.158
Q86VZ2,0.158
Q9NT99,0.158
Q4VX76,0.158
Q9H305,0.158
Q6X4W1,0.158
Q96BD0,0.158
Q99865,0.158
Q96PX6,0.158
O00626,0.157
J3KNF6,0.157
P30531,0.157
O75473,0.157
Q8N4S0,0.157
A0AAG2T1P6,0.157
Q8WU20,0.157
O14939,0.157
O95936,0.157
Q8NEZ3,0.157
Q15561,0.157
J3KP37,0.157
O60353,0.157
Q7Z4F1,0.157
Q9H5I1,0.157
Q32M88,0.157
Q9H7U1,0.157
Q9Y5R6,0.157
Q6PJ61,0.157
Q15544,0.157
Q99728,0.157
Q9UHI7,0.156
Q96JA3,0.156
P31274,0.156
F5GXT2,0.156
P54851,0.156
Q9NRC1,0.156
Q5TCM9,0.156
Q9Y6X2,0.156
Q9C0J9,0.156
Q8NFU4,0.156
Q8IYR6,0.156
P20853,0.155
P60368,0.155
Q9BPZ2,0.155
P04554,0.155
Q04912,0.155
O15516,0.155
Q9Y616,0.155
Q6PCB6,0.155
Q8WWV6,0.155
Q8TEP8,0.155
A8MV23,0.155
Q9Y5X5,0.155
Q9H668,0.154
P43234,0.154
Q5T8A5,0.154
Q9UJV3,0.154
Q96ST8,0.154
Q8N8R5,0.154
Q96PV4,0.154
Q02833,0.154
Q6ZMI3,0.154
P43357,0.154
P43628,0.154
O75094,0.154
P60370,0.154
P55345,0.154
Q9Y366,0.154
Q9BZD7,0.154
Q9HB63,0.153
Q8NFY4,0.153
Q9NZ71,0.153
Q8N2G6,0.153
Q96RR1,0.153
Q9UK85,0.153
Q9UJU5,0.153
Q96C10,0.153
P09131,0.153
Q86X24,0.153
Q8IXF0,0.153
Q7Z2Z1,0.153
Q96EX3,0.153
Q14542,0.153
B2RTY4,0.153
Q8WTU0,0.153
Q68DU8,0.152
Q13686,0.152
Q9H9L7,0.152
Q9UMX3,0.152
O43822,0.152
P48029,0.152
Q7RTU3,0.152
Q9NQU5,0.152
Q9NQ31,0.152
Q96PL1,0.152
Q9P1Q0,0.152
A4D1S5,0.152
Q96MX0,0.152
Q9UKR3,0.152
Q8WVL7,0.152
Q70EL4,0.152
P09912,0.152
P31785,0.151
O14977,0.151
Q7Z7L7,0.151
Q96EF6,0.151
Q9UJ99,0.151
Q96G04,0.151
A8MZ36,0.151
Q86UN6,0.151
Q86TW2,0.151
P16234,0.151
Q8IYK8,0.151
Q13075,0.151
Q06416,0.151
Q6ZV73,0.151
Q9HBZ2,0.151
Q7Z6A9,0.151
Q8TF46,0.151
O43609,0.151
Q69YI7,0.151
Q9NZN9,0.151
Q17RM4,0.15
P57060,0.15
Q9H4F1,0.15
Q8TD26,0.15
Q6IC98,0.15
Q9UHC6,0.15
Q9BZF2,0.15
O75084,0.15
Q9Y336,0.15
A0A1B0GVI7,0.15
Q96DT6,0.15
O43280,0.15
O00167,0.15
Q9H313,0.15
Q9P209,0.149
O75309,0.149
Q6NUJ5,0.149
Q13495,0.149
W4VSR2,0.149
Q9H3U5,0.149
Q9NP85,0.149
P32242,0.149
P37023,0.149
Q6NVV7,0.149
Q9P2N2,0.149
Q14088,0.149
Q9NX57,0.149
Q8N693,0.148
Q5T7M9,0.148
P35453,0.148
Q8WY54,0.148
Q9BQ16,0.148
P23760,0.148
Q8N8E2,0.148
Q96RD6,0.148
Q9HBA0,0.148
Q6ZTW0,0.148
Q96C00,0.148
P41594,0.148
P78382,0.148
Q8TF44,0.148
Q6UWU4,0.148
P01589,0.148
Q9Y614,0.147
J3KNS1,0.147
Q7L4S7,0.147
Q14332,0.147
Q96JN8,0.147
Q9BYV2,0.147
Q9NQR1,0.147
Q9NYQ6,0.147
O43474,0.147
Q86T90,0.147
Q8N1W1,0.147
Q8WWN8,0.147
P21439,0.147
Q8NAX2,0.147
Q9H992,0.147
Q8WXS8,0.147
E9PGQ0,0.147
Q96NA2,0.147
Q96DC7,0.147
Q5SQH8,0.147
Q5GJ75,0.146
Q9BZE2,0.146
Q8TC44,0.146
Q9H9K5,0.146
Q86XK2,0.146
Q8N2H3,0.146
Q969S0,0.146
P29320,0.146
Q5VTJ3,0.146
Q96Q42,0.146
Q6ZSI9,0.146
Q9H1E1,0.146
Q9Y2G0,0.146
Q92664,0.146
A0A1X7SBT5,0.146
Q96AE7,0.145
Q12815,0.145
Q9BQY6,0.145
P98177,0.145
Q01851,0.145
P0DPD8,0.145
Q8N7B6,0.145
Q8NFZ0,0.145
Q13114,0.145
Q9NWB7,0.145
Q8IW92,0.145
Q86VE0,0.145
Q6UX68,0.145
A8MPS7,0.145
Q86XT4,0.145
Q8NGL9,0.145
O75386,0.145
Q9ULX7,0.145
Q9H8Y1,0.145
Q8N2U9,0.145
Q96FE5,0.145
Q9BY66,0.145
Q5JRV8,0.145
O14544,0.145
Q8IXV7,0.144
A0A2R8YF50,0.144
Q8NBJ9,0.144
Q96AH0,0.144
J3QRE1,0.144
Q8IY34,0.144
Q86SQ6,0.144
Q9H8M9,0.144
Q8IVU3,0.144
O95407,0.144
Q96JZ2,0.144
P14616,0.144
Q16587,0.144
Q6ZRI6,0.144
Q9UPQ8,0.144
Q4ZG55,0.144
Q9Y5A6,0.144
P06126,0.144
Q9NSD5,0.144
Q7Z6V5,0.143
A0A2U3TZT0,0.143
B7WPH3,0.143
Q5TA76,0.143
Q5XXA6,0.143
Q9P2B7,0.143
Q5VXD3,0.143
Q8WWB3,0.143
Q96H35,0.143
P49715,0.143
Q9BSM1,0.143
O95390,0.143
O15488,0.143
P21506,0.143
Q5VY80,0.142
Q5TD97,0.142
Q86UB9,0.142
Q8IUC8,0.142
Q9UPM8,0.142
Q9HBH9,0.142
Q96EU7,0.142
Q8NEX9,0.142
Q9BV10,0.142
A4D2H0,0.142
Q86UF2,0.142
Q9BZW8,0.141
Q9Y219,0.141
Q9BZC7,0.141
O43542,0.141
Q6IE81,0.141
Q9UI43,0.141
P35869,0.141
Q70EL2,0.141
O75140,0.141
A0AAR1ZLH9,0.141
Q9BV94,0.14
P0C7V8,0.14
Q9HBG4,0.14
Q8TAC1,0.14
Q8NCC5,0.14
Q8WV93,0.14
Q9BSG0,0.14
Q5H9F3,0.14
Q6UXH9,0.14
Q9UBN4,0.14
P08910,0.14
Q9BSN7,0.14
Q8N6Q8,0.14
Q9H2G4,0.14
O43915,0.14
Q5JS13,0.14
Q02763,0.14
Q9NUX5,0.14
Q5MJ08,0.14
P10092,0.14
Q6AI39,0.14
Q8IYT2,0.139
Q96M83,0.139
O95704,0.139
Q9P0M2,0.139
Q96C03,0.139
Q9H9Y4,0.139
Q96HI0,0.139
Q9ULK2,0.139
O75610,0.139
Q96QI5,0.139
Q32NB8,0.139
Q9BXL6,0.139
J3KNX4,0.139
Q8N0Y2,0.139
A0A0J9YYD9,0.139
Q8TC56,0.139
Q8N531,0.139
P08048,0.138
Q96S21,0.138
Q9C093,0.138
Q9Y5Q3,0.138
Q9P2K2,0.138
Q16206,0.138
Q86SJ2,0.138
O60759,0.138
A6NKF2,0.138
Q9NX09,0.138
O43900,0.138
O60663,0.138
Q8NHX4,0.138
Q16828,0.138
Q9BZ71,0.138
Q9HBG7,0.137
O43167,0.137
Q6ZN57,0.137
Q86UW2,0.137
P51164,0.137
A0AAG2SYH1,0.137
Q9Y5N1,0.137
Q9H4W6,0.137
Q9H6Z9,0.137
A6NCS4,0.137
Q8NDV7,0.137
O00311,0.137
Q9BWK5,0.137
Q07973,0.137
Q10587,0.137
Q13349,0.137
Q9NYP3,0.137
Q96RY5,0.136
Q32MK0,0.136
P10075,0.136
Q8NDV3,0.136
P29017,0.136
Q96BT7,0.136
Q9BTP7,0.136
Q63HK3,0.136
Q3LI60,0.136
Q8TDC0,0.136
O75771,0.136
Q8N143,0.136
Q9ULL1,0.136
Q9P2S5,0.135
Q03936,0.135
K7ERJ3,0.135
Q9NWH2,0.135
Q99684,0.135
Q8NCM8,0.135
Q9HD67,0.135
Q9H1C3,0.135
O00258,0.135
P10914,0.135
Q8TB92,0.135
Q5SXM2,0.135
P45452,0.135
Q99626,0.135
Q96JN0,0.135
Q96KC2,0.135
A2RU30,0.135
Q9UHV7,0.135
A6NEQ2,0.135
Q13118,0.135
Q6UWH4,0.135
Q15329,0.135
P36508,0.135
Q9H5V7,0.134
Q86XN7,0.134
Q6ZNE5,0.134
Q8IZF3,0.134
Q6Q4G3,0.134
Q6PK81,0.134
Q9Y2I2,0.134
P43694,0.134
Q96E22,0.134
A8MYZ6,0.134
Q9Y5Z9,0.134
Q8TER0,0.134
Q99581,0.134
Q9UKT8,0.134
Q96L08,0.134
Q9Y651,0.134
A0A096LP39,0.134
Q86UT8,0.134
Q8IVJ1,0.134
Q8N5V2,0.134
Q96I45,0.133
Q2Y0W8,0.133
O94818,0.133
Q9UQC9,0.133
P0DJ07,0.133
Q8IUQ4,0.133
Q9UHC3,0.133
P21854,0.133
O00327,0.133
Q9UH73,0.133
P28335,0.133
O00744,0.133
Q9P2E5,0.133
Q9H2S5,0.133
Q96LT4,0.133
Q9NPG8,0.133
O15232,0.133
Q8N697,0.133
Q9H6L2,0.133
Q9NUA8,0.133
Q96H22,0.133
P01189,0.132
Q8IUH5,0.132
Q9NRM7,0.132
Q8N3H0,0.132
O60239,0.132
Q96F46,0.132
Q9P286,0.132
Q9BWC9,0.132
P20396,0.132
Q8N4Y2,0.132
Q6DCA0,0.132
Q8NBQ7,0.132
A4FU28,0.132
Q9BYV1,0.132
O43298,0.132
Q8IU80,0.132
P78367,0.132
Q9Y274,0.132
A0A087WXB8,0.132
P58505,0.132
Q9Y3B1,0.132
Q9Y6P5,0.132
A6NGN9,0.131
P81277,0.131
Q8IYU2,0.131
Q92545,0.131
Q8TDW4,0.131
O60481,0.131
Q96MM7,0.131
Q9Y5P3,0.131
P50222,0.131
Q96H72,0.131
Q9BZR8,0.131
Q6P9F5,0.131
Q8N6F1,0.131
O60303,0.131
H3BQB6,0.131
P43360,0.131
Q8N960,0.13
Q8NE63,0.13
P0C2W1,0.13
P55771,0.13
Q8NHB8,0.13
Q4KMG0,0.13
Q9C0C4,0.13
Q9NWR8,0.13
Q9P2W3,0.13
O15062,0.13
Q9NR81,0.13
P40879,0.13
Q96I27,0.13
Q9HAP2,0.13
Q6P3W2,0.13
Q8WVP5,0.13
Q8WWU7,0.13
O60487,0.13
Q96EP1,0.129
Q8NF99,0.129
Q9H4D0,0.129
Q96CW9,0.129
P42336,0.129
Q92959,0.129
Q14541,0.129
Q6ZU80,0.129
P35968,0.129
P51681,0.129
O60575,0.129
A8MVW0,0.129
O94907,0.128
Q7L8A9,0.128
J3QSS9,0.128
O75037,0.128
Q9BTX3,0.128
Q9ULC0,0.128
Q9UM21,0.128
Q16760,0.128
Q86X19,0.128
P01282,0.128
O00220,0.127
Q92786,0.127
P01236,0.127
Q16518,0.127
Q58EX7,0.127
Q96A54,0.127
Q8WXC6,0.127
O94989,0.127
F5H527,0.127
Q9Y574,0.127
P50539,0.127
O75820,0.127
O94844,0.127
Q8TBM7,0.127
Q8NDH6,0.127
Q9H920,0.127
Q8N9W5,0.127
Q9HCM9,0.127
P23759,0.127
Q8IYT8,0.127
Q9NPR9,0.127
Q6ZW76,0.126
Q86SG2,0.126
P58005,0.126
Q9UK39,0.126
Q9UMR7,0.126
O43541,0.126
A6NLU5,0.126
Q96QS3,0.126
O43508,0.126
A0A0A6YY99,0.126
Q8ND90,0.126
O00294,0.126
Q86SQ9,0.126
Q14517,0.126
Q96K12,0.126
F6S393,0.126
Q96RT7,0.126
Q8WXF8,0.126
O75841,0.126
Q9HCU4,0.126
O15552,0.125
Q9UKV0,0.125
Q8NE79,0.125
Q9NVW2,0.125
O00522,0.125
Q8TCT7,0.125
Q9NZ56,0.125
Q86WV5,0.125
P58872,0.125
B2RXF5,0.125
E9PSA9,0.125
P46092,0.125
Q9UJT1,0.125
Q9C0A0,0.125
Q92887,0.125
P41279,0.124
Q9BZW2,0.124
Q13029,0.124
Q9Y2U9,0.124
Q8WVP7,0.124
Q13461,0.124
P34969,0.124
P50591,0.124
A8MTL9,0.124
O15040,0.124
P43115,0.124
Q9BYG4,0.124
Q8TDM0,0.124
J3KTA2,0.124
Q9UG01,0.124
Q8NDL9,0.124
Q86UW8,0.124
O15018,0.124
Q8N4N3,0.123
Q17R98,0.123
Q05BQ5,0.123
Q7Z7G8,0.123
Q13129,0.123
Q9Y234,0.123
O15503,0.123
Q99572,0.123
Q9ULN7,0.123
Q7Z2D5,0.123
Q6UWS5,0.123
Q9NQ60,0.123
P05113,0.123
Q9BSA4,0.123
Q8NCY6,0.123
A0A087WUF9,0.122
Q9H6R6,0.122
O75751,0.122
O75899,0.122
Q8IVF5,0.122
Q9BQ50,0.122
Q8N8V4,0.122
Q496Y0,0.122
Q96K80,0.122
Q8N3L3,0.122
Q9BX70,0.122
S4R325,0.122
Q8WX77,0.122
O15055,0.122
Q6NSJ5,0.121
Q0VG06,0.121
Q6ZR08,0.121
Q9BUX1,0.121
P58549,0.121
Q8TDV2,0.121
Q9P2K6,0.121
Q9NVV2,0.121
Q8N9Z2,0.121
Q86VZ4,0.121
Q8WYB5,0.121
Q49A88,0.121
Q969F2,0.121
Q96MT7,0.121
O95990,0.121
Q9UIK5,0.121
O95971,0.121
O15245,0.121
Q8N755,0.121
P46721,0.121
Q8IW75,0.121
Q9BT92,0.121
Q13275,0.121
Q9P0W8,0.12
Q9Y6W8,0.12
O14986,0.12
Q8IX94,0.12
Q504T8,0.12
Q9Y261,0.12
P09629,0.12
Q8TB40,0.12
Q96QT4,0.12
Q9Y272,0.12
Q8NBL3,0.12
Q504U0,0.12
A0A0A6YYL0,0.119
Q9BSF8,0.119
Q8NFJ9,0.119
Q9BRN9,0.119
Q16825,0.119
Q9NRA2,0.119
Q9NPZ5,0.119
Q9Y4G2,0.119
P32971,0.119
P80098,0.119
A0A087WXT6,0.119
P36021,0.119
Q9P242,0.119
Q92630,0.119
P49638,0.119
Q9UBD9,0.119
Q2KJY2,0.118
Q5TEZ5,0.118
Q9H6A9,0.118
Q8TEL6,0.118
Q5BJH2,0.118
Q76NI1,0.118
P0DTE5,0.118
A0AVK6,0.118
Q9ULM6,0.118
E7ET48,0.118
Q13105,0.118
Q86VR7,0.118
Q15911,0.117
Q8N8Q9,0.117
Q9BZZ2,0.117
Q9BYP7,0.117
Q8N6S4,0.117
Q9HAR2,0.117
Q9H2Z4,0.117
Q9UBU2,0.117
P32249,0.117
Q5HY92,0.117
Q9NPC7,0.117
Q92968,0.117
A6NI79,0.117
Q96LW9,0.117
Q86YJ6,0.116
O00253,0.116
Q8TEU8,0.116
Q96DP5,0.116
O14649,0.116
Q9BYH1,0.116
Q8IY92,0.116
O75310,0.116
A6NKF7,0.116
Q8TAQ9,0.116
Q9NXR5,0.116
P0CG41,0.116
P35348,0.116
Q8TAK5,0.116
Q9P2S2,0.116
Q9UBT6,0.116
Q9NYJ7,0.116
Q96BF6,0.116
Q9Y2Y9,0.116
Q96GF1,0.116
O00141,0.116
A0A0A0MSS3,0.116
Q6UX15,0.115
Q9NWM0,0.115
Q9NZH6,0.115
P49765,0.115
A0A096LP01,0.115
Q9UDW3,0.115
Q8TDX5,0.115
Q96LA6,0.115
P48066,0.115
P59282,0.115
Q9Y6M0,0.115
Q9UK08,0.115
Q8N350,0.115
Q7Z6W7,0.115
Q8TD31,0.115
Q9HB96,0.115
Q08AH1,0.115
Q8N9L9,0.115
Q9H0C5,0.115
Q5TCX8,0.115
A0A1W2PR95,0.115
Q9Y3C5,0.114
P78325,0.114
Q9UJ04,0.114
Q4U2R8,0.114
P14138,0.114
Q2M3V2,0.114
Q6T4P5,0.114
Q6P7N7,0.114
O95255,0.114
O75952,0.114
Q96GJ1,0.114
Q66K64,0.114
Q2YD98,0.114
Q30201,0.114
Q7Z3G6,0.114
Q6XUX3,0.114
Q2I0M4,0.114
A0A0A0MRM2,0.113
Q8N8L6,0.113
Q9BZL3,0.113
P56178,0.113
Q8NDZ2,0.113
Q8N448,0.113
P01350,0.113
B4DH59,0.113
Q6ZW13,0.113
P08034,0.113
P0C5Y4,0.113
Q9UHK0,0.113
Q8WV44,0.113
A0PJW8,0.113
Q5T764,0.113
Q9UBL0,0.113
Q9Y5X0,0.113
Q562F6,0.113
Q9NXZ1,0.113
Q6UWV6,0.112
P36896,0.112
Q53HC5,0.112
Q9UMW8,0.112
A0A1B0GWI5,0.112
Q6PIL6,0.112
Q9UPM6,0.112
Q9NV66,0.112
Q53EL9,0.112
Q6MZZ7,0.112
P59551,0.112
Q8IX05,0.112
O14863,0.112
Q8TDS4,0.112
Q6DN14,0.112
Q96SZ4,0.112
I3L1J3,0.112
Q9NWD9,0.112
Q8NC06,0.112
Q8IWY4,0.112
Q8IYM1,0.112
Q9NWF9,0.112
Q58DX5,0.112
Q9UHJ3,0.112
Q9H0I9,0.111
O60676,0.111
Q8N6I4,0.111
P17509,0.111
Q14410,0.111
Q6UWF9,0.111
Q8IUA7,0.111
Q8NA92,0.111
A2RRD8,0.111
Q6UDR6,0.111
A0A087WSW2,0.111
Q6P4D5,0.111
P22557,0.111
Q8N371,0.111
O95498,0.111
P29274,0.111
Q3KNV8,0.111
Q8N8V2,0.11
O00292,0.11
A8K855,0.11
Q14667,0.11
O15151,0.11
Q6B0B8,0.11
P12034,0.11
Q86VI4,0.11
Q9H341,0.11
P04001,0.11
P0DN77,0.11
P0DN78,0.11
P04000,0.11
A0A087WX63,0.11
Q9UGB7,0.11
Q96DX7,0.11
Q8NI51,0.11
O96018,0.11
Q13467,0.11
O95278,0.11
O75628,0.109
P29033,0.109
B0FP48,0.109
E5RIL1,0.109
Q8NH53,0.109
Q99593,0.109
A6NP11,0.109
Q86UW6,0.109
Q5VV17,0.109
Q7Z624,0.109
Q9HBT7,0.109
Q8TBY0,0.109
Q8IYR2,0.109
Q7Z698,0.109
Q9UF02,0.109
Q9BXT6,0.109
O95214,0.109
Q8IV01,0.109
A6NGC4,0.109
Q70CQ1,0.109
Q7Z614,0.109
Q7Z7L9,0.109
P16066,0.109
O14598,0.109
O15370,0.109
Q14511,0.109
Q8N878,0.108
Q9H2E6,0.108
A0A0A0MQU6,0.108
Q6UXY1,0.108
Q8NGR4,0.108
O00206,0.108
Q96RT8,0.108
Q8NHY6,0.108
Q9H0H3,0.108
Q96LC7,0.108
Q8NCA9,0.108
Q68DQ2,0.108
Q9BZW7,0.108
Q9H2G9,0.108
Q53S58,0.108
Q96K83,0.108
Q9P0T4,0.108
O43255,0.108
Q8IVV8,0.108
O60896,0.108
A6NCS6,0.108
A0A1B0GVH7,0.108
Q03828,0.108
Q5VZ19,0.107
Q59H18,0.107
V9GXZ4,0.107
Q9H0X6,0.107
A8MXZ3,0.107
Q8N7J2,0.107
O43435,0.107
O60486,0.107
Q96AA8,0.107
Q6P5Z2,0.107
Q8NFW9,0.107
Q8IWY8,0.107
Q8TBJ5,0.107
O43679,0.107
Q9BR01,0.107
Q9NV23,0.107
A0A0D2X7Z3,0.107
Q5XKR9,0.107
Q9H6F2,0.107
Q2UY09,0.107
P0C7U1,0.106
Q5SVZ6,0.106
Q6UWF3,0.106
Q9H3M9,0.106
P78415,0.106
P15822,0.106
Q7L4P6,0.106
Q9NTX9,0.106
O60603,0.106
Q5VY09,0.106
O43861,0.106
A6NCL7,0.106
Q5SZD1,0.106
Q5U5Q3,0.106
Q9BRV3,0.106
Q5VVW2,0.106
O14788,0.106
P61647,0.106
H0YL38,0.106
Q0VAQ4,0.106
Q00604,0.106
Q8N4U5,0.105
O94850,0.105
O15409,0.105
Q9ULG1,0.105
Q8NC42,0.105
Q9NTK1,0.105
P98198,0.105
Q86V97,0.105
Q16790,0.105
Q7Z6G3,0.105
Q8NGN1,0.105
Q8NEN0,0.105
O43781,0.105
Q13224,0.105
M0QYG6,0.105
Q7Z7M9,0.105
Q8NEX6,0.105
Q6GMR7,0.105
P43356,0.105
Q68DK2,0.105
Q9H3T2,0.105
Q13402,0.105
A0A0X1KG74,0.104
O14827,0.104
Q9UGF5,0.104
Q8IWU2,0.104
Q8NA23,0.104
O00472,0.104
Q8NG48,0.104
Q9ULR5,0.104
Q13562,0.104
Q12891,0.104
H7C241,0.104
Q9C019,0.104
A0A087WWV3,0.104
Q8N6N6,0.104
Q8TC26,0.104
P51955,0.104
Q15777,0.104
Q96AV8,0.104
Q16533,0.104
P21583,0.104
Q96SC8,0.104
O43711,0.104
Q86YI8,0.104
Q96H96,0.104
P35557,0.104
Q96S65,0.104
Q9NWH7,0.104
Q15825,0.104
Q9UIG4,0.104
Q92502,0.104
O94813,0.104
Q9H972,0.103
P03971,0.103
O15481,0.103
Q86VV8,0.103
A6BM72,0.103
Q8IXM7,0.103
Q8IUR6,0.103
Q96L73,0.103
A6NKG5,0.103
Q9Y4I5,0.103
Q3MIS6,0.103
Q8TAY7,0.103
Q99489,0.103
Q9HAS3,0.103
Q8WU17,0.103
Q03989,0.103
A2A288,0.103
Q92915,0.103
O75051,0.103
Q99445,0.103
Q8N8L2,0.103
Q6MZQ0,0.103
J3KS52,0.103
Q96IT1,0.102
Q9NZR2,0.102
O95528,0.102
P51523,0.102
Q2T9K0,0.102
Q9C0D6,0.102
Q9H3C7,0.102
Q7LFX5,0.102
Q9NYQ3,0.102
Q5JXC2,0.102
Q9H228,0.102
Q5M7Z0,0.102
Q9BYV9,0.102
P84550,0.102
O15130,0.102
A6NCQ9,0.102
Q9BXU1,0.102
Q8NEE6,0.102
A5YM72,0.102
O14638,0.101
Q9Y6V0,0.101
Q9UKP6,0.101
Q8TBE7,0.101
Q6UWJ1,0.101
Q9BRJ9,0.101
Q52LR7,0.101
Q96N16,0.101
Q9UIF7,0.101
Q86WG5,0.101
Q8NEE8,0.101
Q6IC83,0.101
Q9UIL4,0.101
Q96MA1,0.101
Q9Y473,0.101
A6NFY7,0.101
Q8NAB2,0.101
Q9H6L5,0.101
Q8N5U6,0.101
O43296,0.101
J3KQ26,0.101
O15069,0.101
Q96AN5,0.101
Q9NWW9,0.1
Q8NH54,0.1
Q5I0X7,0.1
Q9H867,0.1
Q8WWN9,0.1
Q8IWT3,0.1
O14917,0.1
Q12796,0.1
Q9H9P5,0.1
Q9UQQ2,0.1
Q99102,0.1
E9PDY6,0.1
Q96LW4,0.1
P31629,0.1
Q6N043,0.1
P10966,0.1
Q8N456,0.1
A4D1U4,0.1
Q9NU53,0.1
Q96E40,0.1
P78423,0.1
Q5TCY1,0.1
Q6UWW8,0.1
P62068,0.1
Q12887,0.1
Q02846,0.1
P23942,0.1
Q8WW43,0.1
Q8TE99,0.1
P58753,0.1
Q96S06,0.1
Q9GZZ7,0.099
Q9BY12,0.099
Q4G1C9,0.099
Q16526,0.099
Q6UB98,0.099
O60269,0.099
Q7Z494,0.099
Q9Y3Y4,0.099
Q0VDD7,0.099
Q6P444,0.099
O75354,0.099
Q5SRI9,0.099
Q99259,0.099
P41220,0.099
Q96LY2,0.099
A6NEE1,0.099
P55316,0.099
Q7L0Q8,0.099
F2Z3N3,0.099
Q96L12,0.099
Q86UR1,0.099
Q6DN12,0.099
Q71RC9,0.098
Q6ZQR2,0.098
Q01113,0.098
Q9Y5U4,0.098
Q5T0J7,0.098
Q9UHQ7,0.098
Q99767,0.098
Q96DR4,0.098
Q3KRB8,0.098
P51530,0.098
Q8IVW1,0.098
Q5VTH2,0.098
O95158,0.098
Q86WH2,0.098
P55283,0.098
A0A0A0MS69,0.098
O75800,0.098
Q5TGL8,0.098
Q9H0I2,0.098
Q969D9,0.098
Q6ZVT6,0.098
O95416,0.098
Q9BWF2,0.098
Q8IUR5,0.098
Q658L1,0.098
Q9NQ30,0.098
F8W6M3,0.098
Q99932,0.098
B1AQP5,0.098
Q8IWZ6,0.098
Q96EN9,0.097
P23435,0.097
O94956,0.097
A6NJB7,0.097
A6NLJ0,0.097
A0A5F9ZHI8,0.097
Q4ADV7,0.097
Q8WV60,0.097
P12757,0.097
A0A087WXG3,0.097
Q8N7Q3,0.097
Q2NKX9,0.097
Q9NV64,0.097
Q8N3R3,0.097
Q9NYA4,0.097
Q08828,0.097
Q9NQZ6,0.097
Q9C0B7,0.097
P49639,0.097
Q8N614,0.097
Q8NG08,0.097
Q12767,0.096
Q7Z5U6,0.096
Q86Y25,0.096
Q2KHM9,0.096
Q5VTM2,0.096
Q0Z7S8,0.096
Q9Y6Q2,0.096
Q9UBV4,0.096
Q86Y97,0.096
Q9NRX3,0.096
Q12879,0.096
Q9Y4C5,0.096
Q9UM01,0.096
Q96T92,0.096
Q6AWC2,0.096
Q96BU1,0.096
P18848,0.096
B2RNN3,0.096
Q504Y0,0.096
Q9NV58,0.096
Q8WWG9,0.096
A1L190,0.096
A6NNY8,0.095
Q63HQ2,0.095
Q92966,0.095
P51817,0.095
Q8TCC7,0.095
Q8WV83,0.095
Q8N6Y2,0.095
Q70SY1,0.095
Q8ND94,0.095
O75570,0.095
Q8IW70,0.095
Q9NVA4,0.095
A0A9H4DBI9,0.095
Q14183,0.095
Q8N8F7,0.095
P57082,0.095
Q8NBV4,0.095
Q9UPV9,0.095
Q2M2H8,0.095
Q13009,0.095
O94761,0.095
P13349,0.095
Q8WWW8,0.095
Q8IW03,0.095
Q8WVH0,0.095
Q9ULV1,0.095
A0A087WTF0,0.095
Q8NHA4,0.095
Q969Q1,0.094
A6NJ69,0.094
Q9HAH1,0.094
Q29980,0.094
P45844,0.094
Q3MIX3,0.094
Q8IZQ8,0.094
Q6NT89,0.094
Q86XS8,0.094
A6NI15,0.094
Q99705,0.094
Q5D0E6,0.094
Q8WVZ9,0.094
A4D126,0.094
O43745,0.094
A5PLN7,0.094
Q9UJA9,0.094
Q9NYA1,0.094
Q14627,0.094
Q6Q0C1,0.094
Q9NQ35,0.093
Q9BXN2,0.093
A4D161,0.093
Q9H706,0.093
Q8TET4,0.093
P48551,0.093
Q9BQS6,0.093
O95258,0.093
Q9HAB3,0.093
Q8NC69,0.093
Q9H5U6,0.093
P10074,0.093
Q8WUG5,0.093
Q8TBK2,0.093
Q86YS3,0.093
Q96IS3,0.093
A0PJK1,0.093
Q14585,0.093
O95868,0.093
Q9NQX6,0.093
Q01101,0.093
P28324,0.093
Q6ZN54,0.093
Q9Y675,0.093
Q13061,0.093
Q99944,0.093
P58004,0.093
O14511,0.093
Q8WVS4,0.093
Q9UK80,0.093
Q5TA77,0.093
Q8NCI6,0.093
Q9HAC7,0.093
P59942,0.092
Q9Y5W7,0.092
P47881,0.092
A0AVI2,0.092
P50616,0.092
Q12772,0.092
Q9UKT4,0.092
Q5T011,0.092
P25116,0.092
Q49AM3,0.092
Q9BXX3,0.092
R4GNA2,0.092
Q99592,0.092
P33681,0.092
Q93097,0.092
P48357,0.092
Q9H5J8,0.092
P27352,0.092
Q8NH03,0.092
Q09019,0.092
Q99502,0.092
A0A0B4J1R9,0.092
Q96AQ1,0.092
Q14994,0.092
Q9NY59,0.092
O95925,0.092
Q6T4R5,0.092
A0A0U1RQD2,0.091
O15244,0.091
O95886,0.091
A8MYP8,0.091
O00716,0.091
Q96FL8,0.091
Q9Y6N9,0.091
A8MYA2,0.091
Q7RTU1,0.091
P08588,0.091
Q9BYV7,0.091
Q6QHF9,0.091
Q15116,0.091
Q93075,0.091
P08620,0.091
Q9GZN0,0.091
Q2VWP7,0.091
Q15619,0.091
P51460,0.091
Q15572,0.091
Q8TDV0,0.091
Q6UXI7,0.091
Q4ZJI4,0.091
Q14D04,0.091
Q15937,0.091
P57730,0.091
P13631,0.091
Q8N1G1,0.09
Q8IZQ1,0.09
Q6ZNG0,0.09
Q5TBA9,0.09
Q96BF3,0.09
A0A0A0MSC1,0.09
Q13609,0.09
O60336,0.09
Q13018,0.09
Q2M218,0.09
Q9H8X2,0.09
Q9Y2Y4,0.09
Q49A92,0.09
P81274,0.09
O60383,0.09
Q8N307,0.09
Q8IYK4,0.09
Q6L8H2,0.09
Q6N075,0.09
O95561,0.09
M0R2N6,0.09
Q9P0J6,0.09
Q8NGM9,0.09
Q8NGZ5,0.09
Q9UQF0,0.09
Q86V20,0.09
Q12947,0.089
Q96D09,0.089
Q16829,0.089
P31268,0.089
A0A804G9W2,0.089
Q2M1P5,0.089
Q16394,0.089
O43529,0.089
Q9UBI4,0.089
Q9UKJ0,0.089
Q5JRC9,0.089
O00526,0.089
Q96B21,0.089
Q9H1V8,0.089
Q9HAY2,0.089
Q9NPB6,0.089
Q9NPB3,0.089
O43526,0.089
O95198,0.089
Q8IWV1,0.089
Q9GZT5,0.089
Q99758,0.089
P01566,0.088
Q6IQ16,0.088
A0A087WV67,0.088
Q8NCT3,0.088
Q9BQI3,0.088
Q5T6X4,0.088
Q99741,0.088
Q9UM73,0.088
Q9HC10,0.088
P81133,0.088
Q5THK1,0.088
Q8IYA6,0.088
Q8WYQ9,0.088
Q8N0S6,0.088
Q8IWB6,0.088
Q13002,0.088
O76039,0.088
O95876,0.088
O60285,0.088
A7MCY6,0.088
Q03014,0.088
Q8TE96,0.088
Q8TC57,0.088
A1Z1Q3,0.088
P0DMW4,0.088
P0DMW5,0.088
Q9Y2N7,0.088
Q8N8E3,0.088
Q9P2H3,0.088
A7E2S9,0.088
P61129,0.087
Q8N443,0.087
P30954,0.087
A0PJZ3,0.087
Q6NSJ0,0.087
P51589,0.087
Q8WW35,0.087
Q9ULW6,0.087
Q6ZV89,0.087
Q8WTW4,0.087
Q7Z6J6,0.087
Q9UDY6,0.087
Q9UN70,0.087
P22888,0.087
Q6IMI6,0.087
Q8WWL2,0.087
Q6NUN7,0.087
Q5TD94,0.087
Q6ZS30,0.087
Q9ULJ1,0.087
Q5UAW9,0.087
Q9UBR4,0.087
Q9NZR4,0.087
A0A0A0MR37,0.087
Q86UZ6,0.087
Q8NG83,0.087
Q9H8K7,0.087
Q02224,0.087
A6NEL2,0.087
Q8IZ96,0.087
M0QX08,0.086
Q96MC6,0.086
P52954,0.086
Q9Y236,0.086
P32314,0.086
Q969Q6,0.086
O00421,0.086
O43511,0.086
O94889,0.086
Q9UK73,0.086
Q6UW60,0.086
O95847,0.086
A0A075B6F3,0.086
Q96PB7,0.086
Q99726,0.086
Q92902,0.086
Q9NZW4,0.086
Q4G0W2,0.086
Q15669,0.086
Q9BZV3,0.086
O75881,0.086
Q6IF99,0.086
Q9UF56,0.086
G9CGD6,0.086
P09529,0.086
Q8TAU3,0.086
P34981,0.086
Q9NP78,0.086
P53708,0.086
Q8N4T0,0.086
Q96DN6,0.086
Q96P53,0.085
A0A1B0GVZ9,0.085
Q969X2,0.085
P30542,0.085
Q075Z2,0.085
Q8IZ08,0.085
P59537,0.085
Q92624,0.085
A0A499FIY3,0.085
Q8NGI2,0.085
Q7RTS3,0.085
P51788,0.085
F5H8B4,0.085
Q16589,0.085
Q86XJ1,0.085
P61328,0.085
P05014,0.085
Q14CZ7,0.085
Q8N3C7,0.085
Q6NUN0,0.085
P54845,0.085
Q96IQ7,0.085
Q9NZS9,0.085
Q96LR2,0.085
P40313,0.085
Q96R27,0.085
A0A0A6YYJ0,0.085
Q8NA57,0.085
Q8IX30,0.085
P60568,0.085
Q9HBY8,0.085
Q9NR48,0.085
Q9BYQ7,0.085
O75038,0.085
Q9UIH9,0.084
P11229,0.084
P21452,0.084
Q8N3Y3,0.084
O60296,0.084
Q96FL9,0.084
Q9NXB9,0.084
O95477,0.084
Q8NGG5,0.084
Q58EX2,0.084
Q13882,0.084
Q9BT76,0.084
Q8IXJ9,0.084
Q8N7S2,0.084
Q6IQ20,0.084
Q5T700,0.084
Q9NR83,0.084
O94972,0.084
Q8WXK3,0.084
P21554,0.084
Q8N9F8,0.084
E9PEI2,0.084
Q13237,0.084
Q99500,0.084
P0DMS9,0.084
O76050,0.084
Q8N3X6,0.084
Q8N0W7,0.084
Q96F25,0.084
Q15699,0.084
O14948,0.084
Q9H6I2,0.084
Q5SZQ8,0.084
Q9BZS1,0.084
Q8TCT6,0.083
Q9Y576,0.083
Q96QF7,0.083
Q9HC62,0.083
Q9Y2Y6,0.083
Q9UHP7,0.083
Q96A46,0.083
O75317,0.083
A6NFH5,0.083
Q92748,0.083
Q9BZD2,0.083
P20382,0.083
Q9Y6F9,0.083
Q01094,0.083
Q8NG66,0.083
Q9NPB1,0.083
Q5T4F7,0.083
Q96KN4,0.083
Q8IYA8,0.083
Q9NRQ5,0.083
F5GXF0,0.083
Q8NH64,0.083
P52952,0.083
Q96P69,0.083
O75364,0.083
P51805,0.083
Q96S37,0.083
P10826,0.083
Q7LC44,0.083
Q5T481,0.083
Q5EBL2,0.083
O60290,0.082
Q14324,0.082
Q9Y286,0.082
Q9P0K9,0.082
A0A1B0GU29,0.082
Q9UJV8,0.082
Q12952,0.082
Q8ND07,0.082
Q8TDF5,0.082
Q8N8Q1,0.082
Q9H1K6,0.082
Q9BQT8,0.082
Q4G0N7,0.082
O95196,0.082
Q96I34,0.082
Q8NDW4,0.082
Q9Y3Q0,0.082
Q9Y284,0.082
P28698,0.082
Q86X52,0.082
Q8NC67,0.082
Q96K62,0.082
Q9NPP4,0.081
Q9NY72,0.081
Q96AH8,0.081
Q9UBU7,0.081
Q6UWI2,0.081
O00409,0.081
Q9UIG8,0.081
Q9NYW0,0.081
Q9H213,0.081
Q8WUU4,0.081
Q8NGP9,0.081
Q9BXJ1,0.081
Q9NQG7,0.081
Q96M20,0.081
Q9BU64,0.081
Q969V5,0.081
Q96M02,0.081
Q03933,0.081
Q9UKN5,0.081
O94986,0.081
Q9NYG5,0.081
Q86YV6,0.081
P43365,0.081
Q7Z5Q5,0.081
Q9H015,0.081
Q86UT5,0.081
Q8IYW4,0.081
Q9BRB3,0.081
P22001,0.081
P25063,0.081
Q9H1J7,0.081
O94941,0.081
Q9UJA2,0.081
Q96KP6,0.081
Q16612,0.08
Q92546,0.08
P16499,0.08
Q9ULC6,0.08
Q9H2A9,0.08
Q6UXB3,0.08
Q9H0I3,0.08
P58304,0.08
Q6UXP7,0.08
Q96Q07,0.08
Q92782,0.08
A0A804CCM0,0.08
B4DXR9,0.08
Q49AM1,0.08
Q6ICG8,0.08
Q8NFW5,0.08
F8WBI6,0.08
Q6T423,0.08
Q8IZV2,0.08
Q05DH4,0.08
Q6YBV0,0.08
Q9UPW8,0.08
Q9H0D2,0.08
Q8NGE1,0.08
Q9BZ19,0.08
Q8TF47,0.08
Q96RB7,0.08
Q16602,0.08
Q7LGC8,0.08
Q9BZM4,0.08
Q96M93,0.08
A1L3X0,0.08
A0A087WW63,0.08
Q9ULB5,0.079
Q6P2D0,0.079
Q9NYZ4,0.079
Q5SQQ9,0.079
Q2M2I3,0.079
Q5T601,0.079
Q86XK7,0.079
P31270,0.079
Q13064,0.079
Q9UKB5,0.079
Q8N8Y2,0.079
Q92837,0.079
Q8N6K7,0.079
Q6ZNG9,0.079
Q9UBC0,0.079
Q96M89,0.079
Q8TAT2,0.079
Q03692,0.079
Q9UBG7,0.079
Q9BY84,0.079
Q96JG8,0.079
Q8TAA1,0.079
Q5T7W7,0.079
Q86TL0,0.079
Q9BZ72,0.079
Q6ZN06,0.079
Q68D51,0.079
Q8N283,0.079
Q9H0C3,0.079
Q9NX52,0.079
P35713,0.079
Q8NAA4,0.079
A6NK89,0.079
Q9BV35,0.078
Q86VE3,0.078
Q5BIV9,0.078
Q8WWQ8,0.078
O15178,0.078
Q9NRI5,0.078
P23352,0.078
Q8NEY4,0.078
Q07326,0.078
Q5VWW1,0.078
P34130,0.078
Q9NZ94,0.078
Q9BVI0,0.078
Q9NYX4,0.078
Q5QGZ9,0.078
Q13946,0.078
Q92886,0.078
O43286,0.078
Q60I27,0.078
Q9BZM3,0.078
Q8NGT0,0.078
O15522,0.078
Q9H1Y3,0.078
Q96L03,0.078
Q8TDF6,0.078
P30989,0.077
Q9UFB7,0.077
Q9Y334,0.077
Q8N7X4,0.077
P12755,0.077
Q3MIN7,0.077
Q9UNW8,0.077
Q96KT7,0.077
A0A0A0MRQ7,0.077
Q13487,0.077
Q8NEM1,0.077
Q99453,0.077
Q99697,0.077
Q9BXA9,0.077
Q96J66,0.077
Q12829,0.077
Q9H5P4,0.077
Q9H3J6,0.077
Q15038,0.077
Q99624,0.077
P39900,0.077
Q96PQ0,0.077
Q5T2S8,0.077
Q6ZRP0,0.077
Q3B7J2,0.077
P33260,0.077
Q70CQ4,0.077
Q5T1R4,0.077
Q5TA12,0.077
Q4L235,0.077
Q6X4T0,0.077
Q96SN7,0.077
Q86UK0,0.076
Q96JX3,0.076
Q6NUT2,0.076
Q8IVY1,0.076
Q6ZNF0,0.076
Q8IYS0,0.076
Q5PT55,0.076
Q00056,0.076
Q9UJ90,0.076
Q1X8D7,0.076
O43462,0.076
Q16739,0.076
O95069,0.076
Q96MF6,0.076
Q7Z4J2,0.076
P35367,0.076
Q96A70,0.076
Q96MI6,0.076
Q3T906,0.076
Q96EW2,0.076
P48378,0.076
Q16676,0.076
Q9P2C4,0.076
O15078,0.076
Q6N021,0.076
Q8WZ55,0.076
Q8TF39,0.076
O75845,0.076
Q9P2M1,0.076
Q969G9,0.076
Q6ZWK6,0.076
O95279,0.076
Q6P9A2,0.076
Q96QH8,0.076
P0CJ79,0.075
Q6J272,0.075
O75462,0.075
Q14209,0.075
Q9UP38,0.075
O75031,0.075
P55040,0.075
Q5JTD7,0.075
O00398,0.075
Q9Y5E7,0.075
P40126,0.075
Q8WXI7,0.075
Q13489,0.075
Q9BXT2,0.075
E7ETH6,0.075
Q9NQ03,0.075
A0A8I5KWX0,0.075
Q9NYN1,0.075
Q9BXY8,0.075
Q8TCG5,0.075
J3KR69,0.075
Q96NG8,0.075
Q8NCU7,0.075
Q96PV7,0.075
A0A024R0Y4,0.075
H0YCG3,0.075
Q13203,0.075
P48023,0.075
Q9Y215,0.075
Q8IUB2,0.075
Q8NI77,0.075
O75474,0.075
A0A494BZU4,0.075
O95931,0.075
Q7Z418,0.075
O75093,0.075
Q99884,0.075
Q96P64,0.075
Q5JTZ5,0.075
I6L899,0.075
Q9Y6S9,0.075
Q9Y2M5,0.075
Q9UPU3,0.075
Q08493,0.074
Q8TC29,0.074
O43155,0.074
Q96ES6,0.074
Q86Z23,0.074
Q5JVL4,0.074
Q86V25,0.074
Q9BXI2,0.074
Q9BYH8,0.074
O95427,0.074
Q9H2S9,0.074
Q9NPC4,0.074
Q14207,0.074
Q5SQS8,0.074
O15480,0.074
Q96MN9,0.074
Q9C0K7,0.074
Q02363,0.074
Q9UIX4,0.074
Q14106,0.074
P18825,0.074
C9JLR9,0.074
Q9HCE0,0.074
Q6NUM6,0.074
P0CJ78,0.074
P17017,0.074
Q9NX94,0.074
P23109,0.074
O14931,0.074
Q8NCU4,0.074
P10911,0.074
Q96ID5,0.074
Q9UBS9,0.074
Q7Z7J9,0.074
O60683,0.074
P14652,0.074
Q8IZX4,0.074
P23677,0.074
Q3MIR4,0.074
Q7Z699,0.074
Q96SK3,0.074
A6NHQ4,0.074
Q3KP31,0.074
Q3KP66,0.073
Q15735,0.073
Q7Z5Y7,0.073
Q96DT0,0.073
Q8N808,0.073
P17097,0.073
Q8IZN3,0.073
Q13639,0.073
P29371,0.073
Q96CJ1,0.073
J3KNY7,0.073
Q9BX63,0.073
Q9H8E8,0.073
C9JDG7,0.073
Q53S48,0.073
Q8IVL0,0.073
O75078,0.073
Q9BVV2,0.073
Q5SZK8,0.073
A0A088AWK7,0.073
O00222,0.073
Q2WGJ6,0.073
Q5TB80,0.073
P20264,0.073
A0A5F9ZHF3,0.073
Q6ZWH5,0.073
C9J069,0.073
P51512,0.072
P57775,0.072
Q8NGX1,0.072
F5H0K0,0.072
Q8N468,0.072
Q86YJ7,0.072
A6NMK7,0.072
Q8NFN8,0.072
A0ACM8QB57,0.072
Q9ULI2,0.072
Q9BY64,0.072
Q9H1U9,0.072
Q92674,0.072
Q96QZ0,0.072
Q9Y5X9,0.072
O43548,0.072
Q7Z449,0.072
A0PK00,0.072
Q9BRP0,0.072
Q8NGT1,0.072
Q96IR2,0.072
Q9NS67,0.072
Q9BRC7,0.072
A8MV65,0.072
Q6UXX5,0.072
Q7L5A3,0.072
P30532,0.072
O76100,0.072
Q96NX5,0.072
P0C7U0,0.072
Q5VTH9,0.072
Q12967,0.072
P28472,0.072
Q8NDZ0,0.072
O76083,0.071
P56645,0.071
Q9NYF5,0.071
P55085,0.071
O14905,0.071
Q8NG75,0.071
Q5T752,0.071
Q9BSA9,0.071
P55286,0.071
A0A0A0MTT2,0.071
Q96JB8,0.071
Q99689,0.071
Q8N6V9,0.071
Q6UWD8,0.071
Q2LD37,0.071
A0A0B4J1T8,0.071
Q9ULH4,0.071
Q7Z3H4,0.071
Q8N4T4,0.071
O43593,0.071
Q5VVX9,0.071
A0A1W2PPI5,0.071
P35663,0.071
Q3B820,0.071
Q8TE49,0.071
E9PB28,0.071
Q8TD35,0.071
Q147U7,0.071
Q9UJG1,0.071
Q9H672,0.071
Q96A29,0.071
Q9BTF0,0.071
Q9NY43,0.071
Q9Y4A0,0.071
Q68D85,0.071
Q8N3J3,0.071
Q9HCS2,0.071
Q8IVP9,0.071
Q9UNP4,0.071
Q6UY11,0.071
O14815,0.071
Q9P2M4,0.07
P0C869,0.07
Q969V1,0.07
P00797,0.07
Q96SJ8,0.07
Q9NPH5,0.07
Q12852,0.07
Q717R9,0.07
O60729,0.07
Q15928,0.07
P48775,0.07
O14492,0.07
Q8IX19,0.07
Q6IMN6,0.07
Q96PN6,0.07
Q9HC77,0.07
P32297,0.07
Q6ZN16,0.07
O95800,0.07
P01563,0.07
Q8WUJ3,0.07
Q6IF82,0.07
Q4W5G0,0.07
Q8N9V2,0.07
Q14442,0.07
H3BV12,0.07
Q7Z7G2,0.07
Q8TF30,0.07
O15374,0.07
Q96K30,0.07
Q8NGB9,0.07
Q5VWP2,0.07
Q6NT55,0.07
O75074,0.07
Q9NSE2,0.07
Q96JJ6,0.07
Q9NS82,0.07
P04053,0.07
Q9H040,0.07
Q9Y2T1,0.07
Q5SZD4,0.07
A5D6W6,0.07
Q8WWQ2,0.069
Q9Y2A9,0.069
Q01534,0.069
Q5TAB7,0.069
A0A0A0MR11,0.069
Q9Y6L6,0.069
O75807,0.069
Q8IYE0,0.069
Q9Y2W7,0.069
Q6P995,0.069
O96014,0.069
Q5U5Z8,0.069
Q9Y694,0.069
Q7RTS1,0.069
P06307,0.069
P50391,0.069
P0DQD5,0.069
P14778,0.069
P17658,0.069
Q9BYG7,0.069
Q9Y663,0.069
Q6P1K1,0.069
Q86XR5,0.069
Q96B77,0.069
Q9UPM9,0.069
P52740,0.069
O75808,0.069
P17024,0.069
A0A0J9YXS1,0.069
Q9NS37,0.069
Q96P50,0.069
Q96JA1,0.069
Q8NGY2,0.069
Q8TBY8,0.069
Q9Y2H9,0.069
Q3SXM0,0.069
Q8TDD2,0.069
Q14674,0.069
Q9Y6Y9,0.069
Q9UKG4,0.069
Q8TBB0,0.069
Q9NS68,0.069
A0A6Q8NYF4,0.069
Q9NRR6,0.069
Q96SF7,0.069
Q3SY46,0.068
P51843,0.068
Q8IVU9,0.068
O14508,0.068
Q6ZN30,0.068
Q00973,0.068
P59541,0.068
Q9UKP3,0.068
Q6IQ26,0.068
Q99743,0.068
A0A494C1R9,0.068
Q494U1,0.068
O75602,0.068
Q02080,0.068
Q9BWX1,0.068
Q33E94,0.068
Q5T8A7,0.068
Q96QB1,0.068
Q13972,0.068
Q8N100,0.068
O95013,0.068
Q6IEY1,0.068
Q9NXL9,0.068
Q15573,0.068
O15499,0.068
Q8N7P1,0.068
Q537H7,0.068
Q92911,0.068
Q99250,0.068
Q8WZ19,0.068
Q96A44,0.068
Q15834,0.068
Q7Z7B7,0.068
Q8NG41,0.068
Q8WWF8,0.068
P11487,0.067
Q9NYF0,0.067
Q8NA69,0.067
Q9UHV2,0.067
Q8WXK4,0.067
P17342,0.067
Q8TAP6,0.067
P78363,0.067
Q9UH77,0.067
Q15784,0.067
Q1L6U9,0.067
Q01538,0.067
Q9Y644,0.067
P28356,0.067
Q9UGQ3,0.067
P47902,0.067
Q9UJN7,0.067
Q6PII5,0.067
Q5VZ46,0.067
Q96MG2,0.067
Q9Y5R4,0.067
Q86V59,0.067
P0DTE4,0.067
A0A140T9Z0,0.067
Q96A25,0.067
H3BP45,0.067
Q9HCI5,0.067
Q99608,0.067
A0A0C4DH65,0.067
Q96QE3,0.067
Q9ULD5,0.067
O00444,0.067
O15455,0.067
Q96LR4,0.067
Q8IYX4,0.067
Q58F21,0.067
A0A8I5QEB2,0.067
Q6UWM5,0.067
O95922,0.066
Q68BL7,0.066
P13232,0.066
K7EIK6,0.066
Q9NQM4,0.066
Q96CS4,0.066
A4FU01,0.066
Q5VYV7,0.066
Q9UMQ3,0.066
Q92570,0.066
Q96J65,0.066
Q96KK4,0.066
Q9BXF9,0.066
P0C862,0.066
Q8TDI8,0.066
Q9Y543,0.066
Q9BYW3,0.066
O95672,0.066
Q96MW7,0.066
P17022,0.066
Q8NGJ1,0.066
Q9NZV6,0.066
P01571,0.066
A8MXV6,0.066
Q68G74,0.066
Q8WZ59,0.066
A6NNM8,0.066
Q86XF7,0.066
Q9H609,0.066
Q6P387,0.066
B7Z6K7,0.066
Q9C0E4,0.066
Q96SQ5,0.066
Q9NR55,0.066
Q5HY98,0.066
Q8IYD2,0.066
Q96M60,0.066
Q92186,0.066
Q5HYK9,0.066
Q8IZF6,0.065
Q8IUW3,0.065
P15863,0.065
Q8N9B8,0.065
Q8TBB1,0.065
P0C0P6,0.065
Q9UP65,0.065
P14210,0.065
Q9NP91,0.065
Q8TCQ1,0.065
P48742,0.065
P30518,0.065
Q9BY27,0.065
Q9UHA7,0.065
Q9NUJ7,0.065
O95096,0.065
Q8N139,0.065
Q7Z340,0.065
Q86UV6,0.065
Q9HCM1,0.065
Q8IYN0,0.065
P31645,0.065
A0A9S7N7Z0,0.065
Q96RK4,0.065
Q86XT9,0.065
Q8WVB3,0.065
I3NI25,0.065
Q86V24,0.065
Q8IZL2,0.065
P48067,0.065
Q96DZ5,0.065
Q8IZD9,0.065
P83369,0.065
Q3LI76,0.065
Q86TE4,0.065
Q8TED4,0.065
Q92904,0.065
P50458,0.065
Q9BZC1,0.065
Q8WXG1,0.065
Q75N90,0.064
Q13873,0.064
Q86XE3,0.064
P59533,0.064
Q96CN5,0.064
Q86WZ6,0.064
Q6ZMJ4,0.064
Q8N2Y8,0.064
P49703,0.064
Q0P6D2,0.064
Q12889,0.064
J3KNC5,0.064
Q9NRM1,0.064
Q8NFZ4,0.064
Q6P9G9,0.064
P22301,0.064
P23975,0.064
Q96PX1,0.064
Q6IQ32,0.064
Q96NU1,0.064
Q6ZNR0,0.064
Q96J94,0.064
O95389,0.064
P0C5Y9,0.064
Q8NB91,0.064
P01569,0.064
A0AAA9WZE8,0.064
P0DPB3,0.064
Q86SU0,0.064
Q86UV7,0.064
Q4G0M1,0.064
Q6PP77,0.064
Q9UK05,0.064
Q8IV32,0.064
Q9BSE2,0.064
Q08ER8,0.064
B3KU38,0.064
Q8NGL3,0.064
A6NIX2,0.064
Q8NHY3,0.064
Q9GZM6,0.064
Q2M3W8,0.064
Q9Y5Z0,0.064
Q9UKU6,0.064
Q68DA7,0.064
Q5MY95,0.064
Q9HCC8,0.064
Q9NQ69,0.063
E5RFY4,0.063
Q9H3R0,0.063
Q86VZ6,0.063
A6NIR3,0.063
Q5T848,0.063
Q8NGY6,0.063
Q9NU02,0.063
Q7Z7B0,0.063
P14867,0.063
P17020,0.063
Q8NGF6,0.063
P13866,0.063
Q69YU3,0.063
A0A0A0MQW6,0.063
Q9BWX5,0.063
Q5SWA1,0.063
Q8NEQ5,0.063
Q93038,0.063
Q5VIY5,0.063
A6NFS0,0.063
Q7L3S4,0.063
Q96KR7,0.063
Q8NG50,0.063
Q9BUG6,0.063
Q9NP08,0.063
P56179,0.063
Q6AZZ1,0.063
Q14593,0.063
Q9H1B5,0.063
Q9ULC8,0.063
E9PIL2,0.063
Q9Y4A8,0.063
Q15697,0.063
Q16572,0.063
Q13886,0.063
P0C5Z0,0.063
Q8N715,0.063
A6NCC3,0.063
Q7L2R6,0.063
P78414,0.063
Q13324,0.063
Q96GR2,0.063
Q96JP0,0.063
Q9GZU1,0.063
I3L0B8,0.063
Q7Z403,0.063
Q5DX21,0.063
Q9BQS2,0.063
A0A7N4I390,0.063
Q7RTR2,0.063
Q14831,0.063
Q9Y519,0.063
Q9NZJ5,0.062
Q9NYB5,0.062
O60674,0.062
X6R4H8,0.062
Q969W0,0.062
Q5R3F8,0.062
Q6BAA4,0.062
Q9UHM6,0.062
P48751,0.062
Q9HC23,0.062
Q15835,0.062
Q96A09,0.062
Q5VSG8,0.062
O15266,0.062
Q9Y6A1,0.062
Q96DN2,0.062
Q7L0X2,0.062
Q9BZJ6,0.062
Q92802,0.062
P51813,0.062
Q8WY41,0.062
P43005,0.062
H3BS01,0.062
Q8N0W4,0.062
Q9UPZ6,0.062
M0R2Z0,0.062
Q9HCG1,0.062
O75132,0.062
P52945,0.062
Q8TDW5,0.062
Q6TCH4,0.062
Q9NY64,0.062
Q99999,0.062
Q49AG3,0.062
Q8TEJ3,0.062
D6W5U7,0.062
Q8WXI2,0.062
E7ERR3,0.062
Q9NPA1,0.062
Q9Y6L7,0.062
Q8IV13,0.062
Q8NCV1,0.061
O14944,0.061
P22003,0.061
Q99550,0.061
Q3ZCT1,0.061
Q08AN1,0.061
Q7Z5V6,0.061
A0A087WTA3,0.061
A8MQT2,0.061
A7E2F4,0.061
Q9NST1,0.061
P56817,0.061
A0A096LNH4,0.061
Q6P9F0,0.061
A5D8V7,0.061
Q6PKC3,0.061
Q7M4L6,0.061
Q58HT5,0.061
Q9Y561,0.061
B7ZBB8,0.061
Q75T13,0.061
Q8TCU4,0.061
P0DI80,0.061
Q9UBZ4,0.061
P56704,0.061
Q86WK6,0.061
Q5TB30,0.061
P10997,0.061
Q9C0F3,0.061
P53539,0.061
Q4G0S4,0.061
A6NNN8,0.061
P55089,0.061
Q5SVS4,0.061
Q9UKY0,0.061
Q9Y222,0.061
Q9NYW8,0.061
A0AVI4,0.061
Q53SZ7,0.061
Q96PQ1,0.061
Q6L8G5,0.061
J3KTH2,0.061
Q96HQ0,0.061
Q569H4,0.061
Q15319,0.06
Q9BUV0,0.06
Q6ZS86,0.06
Q6UXB0,0.06
P33402,0.06
Q7Z410,0.06
O76036,0.06
A0A0A0MQZ0,0.06
Q7Z7K2,0.06
Q15768,0.06
Q86VD1,0.06
Q8N6M8,0.06
Q96GD3,0.06
Q5H9T9,0.06
Q9H2X6,0.06
Q149N8,0.06
Q16667,0.06
Q9NVC3,0.06
Q5QJ38,0.06
P16860,0.06
P41180,0.06
O00482,0.06
P43351,0.06
Q8TB73,0.06
Q5SW24,0.06
P05013,0.06
P52737,0.06
Q96P44,0.06
Q9GZN6,0.06
Q8TAM1,0.06
Q9UG22,0.06
P20813,0.06
A0A087WVD9,0.06
Q9Y5Y9,0.06
Q6ZN84,0.06
Q8IZJ3,0.06
A0A494C0S9,0.06
Q2M3M2,0.06
Q8NFD2,0.06
Q96R67,0.06
A1A4G5,0.06
P0CW24,0.06
Q7Z3Q1,0.06
P78508,0.06
O15015,0.059
Q86VG3,0.059
Q9HCN2,0.059
Q5T6F0,0.059
O75095,0.059
Q53GI3,0.059
A6NK06,0.059
O95622,0.059
O60229,0.059
Q6KF10,0.059
P51587,0.059
Q6ICB4,0.059
P15813,0.059
Q8IXZ2,0.059
Q96IU2,0.059
Q15468,0.059
Q16534,0.059
Q496F6,0.059
Q06432,0.059
O95867,0.059
A4D2P6,0.059
P56975,0.059
Q96KN9,0.059
Q6W3E5,0.059
P62324,0.059
Q9NXT0,0.059
P59535,0.059
Q7L0R7,0.059
Q8IYA7,0.059
Q96LR9,0.059
Q92618,0.059
Q13023,0.059
Q9HBX8,0.059
Q8NFU0,0.059
P10243,0.059
Q9ULW5,0.059
Q9P2U8,0.059
P56180,0.059
P13682,0.059
Q9H3Y0,0.059
Q86WI1,0.059
P04201,0.059
Q9UDV6,0.059
Q5TC79,0.059
Q8N1W2,0.059
Q8TF61,0.059
Q96NZ1,0.059
A0A096LNJ8,0.059
Q9H665,0.059
Q4AC94,0.059
O95631,0.059
A8K0R7,0.059
Q9HC56,0.058
Q4FZB7,0.058
Q8NDX2,0.058
Q96PE1,0.058
Q6PHW0,0.058
Q969E3,0.058
Q9Y2P0,0.058
Q8TD17,0.058
Q9Y3M9,0.058
Q00444,0.058
O95500,0.058
Q6PF15,0.058
Q9Y2E8,0.058
A8MSY1,0.058
Q9HBT6,0.058
Q96AC6,0.058
O60337,0.058
Q6PEY1,0.058
B5MBX8,0.058
Q14872,0.058
Q96T54,0.058
Q8WTR4,0.058
Q86Y13,0.058
P25101,0.058
A9QM74,0.058
Q9H1N7,0.058
Q96QA6,0.058
Q8N0Z2,0.058
Q9NPD5,0.058
P09017,0.058
Q6W0C5,0.058
P18507,0.058
Q9BV97,0.058
Q8WXT5,0.058
J3KQ40,0.058
Q5T7M4,0.058
Q8WWY6,0.058
Q9H756,0.058
Q6P4F1,0.058
Q9BYJ1,0.058
Q9UNI1,0.058
Q9UJT2,0.058
Q6P5W5,0.058
Q9Y271,0.058
Q9BY78,0.058
Q14832,0.058
Q6W5P4,0.058
Q96M94,0.057
Q75WM6,0.057
Q8TE23,0.057
Q9H1Q7,0.057
Q9UK00,0.057
Q9H079,0.057
Q496A3,0.057
Q6NXP2,0.057
Q14833,0.057
O95388,0.057
Q9Y6H3,0.057
Q9NPG2,0.057
A6NDD5,0.057
Q8TD07,0.057
P52736,0.057
A0A0A0MTH2,0.057
Q9H4T2,0.057
Q92914,0.057
A5LHX3,0.057
Q8NA70,0.057
P51793,0.057
Q9UJP4,0.057
Q8IXL9,0.057
Q6UXZ0,0.057
Q9NVF9,0.057
M0R082,0.057
P50549,0.057
Q8WXH5,0.057
O94892,0.057
Q8N9Z0,0.057
Q502W7,0.057
Q9BZJ8,0.057
Q9HCK0,0.057
A0A286YF67,0.057
Q8NGH7,0.057
Q8NER5,0.057
O75578,0.057
Q8TBB6,0.057
Q9UL49,0.057
Q8TCI5,0.057
Q16281,0.057
Q14584,0.057
Q13156,0.057
Q9BQA5,0.057
P46059,0.057
Q9Y2L8,0.057
Q86XI8,0.057
Q9HBJ7,0.057
Q9BXJ7,0.057
P50219,0.057
Q8TDS5,0.057
Q9BQI7,0.057
A0PJY2,0.056
P0DX53,0.056
A0A0G2JP48,0.056
Q8NG81,0.056
Q96M61,0.056
F8W1H4,0.056
A2A368,0.056
O15342,0.056
Q9UKT7,0.056
Q5SRR4,0.056
P17023,0.056
O60519,0.056
A0A087WVB3,0.056
Q5FWF5,0.056
Q96LK8,0.056
P31267,0.056
Q5M9Q1,0.056
Q8N4L1,0.056
O75467,0.056
Q8NEG0,0.056
Q8TEC5,0.056
Q17RP2,0.056
P04141,0.056
Q9NSG2,0.056
Q92729,0.056
Q9NSI5,0.056
Q9P272,0.056
Q8WZ71,0.056
Q96LU5,0.056
Q53QW1,0.056
P41231,0.056
F8W7R2,0.056
Q03923,0.056
A0A0A0MT67,0.056
Q92628,0.056
Q96MA6,0.056
Q96QS6,0.056
Q9Y615,0.056
Q9H720,0.056
Q8IZC7,0.056
Q6UXC1,0.056
O43614,0.056
Q92949,0.056
Q8N972,0.056
Q7L8S5,0.056
A0A2R8Y739,0.056
Q69YG0,0.056
P57078,0.056
O60422,0.056
P10072,0.056
Q701N2,0.056
P32302,0.056
P51959,0.056
P20393,0.056
Q5VZI3,0.056
Q8NG92,0.056
Q9NP56,0.056
Q3SYB3,0.056
Q9H9S5,0.056
Q9UBD3,0.055
Q9NZ42,0.055
P57054,0.055
P52848,0.055
Q9NXZ2,0.055
Q86VQ0,0.055
A6NN14,0.055
P24903,0.055
Q53FE4,0.055
Q8N428,0.055
Q8IV03,0.055
Q6UXE8,0.055
Q9H251,0.055
O14627,0.055
A2A2Z9,0.055
Q8TD10,0.055
Q09470,0.055
Q96JY0,0.055
Q9HBW9,0.055
F5H4X8,0.055
A6H8Y1,0.055
A0A2R8Y4E6,0.055
Q6P499,0.055
Q9NRP7,0.055
Q9UHH9,0.055
J3KQR4,0.055
Q8TDN2,0.055
A6NKL6,0.055
Q2M3X9,0.055
Q96L94,0.055
Q9BZ81,0.055
Q9BXA7,0.055
P35913,0.055
Q86Y38,0.055
P17035,0.055
P78424,0.055
A7XYQ1,0.055
Q5JSS6,0.055
Q8N608,0.055
Q9UQ52,0.055
P26718,0.055
Q9H0A6,0.055
P01568,0.055
O60503,0.055
Q86YL7,0.055
Q5SZL2,0.055
Q9BQD7,0.055
O75973,0.055
Q5T3U5,0.055
Q9BT88,0.055
A8MTQ0,0.055
Q8TE12,0.054
Q6PCD5,0.054
Q68CR7,0.054
Q9BXT8,0.054
Q5R3K3,0.054
Q6AZW8,0.054
O95206,0.054
Q8NGE5,0.054
Q6MZW2,0.054
A0A494C100,0.054
A0A2R8Y471,0.054
Q9BZY9,0.054
Q5HYR2,0.054
Q5VV16,0.054
Q96PP4,0.054
Q5TID7,0.054
Q5T1B0,0.054
Q6JVE6,0.054
Q9NYA3,0.054
Q9Y2B2,0.054
Q8NGG0,0.054
Q8NH87,0.054
A0A087WYZ4,0.054
Q8N782,0.054
Q6PJP8,0.054
Q155Q3,0.054
Q7Z5N4,0.054
A0A8Z5A9P2,0.054
A6NM76,0.054
Q96JW4,0.054
Q16621,0.054
Q6Q6R5,0.054
Q8N7F7,0.054
Q8N0W5,0.054
Q5T2D3,0.054
Q7L945,0.054
Q9Y6H5,0.054
P22004,0.054
A6NKK0,0.054
Q5SVQ8,0.054
P20594,0.054
Q96QU6,0.054
Q15475,0.054
A6NGY3,0.054
Q9Y2F9,0.054
H7BYY4,0.054
Q5VXU1,0.054
Q8TBJ4,0.054
Q16348,0.054
O00591,0.054
P22083,0.054
Q9NXB0,0.053
Q9NPI0,0.053
A6NLC8,0.053
P32881,0.053
Q9H0W7,0.053
Q8NE31,0.053
Q9Y458,0.053
Q8N1B3,0.053
Q8IWL8,0.053
Q96I13,0.053
P11150,0.053
Q8WW36,0.053
P60893,0.053
Q8N8K9,0.053
A0A087WTW5,0.053
Q9C099,0.053
Q9BTL4,0.053
O14529,0.053
Q9NY30,0.053
Q96RI9,0.053
Q5VV63,0.053
Q6UXN2,0.053
F8W7S1,0.053
Q969G2,0.053
Q8N9K5,0.053
P37231,0.053
P17019,0.053
Q99727,0.053
Q9NSA1,0.053
Q2M3C6,0.053
A2RUH7,0.053
Q13635,0.053
H3BTM5,0.053
Q6DN72,0.053
Q9H7R0,0.053
Q6AZY7,0.053
Q9UJA3,0.053
Q96MN2,0.053
P13378,0.053
A0A6Q8JUI0,0.053
Q9Y2C2,0.053
O75604,0.053
Q8TAL5,0.053
E7EQD3,0.053
Q8IX21,0.052
Q99676,0.052
P01583,0.052
P46089,0.052
O94933,0.052
A0A075B6H0,0.052
Q9Y577,0.052
Q9C0C6,0.052
Q7Z4K8,0.052
P51686,0.052
Q96NJ6,0.052
A8MXY4,0.052
Q96CK0,0.052
Q8N688,0.052
O43313,0.052
P36888,0.052
Q9C0I3,0.052
P52951,0.052
Q53T94,0.052
O60308,0.052
B2RV13,0.052
Q8N2G4,0.052
Q8IWZ5,0.052
Q969W8,0.052
Q8NEM0,0.052
A0A1W2PQL4,0.052
Q8N7N1,0.052
Q08050,0.052
O00548,0.052
Q7Z4N8,0.052
P78334,0.052
P09067,0.052
A0A0U1RQI7,0.052
P26371,0.052
Q5QJU3,0.052
Q9H221,0.052
Q96PN8,0.052
P55082,0.052
Q8IY45,0.052
Q9BTN0,0.052
O14628,0.052
Q6YI46,0.052
Q6ZMD2,0.052
A8K979,0.052
P35414,0.052
Q9Y252,0.052
Q9BQB4,0.052
Q86WT1,0.052
Q96JP9,0.052
Q7LBE3,0.052
Q9BZ11,0.052
Q16878,0.052
Q7Z6M2,0.052
Q9P2D6,0.052
P56696,0.052
P78348,0.052
Q86UE3,0.052
Q9NP62,0.052
P49685,0.052
Q8N6L7,0.052
A6NDK9,0.052
Q96JC4,0.052
Q8TDT2,0.052
F8VNR3,0.052
Q7Z4W2,0.052
Q5RL73,0.052
Q5T442,0.052
O95803,0.052
P17481,0.052
Q9HAK2,0.052
Q96M98,0.052
D6RAR5,0.052
A0A3B3ISF6,0.052
Q3LIE5,0.052
Q13956,0.051
Q494V2,0.051
Q8NDQ6,0.051
Q9BQN1,0.051
Q8IW52,0.051
A6NCM1,0.051
P08F94,0.051
P48547,0.051
P43364,0.051
Q96IZ5,0.051
Q8N9A8,0.051
Q8TF76,0.051
Q6ZWK4,0.051
Q8NA58,0.051
O60636,0.051
Q6ZSG2,0.051
Q9UKJ5,0.051
Q8IVE3,0.051
Q9UN76,0.051
Q8N5D6,0.051
E9PCX5,0.051
Q8NBT0,0.051
Q86YW9,0.051
Q8NGX5,0.051
A6NCL1,0.051
Q96SQ7,0.051
A4FU49,0.051
Q53H54,0.051
Q96LB4,0.051
Q9H898,0.051
Q6UXV0,0.051
Q9BUY7,0.051
P28223,0.051
P49767,0.051
Q8NFZ6,0.051
Q9UIG5,0.051
Q96CX3,0.051
A0AV02,0.051
Q9BZQ4,0.051
Q01118,0.051
Q86XJ0,0.051
Q86WA9,0.051
Q6UXM1,0.051
Q2M3C7,0.051
O14901,0.051
Q9Y2P7,0.051
Q9BSK4,0.051
Q569K6,0.051
Q6ZMY6,0.051
A6NI56,0.051
A0A590PWR5,0.051
Q9GZN4,0.051
Q15761,0.051
Q99801,0.051
Q86XW9,0.051
Q9UGI9,0.051
Q9NW38,0.051
Q9UDX3,0.051
Q2NL68,0.051
Q5SVJ3,0.051
Q969K4,0.051
Q6IWH7,0.05
Q5JX69,0.05
Q8NFP4,0.05
Q99788,0.05
Q9H2R5,0.05
Q96PQ7,0.05
Q8IV45,0.05
A6NJW9,0.05
Q6L8H4,0.05
Q9NZQ0,0.05
Q8N136,0.05
P21941,0.05
Q8WXI3,0.05
Q14246,0.05
Q8TDD5,0.05
Q5W186,0.05
Q68CP4,0.05
Q8NHS4,0.05
Q16671,0.05
O14862,0.05
Q6NSI8,0.05
Q9H4K1,0.05
A2RU49,0.05
Q96LT7,0.05
O75553,0.05
Q9NQW1,0.05
Q8IYM2,0.05
Q8TF32,0.05
Q9UL16,0.05
Q9BYJ4,0.05
Q9BYZ6,0.05
Q6ZV70,0.05
Q9BSE4,0.05
Q9BXJ3,0.05
Q9H159,0.05
J3KR52,0.05
A0A0A6YYJ9,0.05
Q16670,0.05
Q8N0U7,0.05
A0A0C4DG03,0.05
P29322,0.05
A0A087WWU0,0.05
O43304,0.05
Q99990,0.05
Q9H156,0.05
F8WA93,0.05
P0C263,0.05
Q86VZ5,0.05
Q96EF0,0.05
Q14154,0.05
O95342,0.05
Q969J2,0.05
Q96A61,0.05
P56748,0.05
A6NLX3,0.049
Q8TDX6,0.049
A0A087WVH9,0.049
Q6X4U4,0.049
Q96PJ5,0.049
P49238,0.049
Q499Z4,0.049
P14653,0.049
Q6ZS11,0.049
Q7Z3Z2,0.049
Q8NA42,0.049
O43246,0.049
Q6UWN0,0.049
Q8N427,0.049
Q8NH19,0.049
Q16873,0.049
Q4W5P6,0.049
A0A7E1QX52,0.049
O75161,0.049
Q9HCF6,0.049
O43612,0.049
Q9UPV0,0.049
F8WCM8,0.049
Q9Y6B2,0.049
Q9H841,0.049
Q8TCB7,0.049
Q8IVW8,0.049
Q86VK4,0.049
Q8NGN0,0.049
P34820,0.049
Q8NHS9,0.049
Q8NHC8,0.049
Q8NG77,0.049
Q9BZJ7,0.049
Q96KN8,0.049
Q6JVE9,0.049
Q9H306,0.049
P14679,0.049
Q96A47,0.049
A8MXT2,0.049
Q496M5,0.049
P08235,0.049
O00270,0.049
Q99748,0.049
P41238,0.049
Q9BQR3,0.049
Q9NTU4,0.049
Q8IU89,0.049
Q8WXR4,0.049
Q8IZF5,0.049
P07550,0.049
Q5T7B8,0.049
P35680,0.049
Q68CJ9,0.049
Q9BZR9,0.049
P37058,0.049
O75346,0.049
Q12809,0.048
Q96MR9,0.048
Q5FWF4,0.048
Q7Z5M5,0.048
Q8NHQ1,0.048
P35228,0.048
Q9Y5P2,0.048
Q8TAE7,0.048
P31512,0.048
Q9NQS5,0.048
O96001,0.048
P04629,0.048
Q8N801,0.048
Q02577,0.048
Q14586,0.048
Q9UI38,0.048
Q8IW93,0.048
Q7L8C5,0.048
O43187,0.048
A6NNW6,0.048
Q9H0Y0,0.048
Q9H903,0.048
Q9BW11,0.048
Q9Y5Q5,0.048
O75192,0.048
Q2M1K9,0.048
P47901,0.048
P35670,0.048
Q7L3V2,0.048
P10827,0.048
Q7RTY0,0.048
Q86YD5,0.048
P0C7Q6,0.048
Q8WXS4,0.048
Q9P2V4,0.048
P46597,0.048
Q9NY25,0.048
Q92953,0.048
Q96K75,0.048
Q96LZ2,0.048
P52798,0.048
P29475,0.048
Q8IXT2,0.048
P98153,0.048
Q8WZ84,0.048
Q5JRM2,0.048
Q96BH3,0.048
O94993,0.048
Q5H913,0.048
Q13698,0.048
Q9Y275,0.048
Q6PIV2,0.048
P56703,0.048
Q6IPT2,0.048
Q8TD94,0.048
Q96PD7,0.048
Q14993,0.048
P20807,0.048
Q6VB84,0.047
Q9H6J7,0.047
Q16515,0.047
O95711,0.047
Q96HP8,0.047
O14843,0.047
Q9BXU0,0.047
Q96PQ6,0.047
Q99466,0.047
Q6UXK5,0.047
Q14773,0.047
Q9UPC5,0.047
O43497,0.047
Q8N4E7,0.047
Q9UH90,0.047
Q86VE9,0.047
A6NL88,0.047
A0A0B4J2G0,0.047
O00238,0.047
Q8WV16,0.047
Q5SV97,0.047
Q9BY15,0.047
Q5VUE5,0.047
Q96JQ0,0.047
Q8IWU9,0.047
Q7Z5J8,0.047
Q7L5A8,0.047
Q9P2F9,0.047
Q86T82,0.047
P35523,0.047
P0CG33,0.047
P35125,0.047
Q8TDR2,0.047
P51811,0.047
O60895,0.047
O43680,0.047
P36383,0.047
Q9BXB1,0.047
Q05D60,0.047
Q9Y573,0.047
Q99966,0.047
P59827,0.047
Q5VXU9,0.047
Q8WV37,0.047
Q7Z2H8,0.047
B5MCP8,0.047
Q6DKI7,0.047
Q5H943,0.047
Q8NHC4,0.047
P13584,0.047
Q8N4M1,0.047
Q9H6X5,0.047
Q5VT97,0.047
Q9H2B4,0.047
Q9NZH7,0.047
P07510,0.047
J3KR25,0.047
P57738,0.047
O43763,0.047
A0A7I2PE23,0.047
Q8TBZ0,0.046
Q9BS31,0.046
Q8N165,0.046
Q8WV48,0.046
A6NHN0,0.046
P59510,0.046
Q8N3A8,0.046
Q8IW00,0.046
Q7Z5B4,0.046
Q5U4P2,0.046
O15033,0.046
Q8NAC3,0.046
Q8N485,0.046
Q6AW86,0.046
Q6ZRK6,0.046
Q6ZMN7,0.046
Q92813,0.046
Q8IVW4,0.046
Q9Y620,0.046
Q8NE28,0.046
O60393,0.046
Q9ULY5,0.046
O94983,0.046
Q9UN73,0.046
P20800,0.046
Q3KQV3,0.046
P14784,0.046
P57073,0.046
Q8TF50,0.046
P60153,0.046
Q8NFB2,0.046
Q6P5X5,0.046
O75072,0.046
Q9H222,0.046
P55851,0.046
P01567,0.046
Q9GZV3,0.046
Q6L8G8,0.046
A0A087X018,0.046
Q8TA94,0.046
Q12836,0.046
Q6UX82,0.046
Q7Z6K4,0.046
Q9BX26,0.046
Q96M95,0.046
Q99457,0.046
Q14654,0.046
O60858,0.046
Q6ZMV8,0.046
P57739,0.046
A6NM10,0.046
Q53TQ3,0.046
Q8WV15,0.046
Q5T686,0.046
Q9H237,0.046
P11245,0.046
Q6UX27,0.046
P52757,0.045
Q96KE9,0.045
A0A8C8KHP4,0.045
Q86YT9,0.045
Q08AI6,0.045
Q8IYL9,0.045
H3BSY2,0.045
O75916,0.045
Q96A83,0.045
O43315,0.045
Q5T1A1,0.045
Q8WYR4,0.045
P23945,0.045
Q6NTF7,0.045
P01579,0.045
Q9UGI0,0.045
Q8TE82,0.045
Q6ZMS4,0.045
Q8TDG4,0.045
A5PLL1,0.045
Q14028,0.045
Q8NH83,0.045
A4D0S4,0.045
Q9NQL9,0.045
Q9BUU2,0.045
Q8NEP3,0.045
Q05925,0.045
Q9P127,0.045
O94898,0.045
Q9UKZ4,0.045
A0A8Z5AZJ6,0.045
O95125,0.045
Q07699,0.045
Q8N8J6,0.045
P21145,0.045
Q9H8W5,0.045
O95263,0.045
Q8N130,0.045
P49146,0.045
O43557,0.045
Q9H2A3,0.045
P30304,0.045
Q8N660,0.045
Q86VY9,0.045
Q8NEK8,0.045
Q8NCT1,0.045
Q6NXP6,0.045
Q5T6C5,0.045
P51684,0.045
Q6P2I7,0.045
Q6UXK2,0.045
Q9HCL3,0.045
Q9NQA5,0.045
O75900,0.045
P32248,0.045
Q9H7F4,0.045
Q9BY10,0.045
P17030,0.045
Q7Z6R9,0.045
Q8N0U2,0.045
Q9BQI6,0.045
Q5W0B7,0.045
Q15620,0.044
Q96KC9,0.044
O95620,0.044
Q6ZN08,0.044
Q96T91,0.044
Q9H161,0.044
Q7Z7J5,0.044
P29275,0.044
Q15722,0.044
Q63HK5,0.044
Q9ULM2,0.044
P21453,0.044
Q9C091,0.044
Q6P9G0,0.044
Q9BXT4,0.044
Q13936,0.044
Q495M9,0.044
Q9H4Q3,0.044
S4R434,0.044
Q96CA5,0.044
Q8NGR3,0.044
H3BNW8,0.044
Q96PG2,0.044
Q8N119,0.044
P31314,0.044
Q6ZMV9,0.044
Q8TC59,0.044
Q86VI1,0.044
Q2QGD7,0.044
Q99929,0.044
P57727,0.044
Q6XPR3,0.044
O95231,0.044
Q9H0J4,0.044
P17181,0.044
P56177,0.044
O43934,0.044
Q2M2Z5,0.044
Q9NP99,0.044
Q6ZSS3,0.044
Q8WTR8,0.044
Q8N140,0.044
Q9H741,0.044
Q9NVE4,0.044
P43681,0.044
A0A087WV86,0.044
Q9HCT0,0.044
Q8TC99,0.044
A0A087WWS6,0.044
P0DN25,0.044
Q8WUT9,0.044
P22674,0.044
Q13285,0.044
O15259,0.044
F8VTS6,0.044
P08151,0.044
Q6UXU4,0.044
Q8N141,0.044
Q9H7M6,0.044
Q86YR7,0.044
P55075,0.044
Q9UN66,0.044
Q8N4S7,0.044
O94955,0.044
P0C5J1,0.044
Q9Y662,0.043
A0A0A0MRR6,0.043
Q6ZNA1,0.043
P28222,0.043
P28360,0.043
Q6PDB4,0.043
Q9UBN1,0.043
O75897,0.043
Q8NBT3,0.043
Q9BZP6,0.043
Q8HWS3,0.043
Q96KW2,0.043
Q6NXR0,0.043
Q15726,0.043
O14669,0.043
P35789,0.043
Q9UL41,0.043
Q13241,0.043
P17041,0.043
A6NH57,0.043
O15287,0.043
Q8IZT8,0.043
Q4KMG9,0.043
Q9Y4C4,0.043
Q14973,0.043
Q86TM3,0.043
A0AAG2SWV4,0.043
Q3SXZ3,0.043
Q75VX8,0.043
O60721,0.043
Q96MC2,0.043
Q96Q35,0.043
O15375,0.043
Q49AA0,0.043
Q8NA75,0.043
Q9BU70,0.043
P16519,0.043
Q0P6D6,0.043
Q8NGS9,0.043
Q96DT5,0.043
Q71RH2,0.043
Q86XP0,0.043
Q8IXX5,0.043
Q76KX8,0.043
Q9P212,0.043
P18089,0.043
Q8N987,0.043
Q5T0L3,0.043
Q03721,0.043
Q9UHF5,0.043
Q68DC2,0.043
Q9H649,0.043
Q8IXA5,0.043
P57055,0.043
Q96CM4,0.043
Q6NT32,0.043
Q5VV43,0.042
Q13585,0.042
Q8WWH4,0.042
Q8N336,0.042
O75603,0.042
P25021,0.042
Q9NS98,0.042
Q9H7X2,0.042
P98187,0.042
Q96MV8,0.042
Q96DD7,0.042
Q9NP86,0.042
Q8NCS7,0.042
Q8IU68,0.042
P36894,0.042
P0C024,0.042
Q9UL19,0.042
Q06495,0.042
Q14159,0.042
P0CW18,0.042
Q6ZP29,0.042
Q8WZA2,0.042
P34903,0.042
Q96BT1,0.042
Q9NRD9,0.042
Q969F8,0.042
Q96H40,0.042
Q8TBG4,0.042
Q14140,0.042
O75908,0.042
Q9NYW3,0.042
Q5JTC6,0.042
Q01453,0.042
Q5T9S5,0.042
Q9UKC9,0.042
Q99677,0.042
Q8NB50,0.042
Q6NSZ9,0.042
Q8N157,0.042
A0A1B0GVH6,0.042
Q9UBC7,0.042
B2RC85,0.042
P0C881,0.042
Q9ULK0,0.042
P11801,0.042
Q9NR16,0.042
Q15035,0.042
Q8N4P6,0.042
P13569,0.042
B2CW77,0.042
Q3LI73,0.042
P08700,0.042
Q86W10,0.042
P42702,0.042
Q96RK1,0.042
Q32M45,0.042
Q96FB5,0.042
O95221,0.042
Q14990,0.042
Q8N6M6,0.042
Q5H9L4,0.042
A8K5M9,0.042
Q8NGR6,0.042
Q9NPI8,0.042
C9JN71,0.042
A0A2R8Y4M4,0.042
Q15743,0.042
Q0VGE8,0.042
Q8NH48,0.042
A6NEQ0,0.042
Q8NEP7,0.042
Q8WTV1,0.042
Q6EMB2,0.042
Q4VNC0,0.042
Q9Y6I7,0.042
Q13478,0.042
Q9Y5H0,0.042
Q9H8G1,0.042
P48065,0.042
Q99712,0.042
Q9NRE2,0.041
Q6ZT98,0.041
Q7Z4P5,0.041
Q9P267,0.041
Q99946,0.041
Q8N2Q7,0.041
Q00532,0.041
A0A9S7JKS7,0.041
O75783,0.041
Q8TBF8,0.041
Q8NG97,0.041
Q7Z353,0.041
Q96QV1,0.041
J3KNE8,0.041
P35408,0.041
Q14C87,0.041
Q8NGF8,0.041
K7EIZ3,0.041
Q5TYW2,0.041
Q8WZ74,0.041
Q6IQ21,0.041
Q9Y2Q1,0.041
Q6UWN5,0.041
Q5H9S7,0.041
Q6ZRH7,0.041
P10323,0.041
Q9BWW8,0.041
A0A2R8YCV2,0.041
Q9BYD9,0.041
Q9P2F6,0.041
Q9Y5J3,0.041
P0C7P1,0.041
P0DJD3,0.041
A8MU93,0.041
O95977,0.041
P17039,0.041
P28329,0.041
P0CG40,0.041
A6NGE4,0.041
Q8N4W9,0.041
Q5VU65,0.041
Q9HB03,0.041
Q9BZE3,0.041
Q96FA3,0.041
O75581,0.041
O15553,0.041
Q9BZA7,0.041
Q8N5Q1,0.041
Q5XG99,0.041
Q9HBU1,0.041
P35346,0.041
Q9BUJ0,0.041
Q96N58,0.041
J3KQ21,0.041
Q70Z44,0.041
A8MQ27,0.041
Q8IX29,0.041
Q96AQ9,0.041
Q9HAT8,0.041
P81534,0.041
Q02386,0.041
Q9NNZ6,0.041
Q64LD2,0.041
Q08116,0.041
Q8NH16,0.041
Q15915,0.041
O15072,0.041
Q9H6D8,0.041
O96024,0.04
P0CB33,0.04
Q9BX82,0.04
Q6U7Q0,0.04
Q6P4H8,0.04
Q13519,0.04
Q9NXL2,0.04
Q92858,0.04
Q8NDG6,0.04
Q9Y5E4,0.04
Q96MF2,0.04
Q9BX69,0.04
Q8NGK3,0.04
O60733,0.04
Q8N587,0.04
P0DMB2,0.04
Q86WS4,0.04
O15524,0.04
Q99075,0.04
Q6ZVC0,0.04
Q8IZ63,0.04
A6NDE4,0.04
Q9UKF5,0.04
Q9NS66,0.04
O95995,0.04
Q6NT16,0.04
O14978,0.04
Q17RS7,0.04
Q6IE38,0.04
Q03938,0.04
K9J7H7,0.04
A0A087WXD1,0.04
A0A087WZ16,0.04
Q96N95,0.04
Q8WTP9,0.04
Q8IZM9,0.04
Q13255,0.04
Q14565,0.04
Q14590,0.04
O14595,0.04
Q8N2I2,0.04
Q8N3T6,0.04
P59826,0.04
A8MWY0,0.04
Q9Y2M0,0.04
A5PLK6,0.04
O60673,0.04
A6NFY4,0.04
Q17R55,0.04
P56851,0.04
Q96BM1,0.04
Q96LT6,0.04
P83859,0.04
B3KS81,0.04
Q9Y227,0.04
O75204,0.04
Q8NCW6,0.04
Q9BYE0,0.04
Q9BRR3,0.04
O00300,0.04
Q96PR1,0.04
Q8WU67,0.04
O14904,0.04
Q9P2G3,0.039
Q8TF20,0.039
Q7RTU4,0.039
Q96JF0,0.039
Q96LX8,0.039
Q96QC4,0.039
E7EVR1,0.039
Q15431,0.039
Q6GTS8,0.039
Q96HE8,0.039
Q9UQD0,0.039
Q96RP8,0.039
Q6ZU52,0.039
Q9C0B6,0.039
Q86WC6,0.039
Q96NN9,0.039
A0A0J9YX57,0.039
O75912,0.039
Q03924,0.039
P02708,0.039
P0C025,0.039
Q8TE58,0.039
Q496H8,0.039
Q13253,0.039
Q8NGL1,0.039
P43026,0.039
Q6ZVX9,0.039
Q8NGA1,0.039
Q8TAG6,0.039
Q8IYX0,0.039
O75969,0.039
Q8N1E2,0.039
Q12950,0.039
Q9H9P2,0.039
A6NHJ4,0.039
Q9ULE3,0.039
Q6PF05,0.039
Q6XR72,0.039
Q9HB89,0.039
Q8IUG5,0.039
Q9ULV8,0.039
P15621,0.039
Q6IPT4,0.039
Q9BZR6,0.039
Q8NBS3,0.039
Q9H4D5,0.039
P15622,0.039
Q6PJG9,0.039
Q8NE00,0.039
Q96JP2,0.039
Q96F05,0.039
Q86SH2,0.039
Q9BXS0,0.039
Q8N4G2,0.039
Q9H175,0.039
Q9Y238,0.039
Q96MT1,0.039
Q8TCU5,0.039
A0A0A0MQY7,0.039
Q15415,0.039
Q96KX1,0.039
Q04743,0.039
A1L453,0.039
Q9Y466,0.039
Q9Y226,0.039
Q8N365,0.039
A6NEC3,0.039
F2Z2I4,0.039
Q9NYK1,0.039
P51160,0.039
Q8IYP2,0.039
Q2NKJ3,0.039
A2RUB1,0.039
Q96EP9,0.039
Q8NET1,0.039
P51172,0.039
A0A0C4DFN2,0.039
Q5SYB0,0.038
Q7Z6M3,0.038
Q0P5P2,0.038
Q96I76,0.038
Q9Y4D2,0.038
Q8IUQ0,0.038
Q6ZWE6,0.038
Q14774,0.038
Q8N4P2,0.038
H3BQL2,0.038
A0A087WZQ2,0.038
Q15973,0.038
Q13516,0.038
Q8TCW9,0.038
Q9NWL6,0.038
Q13304,0.038
Q9P2Z0,0.038
Q6P5S7,0.038
Q9H0F5,0.038
Q6UWI4,0.038
Q4G0Z9,0.038
P0DPD5,0.038
Q9NZP2,0.038
O95754,0.038
Q7Z5W3,0.038
Q96DN5,0.038
Q86XI6,0.038
Q8N635,0.038
P18505,0.038
Q6ZRT6,0.038
Q4JDL3,0.038
O75840,0.038
Q8N7U6,0.038
A0A1W2PQ09,0.038
P78562,0.038
Q8N475,0.038
P30556,0.038
D3DNG8,0.038
Q5NUL3,0.038
O60883,0.038
O14682,0.038
A8MPX8,0.038
V9GYV3,0.038
Q9NS64,0.038
Q9HBI5,0.038
Q8N6U8,0.038
A6NGH8,0.038
Q93086,0.038
O15034,0.038
Q8N0X2,0.038
Q9NPA2,0.038
Q8N123,0.038
Q15878,0.038
Q9NRJ4,0.038
P31273,0.038
Q8IUZ0,0.038
Q8N2R8,0.038
A6NGT6,0.038
Q8NDP4,0.038
O60243,0.038
F8W7A7,0.038
Q9Y278,0.038
Q9NQR7,0.038
Q9NS39,0.038
Q6ZMW2,0.038
Q6UXY8,0.038
Q9Y5I4,0.038
A6NMD2,0.038
Q9UBJ2,0.038
P51582,0.038
Q56UN5,0.037
Q8TC84,0.037
Q5EE01,0.037
F8W8F9,0.037
Q2M385,0.037
Q14190,0.037
Q8IXQ9,0.037
Q8NGI6,0.037
Q9BPU9,0.037
Q6ZVN8,0.037
Q67FW5,0.037
Q8IYS4,0.037
Q9UP79,0.037
Q9NS62,0.037
Q8WY07,0.037
Q96NU0,0.037
Q9Y2G7,0.037
Q9UJJ7,0.037
A0A0A0MRD0,0.037
Q5T1N1,0.037
O00295,0.037
O75712,0.037
A0A1W2PRN6,0.037
Q9BXA6,0.037
Q5VWT5,0.037
Q6ZN44,0.037
Q8NAT2,0.037
Q9Y5W8,0.037
P41968,0.037
Q9BQ83,0.037
O43309,0.037
A1L157,0.037
Q5MNV8,0.037
Q9H0B3,0.037
Q92826,0.037
O95780,0.037
Q16600,0.037
Q6S9Z5,0.037
B1AKI9,0.037
A6NCJ1,0.037
A6NK44,0.037
Q8N690,0.037
Q96KR4,0.037
O14626,0.037
Q8WXQ8,0.037
Q8IV76,0.037
Q8NGT2,0.037
X6RAN8,0.037
Q8N7X2,0.037
Q9Y566,0.037
Q96RJ0,0.037
P30279,0.037
A6NCF5,0.037
Q96RI8,0.037
Q96R48,0.037
Q8NBB4,0.037
P0DKX0,0.037
Q9BZQ2,0.037
Q6Y2X3,0.037
Q8N344,0.037
O76082,0.037
P0CE71,0.037
H3BRN8,0.037
O15123,0.037
Q9UKL4,0.037
O43186,0.037
Q8IY50,0.037
O00624,0.037
Q6ZQN7,0.037
Q6ZUS5,0.037
Q9NQZ3,0.037
Q86YA3,0.037
Q96KN3,0.037
A6NJI9,0.037
A6NNF4,0.037
O43248,0.037
A8MUM7,0.037
Q9UJW8,0.036
P47972,0.036
Q9NYL5,0.036
Q8WTR2,0.036
A2ABC7,0.036
Q9NZP5,0.036
O60688,0.036
A2RUB6,0.036
Q8NFW1,0.036
Q8NFU7,0.036
Q9Y6C5,0.036
P21730,0.036
Q96LR7,0.036
Q6UWQ5,0.036
Q9BX84,0.036
Q9H777,0.036
Q8N1Q8,0.036
Q9C0G0,0.036
O43174,0.036
O60543,0.036
P17014,0.036
Q92834,0.036
Q9UGF7,0.036
Q86X40,0.036
Q8IY51,0.036
A0A0C4DFU5,0.036
O60479,0.036
Q8WUB2,0.036
Q9H8X9,0.036
Q9BQE6,0.036
Q9BRH9,0.036
Q8NI32,0.036
O00634,0.036
Q9P1Z3,0.036
Q8N2C3,0.036
Q8TDG2,0.036
A1A5B4,0.036
Q7Z4M0,0.036
Q15078,0.036
Q2WGN9,0.036
Q9Y5H4,0.036
K7EP39,0.036
Q9NUG4,0.036
Q96L50,0.036
Q8N8G2,0.036
Q9NYS7,0.036
Q460N3,0.036
Q16570,0.036
Q96IC2,0.036
Q8NDA2,0.036
Q9UJT9,0.036
Q7RTW8,0.036
Q8IYB9,0.036
Q5T089,0.036
Q9H2W2,0.036
Q4G112,0.036
Q8WY21,0.036
P16871,0.036
Q86VZ1,0.036
Q9H6Y5,0.036
Q5SYC1,0.036
Q6ZQW0,0.036
P48169,0.036
F8VNQ3,0.036
Q8IVM8,0.036
Q6ZUX3,0.036
Q9BQG1,0.036
P29965,0.036
Q6ZUB1,0.036
Q6ECI4,0.036
Q30KP9,0.036
P29460,0.036
Q15406,0.036
Q6R6M4,0.035
Q96PD4,0.035
Q8TBH0,0.035
P0C671,0.035
Q9H9S0,0.035
Q9NUZ1,0.035
P35638,0.035
Q8IUK8,0.035
A6PVS8,0.035
O75564,0.035
Q06732,0.035
Q9UBY5,0.035
Q8N145,0.035
A0A8J8ZI57,0.035
Q8IYL2,0.035
Q6QNK2,0.035
A2A3D8,0.035
Q9BS86,0.035
O95455,0.035
Q9NQ32,0.035
Q9Y253,0.035
Q6UY01,0.035
Q99675,0.035
Q9Y6F8,0.035
Q9UPP2,0.035
Q9BZX4,0.035
Q9NRJ7,0.035
O15303,0.035
Q5HYJ1,0.035
A6NP61,0.035
A8MT33,0.035
Q96C74,0.035
Q5JVG2,0.035
Q9HAY6,0.035
Q86XX4,0.035
Q13202,0.035
Q9BWT7,0.035
Q99612,0.035
P59910,0.035
P31371,0.035
P47900,0.035
A4FU69,0.035
Q5U623,0.035
Q6XE38,0.035
P0CF75,0.035
Q9Y4Z2,0.035
Q9H239,0.035
P37288,0.035
J9JID5,0.035
Q8NBD8,0.035
Q8NB14,0.035
Q3SY52,0.035
Q96MV1,0.035
O95947,0.035
P0C7Q5,0.035
Q8NDC4,0.035
Q6S5H5,0.035
Q9H4B4,0.035
Q12766,0.035
Q9NRM0,0.035
Q9H1X1,0.035
Q68CQ1,0.035
Q9HAT0,0.035
P51677,0.035
Q8TAZ6,0.035
Q9Y6Q6,0.035
Q8N158,0.035
Q9BQP9,0.035
Q86T75,0.035
Q3ZCX4,0.035
Q7Z5S9,0.035
Q9H426,0.035
Q8IYY4,0.035
Q96A28,0.035
Q86YW0,0.035
Q8TAQ5,0.035
A6NM28,0.034
Q9UNE0,0.034
Q9BZA8,0.034
O60542,0.034
P51801,0.034
Q8TF08,0.034
P34972,0.034
Q99678,0.034
Q8NGR1,0.034
Q8NGI4,0.034
Q9Y2I6,0.034
O14796,0.034
Q5W041,0.034
Q96JT2,0.034
P28562,0.034
Q8N6L0,0.034
Q6ZVD8,0.034
Q8NE22,0.034
Q9H3M0,0.034
Q15846,0.034
F5GWQ8,0.034
Q9NPI7,0.034
Q96FI4,0.034
Q9BS34,0.034
Q12918,0.034
O15403,0.034
P05015,0.034
Q8NFA2,0.034
Q86X45,0.034
Q9Y5L5,0.034
Q96D03,0.034
Q2M3R5,0.034
P43146,0.034
Q8IZP6,0.034
Q9P243,0.034
Q8N9W8,0.034
Q76MJ5,0.034
Q9UPX6,0.034
A0A087WU35,0.034
Q6PF04,0.034
Q16655,0.034
Q8IYF1,0.034
P10828,0.034
Q8NEJ0,0.034
Q9NZL3,0.034
Q969K7,0.034
Q8TB69,0.034
J3KPG0,0.034
Q8TAX0,0.034
P08912,0.034
Q9P2E2,0.034
O43559,0.034
Q5JVX7,0.034
A6NKW6,0.034
Q8NB42,0.034
Q6PIY5,0.034
Q5DID0,0.034
Q9ULW2,0.034
Q9P2W7,0.034
Q9HCK4,0.034
H7C5G6,0.034
Q9NR20,0.034
P35368,0.034
Q8TDY3,0.034
P57771,0.034
Q6P050,0.034
Q5TGS1,0.034
Q2WGJ9,0.034
Q9UKQ2,0.034
Q68DY9,0.034
O95271,0.034
O00254,0.034
O95813,0.034
Q96RE9,0.034
Q96DY7,0.034
A0AAG2SV82,0.034
Q13474,0.034
Q9H013,0.034
Q9H3Q3,0.034
P26951,0.034
P59534,0.033
G3V1S3,0.033
Q9GZY1,0.033
Q8N695,0.033
A7MBM2,0.033
Q9BWM5,0.033
P57077,0.033
A0A8V8SAS4,0.033
Q92753,0.033
Q1W6H9,0.033
Q6PF18,0.033
O95992,0.033
Q9H1D0,0.033
A0A1X7SBT1,0.033
P20783,0.033
Q969Y0,0.033
Q86YC3,0.033
Q8TCN5,0.033
Q0VAM2,0.033
P11309,0.033
O95256,0.033
Q96SR6,0.033
Q8WXS3,0.033
Q5H9E4,0.033
O60507,0.033
Q5VU92,0.033
Q5TF58,0.033
Q9Y5H9,0.033
A0A087WVT3,0.033
Q8N823,0.033
Q9Y468,0.033
P31269,0.033
Q14CZ0,0.033
Q7L985,0.033
O95718,0.033
A0A087X169,0.033
Q6ZN19,0.033
Q8NA61,0.033
Q9NPC8,0.033
A6NF36,0.033
Q9UHF4,0.033
Q9UHL3,0.033
O43236,0.033
A6NKB5,0.033
O14746,0.033
Q8IY85,0.033
A0A1B0GTE1,0.033
Q8WXH2,0.033
Q15772,0.033
F6R685,0.033
Q8NGS0,0.033
Q6P280,0.033
Q6E213,0.033
Q9HCK1,0.033
Q2T9L4,0.033
B4DU55,0.033
Q8N9L1,0.033
Q6P9A3,0.033
Q8IYV9,0.033
Q8TE76,0.033
Q8WVE7,0.033
P30550,0.033
Q6TFL4,0.033
A6NCN8,0.033
Q8N859,0.033
Q9HBW1,0.033
A8MTZ7,0.033
Q96DW6,0.033
Q9BZJ4,0.033
A0A1B0GVM5,0.033
Q8N7M2,0.033
A4D1T9,0.033
A6NDN3,0.033
Q9GZV8,0.033
O95076,0.033
A0A0U1RR11,0.033
P0DPI3,0.033
P10073,0.033
Q8NGQ4,0.033
Q6WRX3,0.033
P0CJ92,0.033
Q6ZU64,0.033
Q9HAV5,0.033
Q7Z5H5,0.033
Q6BDI9,0.033
Q6UX41,0.033
Q96CT2,0.033
Q15569,0.033
Q9UN74,0.033
P11926,0.033
Q8N6V4,0.033
Q1XH10,0.032
Q9H3Z7,0.032
Q9BS91,0.032
Q9H5Z6,0.032
Q96LW2,0.032
Q5XUX0,0.032
Q09FC8,0.032
Q3MJ13,0.032
P0CK96,0.032
Q2TBA0,0.032
O00321,0.032
Q96GE4,0.032
Q96MB7,0.032
Q68DY1,0.032
O95237,0.032
Q86Y33,0.032
P0DPD6,0.032
O14559,0.032
Q5T215,0.032
Q9NYW7,0.032
Q5VTL7,0.032
Q8NGG8,0.032
Q8N0V4,0.032
P05112,0.032
Q9H095,0.032
Q9NUC0,0.032
O95136,0.032
Q14184,0.032
P46095,0.032
Q8N4C7,0.032
Q8NET5,0.032
A0A8V8SD95,0.032
Q13705,0.032
Q8N9H9,0.032
Q8NDV2,0.032
Q9P2J9,0.032
Q8N8Q3,0.032
Q8NGY0,0.032
Q92737,0.032
Q9H3E2,0.032
P0C7I6,0.032
Q9HBE4,0.032
Q9UNK9,0.032
B4DX44,0.032
P09848,0.032
Q5TF39,0.032
Q969W1,0.032
Q9NRM6,0.032
O00155,0.032
P48549,0.032
O95661,0.032
Q9NRY7,0.032
Q16816,0.032
Q5VZ18,0.032
Q9UKA2,0.032
Q1HG44,0.032
Q8NEY3,0.032
Q86V42,0.032
A6NHG9,0.032
A6NH00,0.032
Q9H7Y0,0.032
Q86UP3,0.032
P58294,0.032
Q9BXU7,0.032
Q8TE60,0.032
Q9Y5F2,0.032
Q1W4C9,0.032
Q8N2A8,0.032
J3KNN1,0.032
Q96M32,0.032
Q969I6,0.032
Q5T5J6,0.032
A8MT65,0.032
Q7RTR8,0.031
Q86Y78,0.031
D6RF30,0.031
Q8WXI8,0.031
Q6NSW7,0.031
Q9H7T9,0.031
Q8WZ60,0.031
O15060,0.031
Q9BWW9,0.031
Q68D42,0.031
Q8IW40,0.031
Q9Y5P8,0.031
Q32M78,0.031
Q8WTU2,0.031
Q96EF9,0.031
Q8TE56,0.031
Q8IXN7,0.031
Q13003,0.031
Q9H2K2,0.031
A0A0A0MS77,0.031
Q6NX45,0.031
Q16821,0.031
Q8WYK1,0.031
Q96EX2,0.031
Q8IZ57,0.031
O14718,0.031
A6NFU8,0.031
Q7RTU5,0.031
Q9P2F5,0.031
Q96E35,0.031
J3KNY3,0.031
A0A499FJM0,0.031
Q8NI17,0.031
A8MVW5,0.031
Q9UQ07,0.031
Q4LEZ3,0.031
O75829,0.031
Q8NH49,0.031
Q9H4Y5,0.031
Q96EG3,0.031
Q8N4L8,0.031
E9PBQ7,0.031
Q6ZNC8,0.031
O95750,0.031
Q9H252,0.031
Q9C056,0.031
Q96PB1,0.031
Q9HBV2,0.031
Q32M84,0.031
Q68DI1,0.031
Q63ZE4,0.031
P51815,0.031
Q14264,0.031
P0DY56,0.031
P56730,0.031
Q8NGE3,0.031
Q8N8W4,0.031
Q5JY77,0.031
Q9H5Y7,0.031
A6NJI1,0.031
Q9NSC2,0.031
Q9NU39,0.031
Q96LA5,0.031
Q8NC26,0.031
Q05481,0.031
Q6ZS72,0.031
Q9Y239,0.031
Q8N205,0.031
Q69YZ2,0.031
Q8NGS1,0.031
P43626,0.031
Q6N022,0.031
Q9UJW9,0.031
Q5VXU3,0.031
Q86VS3,0.031
Q4G163,0.031
Q9GZR5,0.031
Q6UXG8,0.031
A8MUN0,0.03
Q14957,0.03
O95976,0.03
P43166,0.03
Q5TA31,0.03
A0A1X7SBW3,0.03
Q13520,0.03
Q3V5L5,0.03
Q9NYV9,0.03
Q9HAU8,0.03
Q9UC07,0.03
Q9UK17,0.03
Q8IYD8,0.03
Q9BY79,0.03
P29973,0.03
Q9NY99,0.03
P51828,0.03
Q16099,0.03
Q8IZM8,0.03
A6NDP7,0.03
Q7Z736,0.03
Q07869,0.03
O60347,0.03
Q8N292,0.03
P25103,0.03
Q9BQJ4,0.03
P49683,0.03
Q9HB29,0.03
Q86XT2,0.03
Q7Z388,0.03
Q6XYQ8,0.03
G5E9R7,0.03
Q8N998,0.03
Q6P3R8,0.03
Q8WTR7,0.03
O75373,0.03
Q9Y6Q3,0.03
Q96QD5,0.03
A0AAA9Y8Y6,0.03
Q8NGU9,0.03
A1L168,0.03
Q99645,0.03
Q5VU69,0.03
Q5JXX7,0.03
Q96G27,0.03
Q4G0U5,0.03
P0DKB6,0.03
A0A087WWZ6,0.03
Q9NYG8,0.03
Q14416,0.03
Q5VT03,0.03
Q3SXY7,0.03
O43916,0.03
Q6XYB7,0.03
Q2TAC6,0.03
P49019,0.03
Q14003,0.03
P41161,0.03
P49286,0.03
Q9H1R2,0.03
Q3MJ16,0.03
Q86VH2,0.03
O95944,0.03
Q5T6X5,0.03
Q5T5S1,0.03
Q5JUK9,0.03
O43820,0.03
Q70JA7,0.03
Q9BV87,0.03
Q16548,0.03
G3V2M4,0.03
Q0VDD8,0.03
Q969N4,0.03
Q96JL9,0.03
Q9BUY5,0.03
Q8TCT0,0.03
Q9NS40,0.03
Q8NBF1,0.03
Q9NPE6,0.03
P28358,0.03
Q8WWY7,0.03
Q8N2H9,0.03
Q16559,0.03
Q587J8,0.03
Q8N988,0.03
O76090,0.03
P12645,0.03
P32241,0.029
Q13702,0.029
A6PVL3,0.029
Q9P0L1,0.029
Q6NUJ1,0.029
P57057,0.029
O95393,0.029
Q9UKN1,0.029
Q9Y2C5,0.029
Q6ZR52,0.029
M0R296,0.029
Q3KR16,0.029
Q6UY27,0.029
P0DV75,0.029
P0DV76,0.029
P15172,0.029
A0A2R8Y747,0.029
Q8N3S3,0.029
Q9HCI6,0.029
Q9H2Y9,0.029
Q8NH85,0.029
Q9BYS8,0.029
Q96PI1,0.029
Q9UIR0,0.029
O14753,0.029
Q8NGC4,0.029
Q19AV6,0.029
Q9P1W9,0.029
A0A6Q8JR05,0.029
A0A087WUU8,0.029
Q8N9C0,0.029
Q86WB7,0.029
O95170,0.029
Q96MP5,0.029
A4D263,0.029
Q13607,0.029
Q9UPX0,0.029
Q86UP0,0.029
Q10981,0.029
H0YMD5,0.029
Q9HC96,0.029
O43448,0.029
Q8NEP9,0.029
Q9HBY0,0.029
Q6UW10,0.029
Q6UXU6,0.029
Q12951,0.029
P57796,0.029
P04798,0.029
Q9C098,0.029
A6NF83,0.029
Q8IUH2,0.029
Q8WW14,0.029
P23510,0.029
Q7RTX0,0.029
Q8WZ79,0.029
Q9UK12,0.029
Q96HH4,0.029
Q9ULZ9,0.029
Q96BN6,0.029
Q8N7R1,0.029
Q5CZA5,0.029
Q99965,0.029
Q6UXT9,0.029
P29074,0.029
Q6YFQ2,0.029
O75469,0.029
O60928,0.029
O60312,0.029
A0A8J9AZZ3,0.029
Q86XU0,0.029
P0CG23,0.029
P0C6C1,0.029
Q8TC94,0.028
Q9HBH7,0.028
A6NGB7,0.028
Q9UEF7,0.028
Q8N1V2,0.028
Q96G75,0.028
Q8NEA9,0.028
Q6RI45,0.028
Q8IUC6,0.028
Q8TBZ5,0.028
Q76N89,0.028
P62079,0.028
Q9Y586,0.028
O00476,0.028
Q8WTX9,0.028
Q5FYB1,0.028
Q50LG9,0.028
P0C7M8,0.028
J3KTN9,0.028
Q8TDI7,0.028
Q05996,0.028
O95267,0.028
Q9NWN3,0.028
Q96N22,0.028
Q3KNT9,0.028
O60359,0.028
Q96A11,0.028
Q86V86,0.028
Q15760,0.028
P62502,0.028
Q86TJ5,0.028
Q0P6H9,0.028
A0A2R8YEM9,0.028
P60323,0.028
Q9Y2D1,0.028
Q86V71,0.028
Q8IVL8,0.028
Q8IXH6,0.028
P28566,0.028
Q504Y2,0.028
A6NLX4,0.028
A6NLC5,0.028
Q9P2H5,0.028
Q8WW38,0.028
Q8TD23,0.028
Q8NGZ4,0.028
Q8NH90,0.028
Q6WRI0,0.028
A0A7P0N7C4,0.028
P49682,0.028
Q9BRQ5,0.028
P52738,0.028
Q8NFV5,0.028
Q8IZU9,0.028
A6NLU0,0.028
P0DPF3,0.028
A6NM45,0.028
Q9BZV2,0.028
Q9BXI9,0.028
Q9NPB9,0.028
Q3SX64,0.028
Q96QS1,0.028
Q8IZ26,0.028
A0A7I2R3P8,0.028
Q8N807,0.028
A6NM62,0.028
P78543,0.028
Q8N7P3,0.028
Q8NG95,0.028
A2RTY3,0.028
O75437,0.028
Q9ULX5,0.028
Q8N6D5,0.028
Q86YT5,0.028
A4D0V7,0.028
Q8IXY8,0.028
O15492,0.028
A0A087WWV9,0.028
Q6ZN32,0.028
Q92839,0.028
Q9P109,0.028
A6NK53,0.028
A8MW95,0.028
Q6ZNH5,0.028
A8MYU2,0.028
A6NK75,0.028
Q5TBK1,0.028
Q56A73,0.027
O14525,0.027
P24394,0.027
Q6P9F7,0.027
Q2M3T9,0.027
Q8N7E2,0.027
Q6ZWL3,0.027
Q8NGL4,0.027
Q04741,0.027
Q96PF1,0.027
Q2VWA4,0.027
Q8TES7,0.027
Q5TAH2,0.027
Q9H158,0.027
Q8TC90,0.027
Q9C0D7,0.027
Q9BXB7,0.027
A1A4V9,0.027
O14764,0.027
P48544,0.027
Q92519,0.027
Q8NA19,0.027
O60478,0.027
P33763,0.027
Q6UWV2,0.027
O60225,0.027
Q8N6D2,0.027
Q5T619,0.027
Q14563,0.027
P25800,0.027
Q9NX31,0.027
P04090,0.027
O95185,0.027
Q8IUA0,0.027
Q9UHD0,0.027
Q6ZMT4,0.027
Q9BVH7,0.027
P59045,0.027
Q8NF86,0.027
Q9NS85,0.027
O00237,0.027
P08922,0.027
Q96Q80,0.027
Q9Y5I1,0.027
A0A0A0MSW5,0.027
Q6PG37,0.027
Q6PL45,0.027
Q9GZX5,0.027
Q8NAP8,0.027
O75121,0.027
Q9H1C0,0.027
A0A1B0GV85,0.027
Q8N865,0.027
Q9P2G9,0.027
Q9C009,0.027
A6QL63,0.027
Q9H1M3,0.027
Q8NH93,0.027
P48048,0.027
Q9UL62,0.027
Q9H7R5,0.027
P49223,0.027
Q8NEG5,0.027
Q96H86,0.027
A0A3B3IU63,0.027
Q8NHS3,0.027
Q17RB8,0.027
Q9Y5E9,0.027
Q8NFU5,0.027
Q9HCJ5,0.027
Q8NEA6,0.027
Q8NHU3,0.027
P51449,0.027
P55107,0.027
Q9H8S5,0.027
Q6P3X8,0.027
A0PJX0,0.027
A0A087WVF3,0.027
A0A087WXS9,0.027
Q6DHY5,0.027
A6NDS4,0.027
P0C7X1,0.027
Q49A17,0.027
Q8NCF0,0.027
A5D8T8,0.027
Q76EJ3,0.027
Q969Q4,0.027
O15539,0.027
A6NER0,0.027
A0A087WT91,0.027
Q96ND8,0.027
Q9NUD7,0.027
Q9Y6W6,0.027
Q01959,0.027
Q9BYT1,0.027
Q9NQX0,0.027
Q86W67,0.027
Q8IZP7,0.026
A1A5C7,0.026
Q9Y5H3,0.026
Q8NCR0,0.026
P22794,0.026
Q8N945,0.026
Q8NC01,0.026
P0C6S8,0.026
Q14129,0.026
E7EV90,0.026
Q68EN5,0.026
Q5HYA8,0.026
Q0VAA5,0.026
Q6ZMZ0,0.026
Q9H3T3,0.026
P28328,0.026
Q99558,0.026
Q6H3X3,0.026
P42701,0.026
O15496,0.026
Q8NGU2,0.026
Q969V4,0.026
Q6PIU1,0.026
A6NMS3,0.026
Q68DV7,0.026
Q96EH5,0.026
Q4G0A6,0.026
O94778,0.026
P52741,0.026
Q7Z692,0.026
A0A1W2PRQ8,0.026
Q5VW00,0.026
Q8IUS5,0.026
Q96Q77,0.026
Q8IZY5,0.026
Q9BWV7,0.026
Q9Y2A4,0.026
A8MTY0,0.026
Q8NFK1,0.026
Q6IPX1,0.026
Q8IZP1,0.026
A0A087X1G2,0.026
Q86YE8,0.026
A6NC05,0.026
Q96NI6,0.026
A0A087X179,0.026
Q6ZTQ3,0.026
Q8N5W8,0.026
O95398,0.026
Q02742,0.026
Q9H3S5,0.026
A2VDJ0,0.026
Q9NY46,0.026
Q6UWF7,0.026
Q49MI3,0.026
Q9NYQ8,0.026
Q9Y5G5,0.026
O60609,0.026
Q96K31,0.026
Q8J025,0.026
A0A0U1RQF7,0.026
Q9BZE0,0.026
Q9P2J8,0.026
Q8NEL0,0.026
P38567,0.026
Q8NFM7,0.026
Q5T4W7,0.026
Q9H9E1,0.026
Q86VQ3,0.026
Q969J5,0.026
Q96LL4,0.026
Q9UNE2,0.026
A6NJQ4,0.026
Q5T124,0.026
Q6P988,0.026
Q86VH5,0.026
Q13106,0.026
P59538,0.026
Q9NR96,0.026
Q8IYR0,0.026
Q14995,0.025
F5H1Q2,0.025
O95025,0.025
Q9GZQ4,0.025
Q9GZV9,0.025
Q9BQ65,0.025
Q6UX34,0.025
Q8WYR1,0.025
Q9Y4X3,0.025
O95789,0.025
Q8IY82,0.025
Q8NFU1,0.025
Q8N4Z0,0.025
Q6UWY2,0.025
Q6ZNM6,0.025
Q8N539,0.025
Q6UX01,0.025
Q96MU8,0.025
Q8NGS2,0.025
Q76KD6,0.025
Q16445,0.025
Q86UU5,0.025
Q14CX5,0.025
Q9H511,0.025
Q5BN46,0.025
Q9UQ26,0.025
Q8TD20,0.025
Q8WTQ7,0.025
Q8NGF9,0.025
P26441,0.025
Q86UD3,0.025
Q96SE7,0.025
O94812,0.025
Q6UXF7,0.025
Q8IXH8,0.025
P48050,0.025
A0A7I2S1M6,0.025
Q8TAF7,0.025
Q6ZR62,0.025
Q9NTI2,0.025
G3V523,0.025
P51814,0.025
Q96KX0,0.025
Q6PEW1,0.025
P17027,0.025
A6NM11,0.025
Q8N5S3,0.025
Q8NGC0,0.025
Q4G0P3,0.025
Q8WWX8,0.025
Q6PIF2,0.025
O43543,0.025
Q9P255,0.025
Q9H1H1,0.025
Q86WR6,0.025
P78412,0.025
P25025,0.025
Q96FG2,0.025
P05305,0.025
O95180,0.025
A2A2Y4,0.025
A0PJX8,0.025
Q8IW36,0.025
O75197,0.025
A2RU54,0.025
Q3KNW1,0.025
Q9H295,0.025
Q9NS75,0.025
Q9Y4P9,0.024
Q5H9K5,0.024
Q8NFY9,0.024
Q9BT49,0.024
Q6A555,0.024
E9PJ23,0.024
Q9C0F0,0.024
P0DV73,0.024
P0DV74,0.024
Q8IZ13,0.024
Q7Z4V0,0.024
Q8IZK6,0.024
A0AB56DNF6,0.024
Q3LI59,0.024
P51522,0.024
A0A087WUV0,0.024
Q6UY18,0.024
Q8N1N0,0.024
Q8WTQ4,0.024
Q9UMX6,0.024
Q96LL3,0.024
A8MUV8,0.024
Q96LI9,0.024
P25024,0.024
Q15077,0.024
Q6AHZ1,0.024
Q0VAK6,0.024
O43623,0.024
Q9NR23,0.024
Q5W0N0,0.024
P21673,0.024
P51787,0.024
Q6ZNB7,0.024
Q5RHP9,0.024
Q9Y693,0.024
Q52WX2,0.024
Q9HCM3,0.024
Q96P66,0.024
A2IDD5,0.024
Q6GPH6,0.024
Q9UJ96,0.024
O14513,0.024
Q5T871,0.024
P07949,0.024
Q96K78,0.024
Q96G79,0.024
Q92187,0.024
Q8N9Z9,0.024
Q9H3R1,0.024
Q9Y2U2,0.024
Q96B67,0.024
P61236,0.024
Q9HCE9,0.024
Q8N8M0,0.024
Q7Z7B1,0.024
Q8WYN3,0.024
P57052,0.024
Q96MT3,0.024
Q9ULT6,0.024
P43119,0.024
Q7Z4L9,0.024
Q9NRU3,0.024
O43361,0.024
Q5VVP1,0.024
Q9H816,0.024
Q13606,0.024
M0R3G0,0.024
Q86XS5,0.024
A6NMN3,0.024
Q96GM1,0.024
E9PGK7,0.024
Q147U1,0.024
A0AUZ9,0.024
Q96R08,0.024
Q8NGK9,0.024
O60602,0.024
A0A2R8Y7Z4,0.024
H0YG18,0.024
Q9BZ76,0.024
P56746,0.024
Q14494,0.024
P31213,0.024
Q9Y5Y4,0.024
Q9NZU1,0.024
Q6ZQN5,0.024
Q96BR9,0.024
Q8IVQ6,0.024
O15090,0.024
Q6P9A1,0.024
B9A6J9,0.024
Q9NQ33,0.024
Q6ZUT3,0.024
P80162,0.024
Q92831,0.024
Q5SQS7,0.024
Q9HD90,0.024
Q96PE6,0.024
Q569G3,0.024
Q969L4,0.024
Q8IZF0,0.024
H0Y8G9,0.024
Q0VFZ6,0.023
Q13394,0.023
Q6ZVT0,0.023
O95006,0.023
A6NM03,0.023
Q6UW49,0.023
Q92521,0.023
Q13591,0.023
Q6IFN5,0.023
P48764,0.023
Q9UGM1,0.023
P35410,0.023
P52797,0.023
Q68G75,0.023
O60909,0.023
Q8NH01,0.023
Q92988,0.023
P18146,0.023
Q96LJ8,0.023
Q8NFT6,0.023
A6NCK2,0.023
O60765,0.023
O75355,0.023
P27037,0.023
J3KQ06,0.023
P42857,0.023
A6NNJ1,0.023
Q494R4,0.023
Q86YN6,0.023
Q9NR64,0.023
P60508,0.023
Q5TAA0,0.023
O95259,0.023
P57058,0.023
Q96BQ3,0.023
O15482,0.023
Q9HBV1,0.023
M0QY47,0.023
Q96RU8,0.023
Q9UQ10,0.023
Q8N9S9,0.023
P30939,0.023
Q8IZC4,0.023
Q96PD6,0.023
Q8IUY3,0.023
Q8NH04,0.023
O15165,0.023
Q8N2M4,0.023
Q9H5I5,0.023
Q9UFP1,0.023
Q96GC6,0.023
Q14703,0.023
Q9Y5F8,0.023
P0CW27,0.023
Q8N907,0.023
Q8N5N4,0.023
Q8TDS7,0.023
Q9NY37,0.023
Q96HA4,0.023
Q6NUI2,0.023
Q8IU57,0.023
Q9P2E7,0.023
Q96RP7,0.023
P80192,0.023
Q9ULI4,0.023
Q96KS9,0.023
Q7L622,0.023
Q6UXN7,0.023
Q9HB75,0.023
Q68DL7,0.023
Q969M2,0.023
Q9H427,0.023
O60299,0.023
P16473,0.023
O75185,0.023
A6NFA1,0.023
A6NGL4,0.023
Q9NZN1,0.023
Q16322,0.023
O14829,0.023
P52742,0.023
P28336,0.023
A6NHC0,0.023
Q14656,0.022
Q5VT99,0.022
P61296,0.022
Q6X784,0.022
I3NI40,0.022
Q6P2M8,0.022
Q5GH76,0.022
O95153,0.022
A6NI86,0.022
Q8IV31,0.022
Q8IVF1,0.022
Q8WW24,0.022
Q8N5J4,0.022
P21462,0.022
Q9UNX9,0.022
Q08462,0.022
Q6J9G0,0.022
P50052,0.022
Q9P2P6,0.022
Q8N4F7,0.022
Q9BRQ4,0.022
A0A1W2PPW3,0.022
Q8IZ02,0.022
Q9Y6G1,0.022
Q6ZVE7,0.022
Q6ZMB0,0.022
Q15034,0.022
Q6ICC9,0.022
Q9Y6X1,0.022
E5RHQ5,0.022
Q8WXH4,0.022
Q9UJ55,0.022
G5E9Z5,0.022
A0A126GWT2,0.022
Q9UK10,0.022
P39877,0.022
Q9HA90,0.022
P60321,0.022
Q05516,0.022
Q2VYF4,0.022
Q8IZD6,0.022
Q6ZNG1,0.022
Q9BX74,0.022
P11230,0.022
Q9UJ37,0.022
Q96M63,0.022
P78333,0.022
P25090,0.022
Q9NR97,0.022
Q8NGA8,0.022
Q86XQ3,0.022
Q8IYK2,0.022
A6NJV1,0.022
Q86WK7,0.022
P12319,0.022
A6NI47,0.022
O43345,0.022
Q96KD3,0.022
O14514,0.022
Q96NL0,0.022
Q8N2I9,0.022
Q5T0T0,0.022
A4D1B5,0.022
Q5HY64,0.022
Q9NXI6,0.022
Q8N9V6,0.022
Q8WW32,0.022
Q9GZK6,0.022
Q70EK9,0.022
Q9H3W5,0.022
A0A087X0D8,0.022
Q2NL67,0.022
A0A087WVE0,0.022
Q5K4E3,0.022
Q8N831,0.022
E9PBE3,0.022
Q6ZP01,0.022
Q96N77,0.022
Q8TAT5,0.022
Q96DY2,0.022
A0A1B0GUQ0,0.022
A0A1B0GV22,0.022
Q92935,0.022
A6NNL0,0.022
Q8TCW7,0.022
Q8TEZ7,0.022
Q9Y2K9,0.022
Q9NTI7,0.022
Q13115,0.022
A0A1W2PR48,0.022
Q9ULE4,0.021
Q16552,0.021
Q96FT7,0.021
Q8TDW7,0.021
E9PQ73,0.021
P51800,0.021
A6NH52,0.021
A0A590UK20,0.021
A0A0C4DFP2,0.021
Q8TDV5,0.021
G3XAA5,0.021
Q5VWK5,0.021
Q6UXA7,0.021
Q9NSA2,0.021
A8MQ14,0.021
K7ELF7,0.021
O60477,0.021
Q2VY69,0.021
Q92819,0.021
P25791,0.021
Q9P283,0.021
Q8TE73,0.021
Q8NA47,0.021
Q9P203,0.021
Q9UPR6,0.021
A6NJL1,0.021
Q5I0X4,0.021
A6NML5,0.021
Q6V1P9,0.021
Q9BVG3,0.021
A6NNA5,0.021
A4QMS7,0.021
Q1ZYL8,0.021
Q9Y3A0,0.021
Q8WTT0,0.021
Q2HXU8,0.021
P03999,0.021
Q96HM7,0.021
Q16558,0.021
P58182,0.021
O75159,0.021
Q16820,0.021
Q6ZRI0,0.021
B1ATL7,0.021
A0A126GWS4,0.021
Q9UK28,0.021
P56373,0.021
Q969P5,0.021
Q92617,0.021
A0A087WXM4,0.021
P59046,0.021
Q96F81,0.021
Q92806,0.021
P01570,0.021
P04808,0.021
Q6PKX4,0.021
Q7Z7H3,0.021
Q6ZSZ6,0.021
Q9C0I9,0.021
Q96LQ0,0.021
Q6ZP80,0.021
Q99217,0.021
Q8NHC7,0.021
O60431,0.021
O75290,0.021
O15105,0.021
Q6RSH7,0.021
Q9BWV3,0.021
Q9UL68,0.021
Q9BTA0,0.021
P12524,0.021
F8W883,0.021
Q5BKY1,0.021
Q7RTX9,0.021
Q96RN1,0.021
O76093,0.021
Q8NE18,0.021
Q70EK8,0.021
Q96NG5,0.021
Q7RTM1,0.02
Q9NTG1,0.02
O60242,0.02
Q8NHX9,0.02
Q8TDU6,0.02
Q9BXC0,0.02
Q9BXM7,0.02
Q96PX9,0.02
Q9HCQ7,0.02
P17040,0.02
Q96A56,0.02
Q5T4D3,0.02
P0C7T3,0.02
Q9NPG1,0.02
F8W0I5,0.02
Q96P71,0.02
Q03181,0.02
Q8N0V5,0.02
A2RUR9,0.02
Q52LD8,0.02
Q86YF9,0.02
O60522,0.02
Q5T9Z0,0.02
A6NDV4,0.02
Q14201,0.02
Q02505,0.02
Q9BXI3,0.02
Q9H205,0.02
Q99518,0.02
Q9Y5H7,0.02
Q96KJ9,0.02
Q6ZMY3,0.02
Q6ZN79,0.02
Q8N8Z8,0.02
Q8IZS6,0.02
A0A2R8Y7J0,0.02
P13385,0.02
Q5VVY1,0.02
Q86YH2,0.02
A0A0D9SEJ8,0.02
Q9Y5E3,0.02
Q8NA66,0.02
O60894,0.02
A0A1W2PQG5,0.02
O75123,0.02
Q5VTD9,0.02
Q92838,0.02
Q8WWU5,0.02
Q0VAA2,0.02
O75838,0.02
O75901,0.02
Q8NER1,0.02
Q9P0X4,0.02
A8MXE2,0.02
Q8IZU1,0.02
Q9HBJ0,0.02
Q3LI61,0.02
Q8NFQ6,0.02
Q5TGI0,0.02
Q9Y6X0,0.02
Q8TCT1,0.02
Q8N6P7,0.02
O95201,0.02
O94810,0.02
Q8WYA1,0.02
A5PKW4,0.02
Q8TAS1,0.02
Q8WZ64,0.02
Q496J9,0.02
Q9H2U9,0.02
P86452,0.02
Q13387,0.02
Q9HB65,0.02
Q3SY77,0.02
Q0D2K2,0.02
Q9UNA0,0.02
O14581,0.02
Q9Y6R6,0.02
Q9H2C1,0.02
Q8NGQ2,0.02
Q5MJ70,0.02
Q9BTP6,0.02
Q68EA5,0.02
P31644,0.02
Q5TAG4,0.02
Q7Z713,0.02
Q9HC97,0.02
Q8TAB5,0.02
Q86U10,0.02
Q0D2K0,0.02
Q96KF2,0.02
P0C7X2,0.02
Q8NFR3,0.02
Q6NVH7,0.02
Q9UKY4,0.02
Q96AP4,0.02
Q9UIJ5,0.02
Q7L2K0,0.02
Q6ZSB9,0.019
Q8IZ16,0.019
Q5BVD1,0.019
O14830,0.019
Q14206,0.019
H3BQ19,0.019
P41273,0.019
Q4G0N8,0.019
Q9H0E7,0.019
Q9Y6F1,0.019
Q96JN2,0.019
P47898,0.019
Q1HG43,0.019
Q96LX7,0.019
P07492,0.019
Q6S545,0.019
Q6ZV29,0.019
Q9BQQ7,0.019
M0R1X1,0.019
Q8NGU4,0.019
Q8NHR9,0.019
P51504,0.019
Q8N8F6,0.019
Q9Y5I0,0.019
Q9BSJ1,0.019
Q8N8D7,0.019
Q9H0M4,0.019
P43088,0.019
Q96DX8,0.019
O95897,0.019
Q9NQV8,0.019
Q7Z3I7,0.019
Q5TFG8,0.019
O00587,0.019
Q9BR09,0.019
A0A0U1RRI6,0.019
O95755,0.019
A6NEF3,0.019
Q96C28,0.019
Q8TDM5,0.019
Q9H094,0.019
A8MYJ7,0.019
Q00597,0.019
Q9BQM9,0.019
P35498,0.019
Q9Y6N8,0.019
Q9H293,0.019
Q8NCR3,0.019
Q9P2J2,0.019
A0A087WWR3,0.019
Q3KNS6,0.019
Q6NUP7,0.019
Q3BBV0,0.019
Q6AI14,0.019
Q6UVM3,0.019
Q8WWF3,0.019
Q6PEW0,0.019
P78396,0.019
Q9Y5H1,0.019
P49771,0.019
Q5JZY3,0.019
P78369,0.019
Q8WXF3,0.019
Q5JU00,0.019
Q8N895,0.019
P20309,0.019
Q9UHC9,0.019
Q01668,0.019
Q8WVI7,0.019
Q9Y397,0.019
Q8IYU4,0.019
A0A1B0GV96,0.019
Q8TF62,0.019
O60882,0.019
Q9BYL1,0.019
Q5T5D7,0.019
Q7Z3F1,0.019
Q5HYW3,0.019
Q9NZP6,0.019
E9PEI6,0.019
Q9NQ40,0.019
Q9UL51,0.019
Q6QHC5,0.019
P60852,0.019
O75541,0.019
P31276,0.019
Q6NZ63,0.019
P23415,0.019
F6VL08,0.019
Q99835,0.018
Q0ZLH3,0.018
Q8TC20,0.018
Q8N7K0,0.018
Q5VWM6,0.018
P35575,0.018
Q96RJ6,0.018
P56880,0.018
Q9Y6Y1,0.018
Q9NYM4,0.018
Q8NGA6,0.018
P59044,0.018
Q9UKR8,0.018
Q8N3T1,0.018
Q7Z3E1,0.018
Q9NYK6,0.018
A6NJ64,0.018
Q14587,0.018
Q96RD0,0.018
Q15916,0.018
A0A1W2PPC1,0.018
A6NFQ7,0.018
Q8NCQ7,0.018
Q96RC9,0.018
Q8IYT1,0.018
Q9Y5H5,0.018
O60840,0.018
Q6UXV1,0.018
Q86T29,0.018
Q96CE8,0.018
Q9UHV8,0.018
Q8WW62,0.018
O95473,0.018
Q9Y2B4,0.018
Q9P2K1,0.018
O75409,0.018
B1AL46,0.018
P15018,0.018
P60606,0.018
P30411,0.018
P31391,0.018
Q9H0C1,0.018
Q7RTX1,0.018
A6NIM6,0.018
P0C8F1,0.018
Q8NH51,0.018
P82987,0.018
Q96KX2,0.018
Q7Z443,0.018
Q8ND23,0.018
Q96NR3,0.018
Q9UIY3,0.018
Q2KHT4,0.018
Q8NGM8,0.018
Q5T5M9,0.018
P24046,0.018
Q8N1D5,0.018
A6NDY2,0.018
Q1A5X6,0.018
A6NHZ5,0.018
Q9Y5F1,0.018
Q9UJQ7,0.018
Q9H2B2,0.018
Q8NH18,0.018
Q6NX49,0.018
Q9P2P1,0.018
P30559,0.018
P59536,0.018
Q6V9R5,0.018
P0DKL9,0.018
Q9NYW5,0.018
P16415,0.018
O43151,0.018
P29377,0.018
Q86Y26,0.018
P43220,0.018
Q14439,0.018
Q7Z4H4,0.018
Q9P1V8,0.018
J3KNG2,0.018
P48167,0.018
Q96NS1,0.018
Q86VW1,0.018
Q8NEV9,0.018
B5MCN3,0.018
Q6ZUK4,0.018
A0AAK2S2Q9,0.018
Q6PEZ8,0.018
P01229,0.018
Q8N4E4,0.018
Q8ND61,0.018
Q6ZS82,0.018
Q96KV7,0.018
Q9BXA5,0.018
B2RU33,0.018
Q96JE7,0.018
Q6UWH6,0.018
P16471,0.017
Q96NL1,0.017
Q53TS8,0.017
Q8NH41,0.017
O15535,0.017
Q8WXF5,0.017
A6NI28,0.017
Q01362,0.017
Q9BXU9,0.017
Q8N661,0.017
I3L0I5,0.017
Q9BR11,0.017
Q8IVF4,0.017
Q9BXG8,0.017
Q9HCC9,0.017
Q8TCD6,0.017
Q8NH81,0.017
Q8IZY2,0.017
P51170,0.017
Q15884,0.017
Q9NYQ7,0.017
Q9Y3V2,0.017
Q16581,0.017
Q7Z4T9,0.017
Q9Y2T6,0.017
O43247,0.017
Q5TCS8,0.017
Q9UJL9,0.017
Q16549,0.017
O75333,0.017
Q5JXA9,0.017
Q5T6L9,0.017
P56705,0.017
Q2M329,0.017
Q9BY21,0.017
O95045,0.017
Q96L96,0.017
Q9UHC1,0.017
Q86UE6,0.017
Q6PEX7,0.017
Q8N8X9,0.017
Q9Y5G6,0.017
Q59EK9,0.017
B1AJZ9,0.017
A2RUT3,0.017
A0A087WYR5,0.017
Q6ZMW3,0.017
Q6UVW9,0.017
O43603,0.017
Q9H607,0.017
Q9ULV5,0.017
Q8TD90,0.017
Q9P2D8,0.017
Q14330,0.017
P0C7W6,0.017
Q5VUG0,0.017
Q6BEB4,0.017
Q5TIA1,0.017
Q52M93,0.017
Q92731,0.017
Q16478,0.017
Q9NRX6,0.017
Q9BVV6,0.017
Q5SR56,0.017
Q8TBZ9,0.017
J3QR06,0.017
Q7RTS6,0.017
Q8IV35,0.017
Q9UQQ1,0.017
Q14588,0.017
P0CB47,0.017
Q9BZB8,0.017
E9PQR5,0.017
B4DS77,0.017
Q8TAD2,0.017
Q9ULS6,0.017
Q5VXJ0,0.017
Q6IEV9,0.017
Q8IZS8,0.017
Q5U649,0.017
P22459,0.017
Q96LB8,0.017
Q9UJ42,0.017
O43868,0.017
Q8TAB3,0.017
A0AAA9X3B1,0.017
Q9Y4A9,0.017
Q9H6D3,0.017
Q9UBL9,0.017
Q5SY80,0.017
A6NGR9,0.017
Q6NUI6,0.017
Q13323,0.017
Q6ZMY9,0.017
Q8N9W6,0.017
Q6NXP0,0.017
H0YIJ7,0.017
Q9BZD6,0.017
Q5DT21,0.017
Q8NI29,0.017
Q8WU43,0.017
A0A0U1RQE8,0.017
P21815,0.017
P31271,0.017
A0AAG2QDU5,0.017
Q0GE19,0.017
A6NEM1,0.017
Q93033,0.017
Q9UDV7,0.017
Q8IYI8,0.017
Q8NDW8,0.017
Q5JST6,0.017
Q8IVU1,0.017
Q5VUY0,0.017
P00540,0.017
Q5JUQ0,0.017
A0A087X009,0.017
Q9NXG0,0.017
O14625,0.017
Q2M2D7,0.017
P0DMU3,0.017
O15527,0.017
Q9HAZ2,0.017
Q9Y5X4,0.017
Q05923,0.017
Q9Y5F0,0.017
Q6ZW05,0.017
A6NFN9,0.017
Q96PC2,0.016
Q8IYX1,0.016
Q8N239,0.016
Q9HCJ2,0.016
Q9P217,0.016
Q86Y34,0.016
Q9P244,0.016
O43424,0.016
Q5VU57,0.016
A8MZG2,0.016
Q8NEA5,0.016
Q96A98,0.016
A0A1W2PPH5,0.016
Q70Z35,0.016
Q9NYT6,0.016
Q8N9F0,0.016
Q8WWB5,0.016
P12644,0.016
P56715,0.016
Q7RTU9,0.016
P09683,0.016
Q8IZU2,0.016
Q8WXJ9,0.016
Q96GX1,0.016
Q53EQ6,0.016
Q8NGR5,0.016
Q9H611,0.016
Q9GZX3,0.016
P24522,0.016
Q7Z5Y6,0.016
O60741,0.016
Q9H422,0.016
Q6IQ55,0.016
P61371,0.016
Q9NXL6,0.016
Q9UN42,0.016
E7ENK3,0.016
Q8TBR7,0.016
Q86SP6,0.016
Q9UBZ9,0.016
Q8TCP9,0.016
Q96P26,0.016
Q5EBN2,0.016
P98182,0.016
Q6ZRC1,0.016
Q5JPB2,0.016
Q86SS6,0.016
Q8NGL7,0.016
Q6TCH7,0.016
Q685J3,0.016
O95996,0.016
O75344,0.016
Q8WXU2,0.016
Q96HZ4,0.016
Q8NE65,0.016
A0A494C069,0.016
Q8NDH2,0.016
Q8IY84,0.016
Q494X3,0.016
O14543,0.016
Q9BT56,0.016
Q8NGZ9,0.016
Q9NYW2,0.016
O75325,0.016
Q00975,0.016
Q5T9G4,0.016
O76000,0.016
Q96FV0,0.016
Q8N8U9,0.016
Q9P298,0.016
Q8N5R6,0.016
Q5JYT7,0.016
Q502X0,0.016
Q9UK13,0.016
A8MQ07,0.016
P43080,0.016
Q5FWF6,0.016
A0A087X0K8,0.016
Q9UKA1,0.016
Q9NVV9,0.016
A4GXA9,0.016
Q9BXJ2,0.016
Q96GE5,0.016
Q9HAI6,0.016
Q8N159,0.016
Q96LB0,0.016
Q32MH5,0.016
P59544,0.016
Q7Z745,0.016
Q8N1M1,0.016
Q6ZVK1,0.016
Q9ULD8,0.016
O95843,0.016
Q008S8,0.016
B2RXH4,0.016
C9JR72,0.016
P24278,0.016
Q8NCM2,0.016
Q8IU54,0.016
A6NIN4,0.016
A6NHN6,0.016
Q86UN2,0.016
Q5SZB4,0.016
Q9H5L6,0.016
Q96EK2,0.016
Q8IUX8,0.016
P50876,0.015
P17021,0.015
Q5VYJ5,0.015
Q5VYP0,0.015
O95150,0.015
A6NMT0,0.015
Q9UMR3,0.015
Q8NH80,0.015
Q05BV3,0.015
Q24JQ0,0.015
Q9Y5E2,0.015
O95948,0.015
Q93098,0.015
Q7Z5A8,0.015
Q8IVF6,0.015
Q8N187,0.015
Q15413,0.015
Q96N19,0.015
B7Z1M9,0.015
O95972,0.015
Q587J7,0.015
Q9ULD6,0.015
A6NNP5,0.015
Q9UKJ8,0.015
Q8NBP5,0.015
Q9GZP1,0.015
A6NCI8,0.015
Q9NWF4,0.015
Q05940,0.015
Q96A84,0.015
Q9C0J1,0.015
H3BUS4,0.015
Q9UKQ9,0.015
A6NJG2,0.015
Q8IYM0,0.015
Q6PJ21,0.015
Q9GZS9,0.015
Q9UBT3,0.015
Q96DZ7,0.015
P29376,0.015
P31275,0.015
Q9NRC9,0.015
Q15391,0.015
Q99665,0.015
P20809,0.015
Q08AG5,0.015
Q5XX13,0.015
P50553,0.015
Q8NGP3,0.015
Q05195,0.015
Q9UKZ9,0.015
Q5T197,0.015
Q8N957,0.015
Q9C000,0.015
Q96NJ5,0.015
Q8NGS5,0.015
Q6ZW61,0.015
Q6MZT1,0.015
A0A0C4DFQ5,0.015
Q16280,0.015
Q5H9R4,0.015
Q8NGZ0,0.015
Q96C45,0.015
P23409,0.015
A6NE52,0.015
Q96MS3,0.015
O75631,0.015
Q02643,0.015
O00219,0.015
Q14524,0.015
Q13651,0.015
Q9P0L9,0.015
Q9Y3Q4,0.015
Q9NPH9,0.015
Q9NR00,0.015
Q14094,0.015
O94991,0.015
O95907,0.015
Q8N184,0.015
Q68CL5,0.015
Q8N8U3,0.015
A6NGG8,0.015
P15382,0.015
P15248,0.015
Q8N434,0.015
Q15858,0.015
Q8TBZ8,0.015
Q8N6G2,0.015
Q2NKQ1,0.015
O15399,0.015
O00590,0.015
Q8TDN1,0.015
Q8NHU2,0.015
Q9UKP4,0.015
Q9C0H6,0.015
Q15935,0.015
Q9ULZ0,0.015
P32246,0.015
Q5VZQ5,0.015
Q8NG76,0.015
Q8NCL9,0.014
A0A087WXG9,0.014
Q9Y5G1,0.014
Q9Y5E5,0.014
Q5T870,0.014
Q5TEA3,0.014
Q14549,0.014
O15354,0.014
P35212,0.014
Q2WEN9,0.014
Q8WXX0,0.014
Q9Y5E6,0.014
Q96R28,0.014
Q8IYJ0,0.014
Q3MIP1,0.014
P59025,0.014
Q8NCL8,0.014
Q8NGA0,0.014
Q5M9N0,0.014
Q9BYT9,0.014
Q8NG80,0.014
P25092,0.014
Q8NCG5,0.014
Q2M3G0,0.014
Q9UGC6,0.014
A6NJW4,0.014
A0A7N4I3A5,0.014
O43825,0.014
Q5GH77,0.014
Q9UJ78,0.014
Q8NGC5,0.014
Q8NHY0,0.014
Q8N112,0.014
A0A0C4DGW8,0.014
P18627,0.014
Q8N7X8,0.014
Q8NGS7,0.014
A6NCW7,0.014
A1E959,0.014
Q5TYW1,0.014
P23582,0.014
Q7RTY1,0.014
Q9H7V2,0.014
Q6PGQ1,0.014
Q9NPJ4,0.014
O75324,0.014
Q7RTY8,0.014
Q9HC58,0.014
Q9P1P5,0.014
Q9UL58,0.014
C9JE40,0.014
Q96RD1,0.014
Q5TEC3,0.014
Q9UJ71,0.014
P35070,0.014
Q9Y5E8,0.014
O60806,0.014
O96004,0.014
Q9P218,0.014
Q9NZM6,0.014
A6NNT2,0.014
Q6PI77,0.014
Q9C0G6,0.014
P26717,0.014
Q6X9E4,0.014
Q8IUB5,0.014
Q6J4K2,0.014
Q5VX71,0.014
Q8IUN9,0.014
Q5TGU0,0.014
Q16517,0.014
O60813,0.014
Q9HCR9,0.014
Q9Y691,0.014
Q86UW1,0.014
Q9P1W3,0.014
A6NE02,0.014
A6NJU9,0.014
Q96KN7,0.014
O60241,0.014
Q9H4Q4,0.014
Q8N5T2,0.014
P21754,0.014
O15041,0.014
P41587,0.014
Q495C1,0.014
Q9HCL0,0.014
P09544,0.014
Q99814,0.014
Q9UPQ4,0.014
P0C7M7,0.014
Q8N2N9,0.014
P35462,0.014
P01138,0.014
Q8N6K0,0.014
Q5TH74,0.014
Q8NBE8,0.014
P25874,0.013
P48645,0.013
Q12901,0.013
Q9NPJ1,0.013
P86478,0.013
P86479,0.013
P86480,0.013
P86481,0.013
P86496,0.013
Q5VSR9,0.013
Q8NGG4,0.013
O15457,0.013
A6NKP2,0.013
Q0D2J5,0.013
A6NEN9,0.013
Q86SE8,0.013
Q71H61,0.013
Q8N3G9,0.013
Q96L15,0.013
Q8TC27,0.013
Q8NHW4,0.013
Q8WVJ9,0.013
Q8N8Y5,0.013
A0A0G2JH32,0.013
P50406,0.013
Q04844,0.013
Q7Z602,0.013
P26715,0.013
Q7Z3Z4,0.013
O60309,0.013
O76081,0.013
O00230,0.013
Q5MCW4,0.013
Q15744,0.013
Q9NQT6,0.013
Q8TDU9,0.013
Q07444,0.013
Q9NYY1,0.013
O75311,0.013
P30968,0.013
Q8WTP8,0.013
Q6ZUB0,0.013
A0A087X2I7,0.013
Q86UQ0,0.013
Q96NL3,0.013
Q96IW2,0.013
Q8N883,0.013
Q6ICL7,0.013
Q9UN67,0.013
Q76KP1,0.013
Q4LDR2,0.013
Q8WW34,0.013
Q96BY2,0.013
Q5VZ66,0.013
Q8IVC4,0.013
P0C221,0.013
Q9BU20,0.013
Q13939,0.013
Q5VZR2,0.013
Q96JF6,0.013
Q9Y5H2,0.013
A0A1W2PPE3,0.013
F5H0A9,0.013
A6NK59,0.013
Q9Y5Y3,0.013
Q9UK11,0.013
Q8NG85,0.013
A6NMS7,0.013
P0C874,0.013
Q9H808,0.013
Q10571,0.013
Q8TE57,0.013
Q8TC41,0.013
Q9Y2E6,0.013
O75444,0.013
A6NGJ6,0.013
Q01151,0.013
Q92537,0.013
Q96JH8,0.013
Q9P2G4,0.013
G3XAE9,0.013
Q8N7C3,0.013
Q8NEK5,0.013
Q6ZS27,0.013
Q8IWB4,0.013
A6NM36,0.013
Q8NE09,0.013
P98161,0.013
Q9BQ31,0.013
A6NNV3,0.013
O14520,0.013
P0C7W9,0.013
Q5VU36,0.013
Q5VXI9,0.013
P51841,0.013
A6NFU0,0.013
Q8N7A1,0.013
P17032,0.013
Q9BSK1,0.013
P58417,0.013
Q2V2M9,0.013
Q9UNN4,0.013
Q5JUK3,0.013
Q8WWZ7,0.013
Q14940,0.013
P01286,0.013
Q15615,0.013
Q9UJW7,0.013
P34998,0.012
A0A1W2PQG2,0.012
O15444,0.012
Q9Y493,0.012
Q96MS0,0.012
Q3ZCV2,0.012
P32927,0.012
Q96G30,0.012
Q5VZ52,0.012
Q96LB9,0.012
Q9C0A1,0.012
Q9H7T0,0.012
Q6V702,0.012
Q5MJ10,0.012
P38570,0.012
Q8N7X0,0.012
Q8N4B4,0.012
P25105,0.012
A0AA75ISB7,0.012
Q9Y5U5,0.012
Q14DG7,0.012
Q8N323,0.012
P57059,0.012
Q5MJ09,0.012
Q5VW22,0.012
Q9GZY0,0.012
Q7Z6Z6,0.012
Q8TCU3,0.012
Q8NGF4,0.012
Q9UBK2,0.012
P28069,0.012
Q6ZWI9,0.012
Q8N8N0,0.012
Q86TL2,0.012
Q8N815,0.012
Q96I82,0.012
Q5QGT7,0.012
Q5I0G3,0.012
Q9GZK4,0.012
Q9H112,0.012
Q9P2H0,0.012
Q7Z6K1,0.012
Q99062,0.012
Q9UQF2,0.012
Q5T5N4,0.012
Q8IZ20,0.012
Q6UX52,0.012
Q6T310,0.012
Q8NGQ5,0.012
A6NE01,0.012
A0A2R8Y4V0,0.012
Q9HC29,0.012
Q8N1H7,0.012
Q92535,0.012
P32745,0.012
O75762,0.012
A0A126GVR8,0.012
Q9H5J4,0.012
A0A087WVT8,0.012
Q9H1M4,0.012
P17787,0.012
Q6TGC4,0.012
P36382,0.012
A6NI03,0.012
Q8NEC5,0.012
Q53EV4,0.012
Q9UF47,0.012
A0A0A0MSX0,0.012
Q9NZK7,0.012
A1YPR0,0.012
Q1RMZ1,0.012
Q6UWL6,0.012
Q96LW1,0.012
A1L443,0.012
Q6UW01,0.012
P01574,0.012
Q68CZ1,0.012
Q2TAL5,0.012
O60682,0.012
Q9UBM8,0.012
P54849,0.012
A6NJZ3,0.012
Q49AJ0,0.012
Q3ZCT8,0.012
Q5VTA0,0.012
Q9ULZ1,0.012
Q86VF2,0.012
Q7Z2G1,0.012
Q8NHP7,0.012
Q9UPG8,0.012
Q9P2N4,0.012
A0JP26,0.012
Q8WWX0,0.012
Q7Z408,0.012
Q8IXT1,0.012
Q9Y5G8,0.012
Q8NB66,0.012
B3SHH9,0.012
Q8N412,0.012
E9PNL3,0.012
A8MW99,0.012
K7ERI5,0.012
Q5VYY2,0.012
Q9Y5I7,0.012
Q9UL59,0.012
A6NI87,0.012
Q5JX71,0.012
O14926,0.012
Q9NQZ8,0.012
Q5TZF3,0.012
F5H6K3,0.011
A6NJG6,0.011
A8K8P3,0.011
Q03431,0.011
Q8NH79,0.011
P51685,0.011
Q86VF5,0.011
P21781,0.011
Q53FD0,0.011
Q9C0D2,0.011
Q8IV61,0.011
Q5VZY2,0.011
Q56P42,0.011
Q9NWW7,0.011
Q9H2L4,0.011
Q7RTZ2,0.011
Q99527,0.011
Q8NHB7,0.011
Q96M29,0.011
Q8N6N2,0.011
A6NCL2,0.011
O43283,0.011
J3KNH0,0.011
Q96KS0,0.011
P0C2W7,0.011
Q5T292,0.011
P60827,0.011
Q9NQX1,0.011
Q9BT04,0.011
A0A494C071,0.011
O95522,0.011
Q8IYS8,0.011
Q9H628,0.011
Q86WI3,0.011
Q9H1J5,0.011
O43921,0.011
Q8IZA3,0.011
Q6XD76,0.011
P42681,0.011
Q5W064,0.011
Q8NET6,0.011
Q9Y5P0,0.011
Q6TDP4,0.011
Q96M91,0.011
Q8IYW2,0.011
Q96NH3,0.011
Q86TB3,0.011
Q6P3V2,0.011
A6NDA9,0.011
A0FGR9,0.011
Q5VZ03,0.011
Q86WS5,0.011
P0CH99,0.011
Q6Q759,0.011
Q9BRR0,0.011
Q6DJT9,0.011
P56915,0.011
Q8NA54,0.011
A8MT70,0.011
P62955,0.011
Q9H4I8,0.011
Q8N162,0.011
P0CI00,0.011
Q7L0X0,0.011
Q5VYS4,0.011
O14804,0.011
P15173,0.011
Q9H1P6,0.011
P0C2L3,0.011
Q7Z2Y5,0.011
Q86W24,0.011
A8MRT5,0.011
Q5TIE3,0.011
Q13507,0.011
Q96MC4,0.011
Q8IXS0,0.011
Q494W8,0.011
Q9HB14,0.011
Q8WVZ7,0.011
Q8NEF3,0.011
O14599,0.011
Q5H9I0,0.011
A2A3L6,0.011
Q8N6I1,0.011
P17752,0.011
P48230,0.011
A8MUZ8,0.011
P10082,0.011
A8MWA6,0.011
A8MZA4,0.011
O60931,0.011
Q6ZSM3,0.011
Q9UIE0,0.011
Q5H9M0,0.011
Q6UXF1,0.011
Q96QE4,0.011
Q6ZMS7,0.011
A0A0B4J1S0,0.011
Q495X7,0.011
P57789,0.011
D6RG30,0.011
P0DKB5,0.011
A0A087WTE9,0.011
Q86TI4,0.011
P43489,0.011
Q8WXG9,0.011
Q9UJX0,0.011
Q8TE85,0.011
Q7Z5L3,0.011
Q8N7B1,0.011
Q9NX78,0.011
Q9H819,0.011
P0C7I0,0.011
Q13021,0.011
Q9P281,0.011
Q8N3I7,0.011
P57773,0.011
Q7Z4L0,0.011
Q8N135,0.011
A8MXZ1,0.01
P08172,0.01
Q9Y345,0.01
Q8N7Z2,0.01
Q1MX18,0.01
Q96FM1,0.01
A0A087WVW6,0.01
G3V4Z9,0.01
Q5JPF3,0.01
P0C0E4,0.01
Q9BXW4,0.01
Q96S79,0.01
O15263,0.01
A6NG13,0.01
B5MCY1,0.01
Q9BY71,0.01
P22362,0.01
P0DP72,0.01
Q6ZU69,0.01
P59646,0.01
A0A2R8Y6J1,0.01
Q8NAM6,0.01
O15466,0.01
Q8N1N2,0.01
Q92681,0.01
Q8N9I5,0.01
Q9BQI4,0.01
Q8NA03,0.01
Q9NYC9,0.01
Q9UQK1,0.01
O43613,0.01
O60469,0.01
A0A0G2JMU2,0.01
O75445,0.01
Q5H8A3,0.01
A0A2U3TZT1,0.01
Q8N2R0,0.01
O00358,0.01
Q6ZQY3,0.01
Q9UHJ9,0.01
B4DJY2,0.01
Q96N28,0.01
A9YTQ3,0.01
Q2TAL6,0.01
O43610,0.01
A3KFT3,0.01
Q86W47,0.01
Q96G91,0.01
P01222,0.01
C9JVW0,0.01
Q495T6,0.01
Q6UE05,0.01
Q6UXL0,0.01
Q8IZU8,0.01
D6RE68,0.01
P12643,0.01
Q8N1E6,0.01
A0A0A0MSY6,0.01
P56597,0.01
Q8WXH6,0.01
Q9BYG8,0.01
Q8IWG1,0.01
A6H8Z2,0.01
Q9UH36,0.01
Q96PH6,0.01
Q6TFL3,0.01
P46094,0.01
Q92952,0.01
Q3C1V1,0.01
A0A590UJ96,0.01
A8MTJ6,0.01
Q99680,0.01
Q9C0B2,0.01
Q5T655,0.01
B8ZZ34,0.01
Q9H6B9,0.01
Q8NHY5,0.01
Q8WUJ1,0.01
Q9UN72,0.01
F5GWJ3,0.01
Q16613,0.01
E9PAT1,0.01
Q5VUD6,0.01
F8W9H2,0.01
P58743,0.01
Q7Z444,0.01
Q5W5W9,0.01
O14771,0.01
Q9NPF7,0.01
Q8N4H0,0.01
Q96AW1,0.01
O94779,0.01
Q05066,0.01
Q5SZI1,0.01
A6NF34,0.01
Q9UBN6,0.01
Q13360,0.01
Q15842,0.01
H0YM25,0.01
Q9GZU0,0.01
O43908,0.01
Q9Y4R7,0.01
J3KQB2,0.01
Q9NY74,0.01
A8MTA8,0.01
Q7RTR0,0.01
O60330,0.01
Q9UJU3,0.01
A6NK02,0.01
Q8NGX8,0.01
Q9NZI2,0.01
Q6P2C0,0.009
Q9BY07,0.009
P35218,0.009
A0AAK2PQJ4,0.009
Q9HD43,0.009
Q8TBY9,0.009
Q4KMZ8,0.009
O95452,0.009
Q8NHS2,0.009
Q6ZMR5,0.009
A0A0A0MR82,0.009
Q8NFR7,0.009
P25100,0.009
Q8TBE1,0.009
A6XGL0,0.009
Q5TI25,0.009
Q9Y5R2,0.009
Q9UI33,0.009
Q9Y216,0.009
Q6UXZ4,0.009
O15442,0.009
Q9Y328,0.009
J3KPN7,0.009
O60304,0.009
Q9BXU8,0.009
Q8TBE3,0.009
Q6ZUU3,0.009
A0A1B0GUF5,0.009
Q96MH7,0.009
J3KNJ8,0.009
Q6UX72,0.009
Q8IYT3,0.009
P0CE72,0.009
Q8NGX9,0.009
A6NFK2,0.009
Q5T1H1,0.009
Q9ULI1,0.009
Q3ZCU0,0.009
Q12870,0.009
Q6ZVH7,0.009
Q8TF21,0.009
Q14507,0.009
Q9Y5Q6,0.009
A0PG75,0.009
P35398,0.009
Q6P3W6,0.009
O60284,0.009
Q8IZU0,0.009
O43897,0.009
Q86XA0,0.009
Q8WWZ4,0.009
O60391,0.009
O14512,0.009
Q9UJH8,0.009
Q9NWW0,0.009
O95447,0.009
P27539,0.009
Q9Y5H8,0.009
A0A5F9ZHS7,0.009
Q86V40,0.009
Q9Y5G3,0.009
Q7Z3S7,0.009
Q9HDD0,0.009
Q6UXB1,0.009
Q9H4S2,0.009
O95072,0.009
A6NKC0,0.009
H3BMH7,0.009
Q9UK96,0.009
P19235,0.009
Q9NQR9,0.009
O75678,0.009
Q9Y3N9,0.009
Q8NEB5,0.009
A0A2R8Y634,0.009
A0A1B0GTN4,0.009
Q9H2S6,0.009
Q6PI25,0.009
Q86W11,0.009
Q8N127,0.009
K7EN84,0.009
Q8NDV1,0.009
A0A0J9YXH5,0.009
P04628,0.009
H3BMD7,0.009
A0A8Z5E822,0.009
A6NCW0,0.009
Q6ICH7,0.009
Q9Y2B5,0.009
Q6JEL2,0.009
P55344,0.009
Q9UC06,0.009
Q92730,0.009
Q4G0S7,0.009
Q9NS84,0.009
Q6ZSC3,0.009
Q68D86,0.009
O95918,0.009
P08949,0.009
Q8NGW1,0.009
Q9UL01,0.009
Q149M9,0.009
Q9Y2M2,0.009
P59540,0.009
Q8NGS8,0.009
Q86UD4,0.009
Q8TD57,0.009
P41143,0.008
Q8NGR8,0.008
P59047,0.008
O95988,0.008
Q8IUM7,0.008
P59542,0.008
Q5SWL7,0.008
P48995,0.008
Q68J44,0.008
Q01892,0.008
Q8N6Q1,0.008
Q9Y264,0.008
A0A1B0GVQ3,0.008
P30872,0.008
A1KZ92,0.008
Q9Y5F9,0.008
Q6IV72,0.008
A4D1F6,0.008
Q68DE3,0.008
Q86Z14,0.008
Q9BZM6,0.008
Q6PXP3,0.008
Q9UN88,0.008
Q9NR61,0.008
A0A0A6YYL3,0.008
H3BUK9,0.008
Q8NGT7,0.008
Q8TAI7,0.008
P24530,0.008
Q9Y5G0,0.008
Q9H091,0.008
Q9Y5E1,0.008
O60423,0.008
Q6PJQ5,0.008
Q8IV33,0.008
P0C1H6,0.008
Q9NZV8,0.008
B1ANS9,0.008
Q8IWA6,0.008
Q8NAA5,0.008
Q6ZVD7,0.008
Q6ZTQ4,0.008
Q9UMS5,0.008
O15520,0.008
Q06889,0.008
Q96PL2,0.008
Q5VZB9,0.008
Q7Z2F6,0.008
Q5QGS0,0.008
Q8NGV7,0.008
E9PAM5,0.008
O75871,0.008
K7EQS6,0.008
Q96PG8,0.008
Q6IF00,0.008
Q7Z7C7,0.008
Q6UYE1,0.008
Q9NX65,0.008
Q6ZS10,0.008
Q711Q0,0.008
Q8WWL7,0.008
P51786,0.008
A8MUP6,0.008
Q8WXB4,0.008
Q9NR90,0.008
Q13117,0.008
Q86SG3,0.008
Q9UN75,0.008
Q5VYV0,0.008
A0A494C086,0.008
Q96PZ7,0.008
Q96BV0,0.008
Q9UN71,0.008
Q8NB25,0.008
Q6PIV7,0.008
Q8TD91,0.008
Q9Y231,0.008
Q6ZMT9,0.008
O94823,0.008
Q14679,0.008
Q96JG9,0.008
Q96JK9,0.008
Q8N1C3,0.008
Q02779,0.008
Q4G0X9,0.008
Q09MP3,0.008
Q9P241,0.008
Q5W0Q7,0.008
Q15849,0.008
P19113,0.008
Q9NYW4,0.008
A0A2R8YDJ6,0.008
Q8NGX2,0.008
D6RGX4,0.008
Q9H503,0.008
M0R135,0.008
U3KQ87,0.008
Q9NQZ7,0.008
P12018,0.008
Q96T68,0.008
Q8N6R1,0.008
B2RXF0,0.008
Q9P225,0.008
Q9UFD9,0.008
Q9NUD9,0.008
Q8IZT9,0.008
P46663,0.008
Q96A04,0.008
A6NDI0,0.008
Q86XD8,0.008
A0A286YEX6,0.007
Q8IU99,0.007
C9JH25,0.007
Q8IXR9,0.007
Q9P0W0,0.007
A6NJZ7,0.007
A6NNM3,0.007
Q969H0,0.007
Q7Z6I5,0.007
Q9Y5I2,0.007
A6NH11,0.007
Q8N3K9,0.007
Q6UXX9,0.007
Q8NGT9,0.007
Q9C030,0.007
Q9BZG2,0.007
O15529,0.007
O43147,0.007
Q9Y5G2,0.007
Q6NSI3,0.007
Q5W0A0,0.007
A6NFD8,0.007
Q8N628,0.007
Q5FVE4,0.007
Q6EBC2,0.007
Q9BYG0,0.007
O75747,0.007
Q9UM44,0.007
Q96R54,0.007
Q9HAT1,0.007
Q96JK4,0.007
Q9GZP7,0.007
Q8WVF2,0.007
A6NGS2,0.007
Q96P15,0.007
A0A096LPD5,0.007
Q96PS1,0.007
A0A0A6YYG8,0.007
Q96R47,0.007
Q4W4Y0,0.007
Q7Z570,0.007
Q8TCJ0,0.007
Q96QP1,0.007
Q8WW27,0.007
Q86YW7,0.007
Q9P2D7,0.007
A8MTB9,0.007
Q0VDI3,0.007
Q6Q8B3,0.007
Q8N394,0.007
F5H4A9,0.007
Q9UMQ6,0.007
O60706,0.007
Q01726,0.007
Q8NGQ6,0.007
P36544,0.007
Q14863,0.007
Q8NH50,0.007
Q9BZE7,0.007
Q7Z601,0.007
Q8NCX0,0.007
Q9H244,0.007
Q8NCQ5,0.007
Q9H765,0.007
Q32ZL2,0.007
A0A7I2XYG4,0.007
Q9Y5I3,0.007
Q9Y2H8,0.007
Q8WY98,0.007
Q9NYV8,0.007
P47872,0.007
Q5VXM1,0.007
Q6ZQY2,0.007
P54368,0.007
Q6R2W3,0.007
O00574,0.007
Q8N3Z0,0.007
Q86WD7,0.007
O14842,0.007
P21918,0.007
Q86VL8,0.007
P40200,0.007
Q9HBL6,0.007
Q6P2D8,0.007
A0A286YF58,0.007
Q3ZCN5,0.007
P06028,0.007
P40145,0.007
Q8TAK6,0.007
Q96LI6,0.007
Q5VVC0,0.007
Q96S95,0.007
A1L167,0.007
C9JVC3,0.007
Q6GV28,0.007
Q8NHC5,0.007
Q8TB68,0.007
P47775,0.007
Q8IXR5,0.007
A0A2R8Y358,0.007
Q9Y5H6,0.007
E9PJI5,0.007
P0DM63,0.007
Q5JUW0,0.007
Q5U5X8,0.007
Q8NCW0,0.007
Q15256,0.007
P0C091,0.007
P59103,0.007
A6NCI4,0.007
O95264,0.007
P30874,0.007
O75690,0.007
Q9NR63,0.007
Q9UBP5,0.007
Q4AC99,0.007
A6NIV6,0.007
P58658,0.007
P56706,0.007
Q9NXP7,0.007
Q5M8T2,0.007
P52198,0.007
Q6ZP65,0.006
O95859,0.006
Q5TYM5,0.006
Q86X60,0.006
Q96QU4,0.006
Q4KMZ1,0.006
Q17RR3,0.006
P51508,0.006
Q86W26,0.006
Q15399,0.006
Q5GH72,0.006
Q9BXR5,0.006
F8W7S3,0.006
P22460,0.006
Q5GH70,0.006
Q9ULB4,0.006
P0C7U3,0.006
Q9NP95,0.006
P46093,0.006
A6NGE7,0.006
A6QL64,0.006
A0A1B0GVD1,0.006
Q6VVB1,0.006
P49279,0.006
Q64ET8,0.006
Q2QL34,0.006
Q8IWF9,0.006
Q6UXD7,0.006
A4D1E1,0.006
Q8N9W4,0.006
A6NF89,0.006
A6NIK2,0.006
W5XKT8,0.006
P0DMR2,0.006
A6PVY3,0.006
Q495A1,0.006
M0R233,0.006
Q13398,0.006
Q2TBF2,0.006
Q8NEH6,0.006
Q8N5S1,0.006
Q9NVR7,0.006
Q6P093,0.006
Q8WY64,0.006
Q9Y5G9,0.006
Q8N9V7,0.006
Q9H340,0.006
Q86UG4,0.006
A6NKU9,0.006
A6NC51,0.006
Q99853,0.006
Q96MI9,0.006
O95156,0.006
Q9P104,0.006
O75949,0.006
Q6NUS8,0.006
Q9Y6A2,0.006
Q8N3J2,0.006
Q9UHD4,0.006
Q96IZ2,0.006
Q99619,0.006
Q76B58,0.006
Q96PB8,0.006
Q9HB15,0.006
A0A1W2PRG6,0.006
Q15822,0.006
Q8N967,0.006
Q8NGL0,0.006
Q2M2E3,0.006
Q5TYX0,0.006
Q9Y5F7,0.006
Q8NEV4,0.006
O75493,0.006
A0PJX2,0.006
Q9P0M4,0.006
Q8NGI9,0.006
H3BS89,0.006
A0A8J8ZQP4,0.006
Q5VVH5,0.006
F2Z333,0.006
P14416,0.006
P0DUQ1,0.006
P0DUQ2,0.006
Q86WT6,0.006
A0A0B4J1W7,0.006
P0DXC3,0.006
A6NGH7,0.006
Q8N2C7,0.006
P51679,0.006
Q8IUH8,0.006
Q5VXH4,0.006
A3QJZ7,0.006
A0A096LNW4,0.006
O75293,0.006
Q5FWF7,0.006
A0A1B0GTW7,0.006
I1YAP6,0.006
Q9UNK4,0.006
Q9NQV7,0.006
Q8WU49,0.006
A6NGN4,0.006
H0Y7S4,0.006
Q9Y6H6,0.006
Q8N966,0.006
Q8IXS2,0.006
Q8IYJ2,0.006
B1AL88,0.006
Q9UKP5,0.006
P58170,0.006
Q86YJ5,0.006
Q96R30,0.006
Q07001,0.006
Q8NFR9,0.006
Q96EQ8,0.006
Q19T08,0.006
Q8NHB1,0.006
Q9H790,0.006
Q9UQ05,0.006
A8K4G0,0.006
Q701N4,0.006
P58418,0.006
Q8N393,0.006
Q8IWK6,0.005
A0AAG2T1W8,0.005
Q96RP3,0.005
Q6ZMV5,0.005
Q8N431,0.005
Q495Y8,0.005
Q9UND3,0.005
O95521,0.005
Q96RV3,0.005
Q3KPI0,0.005
A6NJT0,0.005
P0C875,0.005
A6NNS2,0.005
Q9NVD3,0.005
Q6ZT52,0.005
Q8IYX7,0.005
Q9Y5G7,0.005
A0A087X1V8,0.005
A6ND01,0.005
Q9HBE5,0.005
Q5FYA8,0.005
Q52MB2,0.005
Q8N6M9,0.005
Q5CZC0,0.005
Q3MJ62,0.005
Q9H5F2,0.005
C9JTQ0,0.005
Q96N20,0.005
P58180,0.005
O95838,0.005
Q96N87,0.005
Q8NGD4,0.005
Q7Z695,0.005
A0A0U1RQS6,0.005
Q9Y5F6,0.005
Q0WX57,0.005
A8MUK1,0.005
Q86WZ0,0.005
A2RU14,0.005
Q8N6Y1,0.005
A0A0B4J2F6,0.005
F8WFD2,0.005
Q9NXK6,0.005
Q8TD33,0.005
Q01954,0.005
A6NGD5,0.005
Q4VNC1,0.005
P47874,0.005
Q9P2K9,0.005
Q8NGE9,0.005
Q9Y258,0.005
Q8NGH9,0.005
A6NIY4,0.005
Q8NGB2,0.005
P48051,0.005
Q8TC36,0.005
Q6PIS1,0.005
Q9Y2V3,0.005
O95157,0.005
O95665,0.005
Q68DD2,0.005
P49901,0.005
D6R9N7,0.005
Q3LI64,0.005
C9JCY4,0.005
C9JVI0,0.005
D6R901,0.005
D6RBQ6,0.005
D6RJB6,0.005
Q96PU9,0.005
P0DMS8,0.005
Q9H714,0.005
Q6P0A1,0.005
Q9UD57,0.005
Q9Y2T5,0.005
Q8TF63,0.005
Q9NUB4,0.005
Q5VZV1,0.005
Q8N349,0.005
P0CG20,0.005
Q6ZMN8,0.005
Q96HG1,0.005
Q9NV12,0.005
Q86SM5,0.005
Q9NRR2,0.005
P35499,0.005
O00755,0.005
Q8N6F8,0.005
A8MTL3,0.005
P47944,0.005
Q96LB2,0.005
O60810,0.005
O15353,0.005
Q9H0K4,0.005
Q96BD6,0.005
S4R3E6,0.005
Q9H6B1,0.005
Q86UK5,0.005
Q96PH1,0.005
A0A087WYF9,0.005
Q86WS3,0.005
Q96NG3,0.005
Q4G0T1,0.005
Q8NGY9,0.005
P59861,0.005
Q9NX45,0.005
Q8TCX5,0.005
Q8N5U1,0.005
P16410,0.005
Q2M5E4,0.005
O75096,0.005
A6NHS7,0.005
Q9Y698,0.005
P41002,0.005
O43300,0.005
P0C7H9,0.005
A0A087WT58,0.005
Q96BA8,0.005
Q6ZNK6,0.005
Q08648,0.005
Q8IWD5,0.005
A2PYH4,0.005
Q8TCV5,0.005
Q96NZ8,0.005
P0CI25,0.005
P0CI26,0.005
Q9Y5G4,0.005
P17031,0.005
Q14D33,0.005
C9JPN9,0.005
D6RA61,0.005
D6RCP7,0.005
Q96LM6,0.005
Q9UNY5,0.005
O60258,0.005
A1L1A6,0.004
P21731,0.004
K7N794,0.004
Q9GZS0,0.004
A0A494C176,0.004
Q6P1W5,0.004
Q8N4F4,0.004
Q5VYM1,0.004
Q9BRP7,0.004
Q9UNG2,0.004
E9PGG2,0.004
P23416,0.004
A8MXD5,0.004
Q8WVF5,0.004
Q63HM2,0.004
O75417,0.004
P47992,0.004
Q9H0A9,0.004
C9JJH3,0.004
Q9UNA3,0.004
A0A087WZU1,0.004
Q5VUY2,0.004
P10767,0.004
Q9H172,0.004
P34925,0.004
Q8TE59,0.004
Q14916,0.004
Q6ZTR7,0.004
Q6UW32,0.004
Q96L33,0.004
Q5JUK2,0.004
Q6UWM7,0.004
A0A2R8Y5M8,0.004
Q6IEE7,0.004
Q4VC12,0.004
Q8NCR6,0.004
G3V3G0,0.004
P55916,0.004
Q9NY57,0.004
Q86VD9,0.004
A0A1W2PP81,0.004
P0DW11,0.004
P0DW12,0.004
P0DW13,0.004
P0DW14,0.004
A0A1W2PR64,0.004
P0CI01,0.004
Q96JS3,0.004
Q8NEG2,0.004
A6NHP3,0.004
Q9GZX6,0.004
O75443,0.004
P46098,0.004
Q86W54,0.004
Q8NH59,0.004
A0A2C9F2M4,0.004
Q6UX46,0.004
Q9NVP4,0.004
P08908,0.004
Q9H2F9,0.004
A0A087WUL8,0.004
Q8N4L4,0.004
Q9BRL7,0.004
Q8IZF4,0.004
Q96LU7,0.004
Q6P5X7,0.004
Q96LB1,0.004
Q8IWU4,0.004
Q7Z7G1,0.004
Q5HYC2,0.004
A0PK05,0.004
Q9NYZ2,0.004
Q8NGE0,0.004
F5GZB4,0.004
A7MD48,0.004
Q2WGJ8,0.004
A0A384DVL8,0.004
P56278,0.004
Q8N7C0,0.004
Q7L5Y6,0.004
P48546,0.004
A0A087WY01,0.004
P47871,0.004
P30926,0.004
Q5VTY9,0.004
Q9P2T0,0.004
Q8NGZ3,0.004
Q6VVX0,0.004
Q6NT04,0.004
A6NMD0,0.004
Q8NGS3,0.004
P37088,0.004
O75426,0.004
A8MXQ7,0.004
Q09327,0.004
Q8IZJ0,0.004
Q8WZ04,0.004
Q9P278,0.004
A0A1B0GVZ6,0.004
Q8N609,0.004
P52849,0.004
Q9UBY0,0.004
A8MV24,0.004
A2VCK2,0.004
Q9BXC1,0.004
Q5VWM4,0.004
A8MY62,0.004
D6RBM5,0.004
D6RGH6,0.004
A6NE82,0.004
Q8NHZ7,0.004
A6NDZ8,0.004
Q9Y2W3,0.004
O14894,0.004
C9JLJ4,0.004
A6NJJ6,0.004
Q9UMX2,0.004
A8MW57,0.004
Q8N5I3,0.004
P0C1S8,0.004
B9EJG8,0.004
Q2VPJ9,0.004
Q9UHP6,0.004
P0C851,0.004
Q8N6M5,0.004
Q68DX3,0.003
Q6B0I6,0.003
A6NFT4,0.003
Q5TEA6,0.003
Q8NH69,0.003
Q5HYM0,0.003
Q96LP2,0.003
Q2MJR0,0.003
A6NJ08,0.003
Q9H596,0.003
Q7Z5A9,0.003
A8MVX0,0.003
A0A1W2PPD8,0.003
Q96EZ4,0.003
Q9HCX4,0.003
A0A1W2PPE2,0.003
Q6ZMC9,0.003
Q8NFF2,0.003
Q14641,0.003
A0A1W2PQ73,0.003
Q6ZRF8,0.003
Q6UWB4,0.003
Q9BXU3,0.003
A0A2C9F2M6,0.003
Q658N2,0.003
Q495N2,0.003
H3BQJ8,0.003
A0A1B0GTR3,0.003
P0DPH9,0.003
P42127,0.003
Q86V35,0.003
P18405,0.003
Q2M243,0.003
A6NGB0,0.003
Q3SYF9,0.003
Q96IK5,0.003
O15218,0.003
A8MX76,0.003
Q5SWH9,0.003
Q6URK8,0.003
Q8TDR4,0.003
O95461,0.003
O14792,0.003
Q8IYE1,0.003
P55289,0.003
A0A3B3IRZ5,0.003
P0C264,0.003
P49910,0.003
Q86YR6,0.003
Q8NGJ8,0.003
A0A183,0.003
P0C7N4,0.003
Q8NFM4,0.003
O95007,0.003
A7E2U8,0.003
Q92527,0.003
P0CG36,0.003
Q8NAV2,0.003
Q6P2H8,0.003
A0AAG2SVG9,0.003
A0A494C0H1,0.003
Q96M86,0.003
A0A494C0Z2,0.003
P0DUD3,0.003
P0DUD4,0.003
A0A494C191,0.003
P0DTA3,0.003
P0DUD1,0.003
P0DUD2,0.003
P0DUX0,0.003
A8MYV0,0.003
Q9BPW4,0.003
O15528,0.003
Q6UXH8,0.003
Q8NGJ4,0.003
Q8N7C4,0.003
O60403,0.003
Q6ZMQ8,0.003
Q7Z7J7,0.003
Q9Y257,0.003
Q96N23,0.003
Q6ZTR5,0.003
Q7RTT9,0.003
A0A1W2PRV1,0.003
Q9UII6,0.003
Q9NQ90,0.003
Q3KP22,0.003
Q5TZ20,0.003
Q3B7S5,0.003
Q6U736,0.003
A8K8V0,0.003
E5RJM6,0.003
A0A1W2PPF3,0.003
Q9NY91,0.003
P54257,0.003
P57679,0.003
Q96SE0,0.003
O15547,0.003
Q7Z6W1,0.003
O75951,0.003
Q9C0D4,0.003
Q96S42,0.003
P0CG37,0.003
P41595,0.003
A0A1C7CYW9,0.003
O60320,0.003
A6NH21,0.003
Q6V0L0,0.003
Q86SM8,0.003
Q2M1V0,0.003
Q5MAI5,0.003
Q6L9T8,0.003
H0Y354,0.003
Q8N413,0.003
Q6ZVZ8,0.003
Q8NHE4,0.003
E9PAS2,0.003
P54219,0.003
Q6UX40,0.003
A0A0J9YXV3,0.003
Q96RA2,0.003
A0A087WWA1,0.003
Q9BXQ6,0.003
Q9BV99,0.003
E9PKD4,0.003
Q6ZU67,0.003
Q9BRI3,0.003
A0A075B734,0.003
Q8NH02,0.003
Q6IEZ7,0.003
A0A1B0GW54,0.003
Q9NZS2,0.003
Q8IYX3,0.003
Q7RTU0,0.003
P28476,0.003
A0A1B0GUV7,0.003
Q9Y585,0.003
Q3I5F7,0.003
Q96LA9,0.003
Q504Y3,0.003
Q8WWF5,0.003
Q8TD86,0.003
Q9Y6E7,0.003
Q7Z769,0.003
Q08708,0.003
Q8TC21,0.003
A0A0D9SG24,0.002
P35225,0.002
Q9UBK5,0.002
Q5T953,0.002
Q68CJ6,0.002
Q7Z2W7,0.002
O76099,0.002
Q8NH56,0.002
Q6IS24,0.002
Q7Z3T1,0.002
F8WA89,0.002
E7EUY1,0.002
Q8N9H8,0.002
Q5TGP6,0.002
Q9BZW4,0.002
Q8N4V2,0.002
Q9H1M0,0.002
Q99218,0.002
O43364,0.002
Q5VVM6,0.002
Q400G9,0.002
Q8NFQ5,0.002
E7ERA6,0.002
O60811,0.002
Q7Z3H0,0.002
Q9Y2B1,0.002
Q6P656,0.002
Q8NGP0,0.002
P0DJR0,0.002
Q71RS6,0.002
P21728,0.002
P49640,0.002
Q8WW18,0.002
A6NNE9,0.002
O43173,0.002
Q8N4W6,0.002
Q8IWN7,0.002
Q8NBH2,0.002
P13945,0.002
O43889,0.002
Q9BXU2,0.002
Q6ZMB5,0.002
Q6ZU45,0.002
Q8N5U0,0.002
A6NDH6,0.002
Q9GZK7,0.002
Q96SF2,0.002
Q9H310,0.002
Q9H9V4,0.002
Q9Y267,0.002
B6ZDN3,0.002
A8MYZ0,0.002
Q8NGD1,0.002
Q96AQ2,0.002
Q7RTU7,0.002
Q96Q27,0.002
I3L273,0.002
Q6L8G4,0.002
Q9ULG3,0.002
Q5T9C9,0.002
Q8NGN3,0.002
Q6ZMV7,0.002
Q8NGN4,0.002
Q8IZJ4,0.002
Q7Z5M8,0.002
C9JBD0,0.002
C9J1S8,0.002
A0A096LNP1,0.002
Q9NYP8,0.002
P40933,0.002
A0A0U1RQG5,0.002
Q9GZX7,0.002
E2RYF6,0.002
Q7Z4W3,0.002
H0YL14,0.002
Q96LK0,0.002
V9GYS6,0.002
Q96JM4,0.002
O43323,0.002
A0A3B3IT50,0.002
P13725,0.002
Q9H255,0.002
Q9H3N8,0.002
Q86UB2,0.002
B2RN74,0.002
A6NJ46,0.002
Q8N841,0.002
Q5VWM3,0.002
Q5KSL6,0.002
Q6UWX4,0.002
Q9NP60,0.002
P21917,0.002
Q6ZN11,0.002
Q15466,0.002
Q5GAN3,0.002
Q9NQW8,0.002
A6NL26,0.002
Q99819,0.002
Q8WXD0,0.002
Q9NYY3,0.002
B2RUY7,0.002
Q96DL1,0.002
Q7Z5D8,0.002
A0A1B0GTZ2,0.002
O00144,0.002
Q3SXZ7,0.002
F5GYI3,0.002
Q9UMX9,0.002
Q8TDX9,0.002
A5X5Y0,0.002
Q13258,0.002
Q86TG1,0.002
Q6HA08,0.002
Q96A99,0.002
A6NI61,0.002
O60412,0.002
Q96AZ1,0.002
P51168,0.002
C9JJ37,0.002
A0A1B0GVB3,0.002
A0A3B3ISV0,0.002
Q96M34,0.002
Q5T681,0.002
P05000,0.002
Q6UWK7,0.002
Q8IXW0,0.002
Q8N8B7,0.002
Q8WVZ1,0.002
Q8N144,0.002
P22680,0.002
Q9NRD0,0.002
P83105,0.002
Q7Z5A7,0.002
Q5TGI4,0.002
Q8TF17,0.002
Q9NUR3,0.002
Q8N446,0.002
Q96J86,0.002
Q9NPC2,0.002
B7U540,0.002
P78426,0.002
O60809,0.002
Q14500,0.002
O95371,0.002
Q499Z3,0.002
Q9Y6J6,0.002
Q8IV16,0.002
Q9UBX0,0.001
A6NEV1,0.001
A0A0G2JMD5,0.001
A6NMZ2,0.001
Q5T1S8,0.001
Q8IY42,0.001
A8MTZ0,0.001
Q6SA08,0.001
Q6QAJ8,0.001
P82251,0.001
Q8TE54,0.001
A0A1W2PQC6,0.001
A0A1W2PQD8,0.001
A0A1W2PQJ5,0.001
A0A1W2PQ27,0.001
A0A1W2PQ64,0.001
Q53H64,0.001
Q17RD7,0.001
Q96L42,0.001
Q969S6,0.001
Q8N2E2,0.001
B2RXH2,0.001
Q7Z572,0.001
Q6ZSJ9,0.001
Q5JV73,0.001
Q7Z407,0.001
Q96PF2,0.001
A0A1B0GTQ4,0.001
Q6B9Z1,0.001
Q5SZJ8,0.001
A6NMB9,0.001
Q8N3F9,0.001
H3BR10,0.001
Q5W5X9,0.001
Q8N9Y4,0.001
P18509,0.001
P98073,0.001
Q6QHK4,0.001
O43193,0.001
P15918,0.001
Q86VV4,0.001
Q3ZCQ2,0.001
A0A1B0GUY1,0.001
Q7RTY7,0.001
M0QZD8,0.001
Q8NGJ2,0.001
A0A1B0GVV1,0.001
Q53R12,0.001
Q9BV47,0.001
Q9UBX8,0.001
Q9NZ20,0.001
Q5T7R7,0.001
O43918,0.001
Q8N0Y3,0.001
A0A096LPK9,0.001
A0A0G2JNH3,0.001
A0A1B0GUU1,0.001
O75593,0.001
Q9UKW6,0.001
Q9NY28,0.001
Q9NPC1,0.001
A0A494C0N9,0.001
A0A1B0GVG4,0.001
H3BNZ7,0.001
P0DL12,0.001
A0A1B0GUX0,0.001
Q5T5A4,0.001
Q96IV6,0.001
Q9BPV8,0.001
C9JQI7,0.001
Q0P641,0.001
Q9H4G1,0.001
Q96KK3,0.001
A0A087WXM9,0.001
Q8N7Z5,0.001
A6NLW8,0.001
Q13634,0.001
A0A2R8YCJ5,0.001
Q30KQ9,0.001
Q9Y3Q7,0.001
Q9Y5R5,0.001
Q3LI70,0.001
Q99742,0.001
Q15270,0.001
A0AA75HZC2,0.001
A0A494C0Y3,0.001
Q9H3V2,0.001
Q9Y661,0.001
O95932,0.001
A0A1B0GTD5,0.001
Q5SV17,0.001
Q6UXZ3,0.001
Q8IUB9,0.001
Q9ULM0,0.001
Q2L4Q9,0.001
A0A1B0GTG0,0.001
A0A0J9YX94,0.001
Q9BR26,0.001
Q96JA4,0.001
Q96DM1,0.001
A0A1W2PR19,0.001
A6NC57,0.001
Q8NGJ5,0.001
A2RRH5,0.001
Q9C0I4,0.001
Q6NV75,0.001
Q96M69,0.001
Q9H3S3,0.001
A0A1W2PR75,0.001
A0A1B0GVQ0,0.001
Q01718,0.001
Q6L8G9,0.001
Q96DS6,0.001
Q9BVA6,0.001
Q86WN2,0.0009
Q6UXD1,0.0009
D6RIA3,0.0009
Q8NGC3,0.0009
A8MTL0,0.0009
Q9BTD3,0.0009
Q86T96,0.0009
Q8WXA8,0.0009
Q5JSQ8,0.0009
Q8N6Y0,0.0009
Q6ZSG1,0.0009
P32239,0.0009
P35452,0.0009
Q8NEQ6,0.0009
A2CJ06,0.0009
Q7L1S5,0.0009
Q5TG30,0.0009
A1L4K1,0.0009
Q9Y6H8,0.0009
Q86VR8,0.0009
Q96MY7,0.0009
A0A1B0GWH2,0.0008
Q6L9W6,0.0008
Q96RD3,0.0008
Q9NYW1,0.0008
A6NMA1,0.0008
Q7RTY5,0.0008
A0A2R8Y4Y8,0.0008
Q3KP44,0.0008
Q5J5C9,0.0008
P0DJG4,0.0008
Q05901,0.0008
P32238,0.0008
Q8NGK0,0.0007
C9JXX5,0.0007
C9JSJ3,0.0007
A8MWV9,0.0007
Q8NDM7,0.0007
Q3SY00,0.0007
O75360,0.0007
J3KQI1,0.0007
Q5SWL8,0.0007
Q8NEG7,0.0007
Q8WVE6,0.0007
O43320,0.0007
Q8NH55,0.0007
A6NKC9,0.0007
P0C7W0,0.0007
Q9NP94,0.0007
P48146,0.0007
Q17RG1,0.0007
Q3LI81,0.0006
A0A1B0GWK0,0.0006
Q8NEX5,0.0006
Q6IFG1,0.0006
Q9UFE4,0.0006
Q96D21,0.0006
P0C7M6,0.0006
Q15617,0.0006
A6NGZ8,0.0006
Q3C1V8,0.0006
A0A0A0MRY9,0.0006
Q8NGY1,0.0006
Q96J77,0.0006
Q6IPW1,0.0006
Q8N7L0,0.0006
C9JUS6,0.0006
Q9P296,0.0006
A0A0G2JMP0,0.0006
Q8NGK5,0.0005
A0A0X1KG70,0.0005
Q9BZM2,0.0005
Q6ZNG2,0.0005
X6R8D5,0.0005
Q8NBR0,0.0005
Q8NH61,0.0005
Q96P68,0.0005
A0A087WXA3,0.0005
Q9H343,0.0005
P59797,0.0005
A0A1W2PPG7,0.0005
O43555,0.0005
B6SEH8,0.0005
A6NMK8,0.0005
Q9NQE7,0.0005
O95567,0.0005
P43657,0.0005
A0A0D9SG52,0.0005
Q96Q91,0.0005
O95377,0.0005
Q8NFJ6,0.0004
Q14CM0,0.0004
Q8NES8,0.0004
P35372,0.0004
B6SEH9,0.0004
P0DPQ3,0.0004
Q8NEM8,0.0004
Q9NSN8,0.0004
Q6P047,0.0004
I3L3R5,0.0004
Q8NGD0,0.0004
C9J6K1,0.0004
Q6IF63,0.0004
Q5T036,0.0004
P0DMW3,0.0004
Q6PEY0,0.0004
Q9NP70,0.0004
Q02509,0.0004
A0A1B0GUA9,0.0004
Q9GZQ6,0.0004
A0A096LP49,0.0004
Q495B1,0.0004
H3BNL8,0.0004
A0A1B0GVS7,0.0004
A0A1B0GTH9,0.0004
P32245,0.0004
A0A096LNH2,0.0004
O15146,0.0004
Q8NGF3,0.0004
Q6PRD7,0.0004
Q6ZV50,0.0004
Q8IXQ8,0.0003
Q9NQN1,0.0003
A0A1B0GVR7,0.0003
M0QZC1,0.0003
A0A0C4DFX5,0.0003
Q6UWJ8,0.0003
Q8WU66,0.0003
A0PK11,0.0003
H7BZM6,0.0003
Q8WXG8,0.0003
Q5XG92,0.0003
A0A0U1RRA0,0.0003
Q15622,0.0003
A6NGQ2,0.0003
Q16538,0.0003
Q9Y6U7,0.0003
I3L1E1,0.0003
P47211,0.0003
Q8NGK4,0.0003
Q9UKL2,0.0003
Q8WTQ1,0.0003
Q8N7B9,0.0003
O00110,0.0003
Q6UWE3,0.0003
L0R8F8,0.0003
A6NET4,0.0003
Q8NGL2,0.0003
A0A1B0GTL2,0.0003
I6L893,0.0003
Q9HAE3,0.0003
Q8NH60,0.0003
A6NN92,0.0003
A8MYZ5,0.0003
Q9HB31,0.0003
A0A2R8Y7Y5,0.0003
O95190,0.0003
Q6UQ28,0.0003
A6NNB3,0.0003
Q04671,0.0003
B9A014,0.0003
A6ND48,0.0003
Q7Z3Z3,0.0003
H7C1H1,0.0003
Q8NET8,0.0002
Q17RF5,0.0002
A0A1B0GWG4,0.0002
A6NLI5,0.0002
Q9NSD7,0.0002
Q75V66,0.0002
A0A1B0GV03,0.0002
P08173,0.0002
Q9Y5P1,0.0002
Q7Z2Q7,0.0002
A0A1W2PPM1,0.0002
Q8N309,0.0002
Q8NHV5,0.0002
Q30KQ6,0.0002
Q8NGH3,0.0002
Q6IF42,0.0002
Q6UXS0,0.0002
A0A1B0GTI8,0.0002
A0A1B0GTI1,0.0002
Q9UBD0,0.0002
A0A1B0GW15,0.0002
Q01344,0.0002
Q9UGQ2,0.0002
Q6ZTZ1,0.0002
A8MUP2,0.0002
A0A3B3IT52,0.0002
Q4VXA5,0.0002
Q502W6,0.0002
Q8NGY5,0.0002
Q6UY09,0.0002
Q86XM0,0.0002
A6NHA9,0.0002
P25089,0.0002
Q9H7X0,0.0002
A0A1W2PPK0,0.0002
Q8IYG6,0.0002
A6NHY2,0.0002
Q5JXM2,0.0002
Q8TDE3,0.0002
Q8NH42,0.0002
Q693B1,0.0002
A0A1B0GVT2,0.0002
Q96T53,0.0002
A6NGA9,0.0002
Q0P670,0.0002
Q8NGZ6,0.0002
Q96F83,0.0002
A0A1B0GW64,0.0002
A0A0U1RR37,0.0002
Q9H2C5,0.0002
P0C672,0.0001
Q8NBI3,0.0001
Q9NRE1,0.0001
Q8NGB4,0.0001
A0A1B0GUS0,0.0001
A4D2G3,0.0001
Q96P67,0.0001
A0A1B0GVM6,0.0001
Q8NGI3,0.0001
O75677,0.0001
Q8IYD9,0.0001
Q6ZUJ4,0.0001
A0A494C1L8,0.0001
Q8NH40,0.0001
Q8NA31,0.0001
Q8NGB8,0.0001
A0A2R8YFL7,0.0001
P58173,0.0001
A6NNX1,0.0001
Q8IZN7,0.0001
A0A1B0GTR0,0.0001
A0A1B0GVZ2,0.0001
P0DJH9,0.0001
A0A1B0GV90,0.0001
A0A1W2PNU3,0.0001
Q8NGI8,0.0001
A0A2R8Y4L6,0.0001
B6A8C7,0.0001
A0A087X1Q6,0.0001
Q86UF4,0.0001
Q6ZV65,0.0001
P59817,0.0001
O75388,0.0001
Q8NGP8,0.0001
Q5TA89,0.0001
P59095,0.0001
Q9GZZ6,0.0001
Q6ZR85,0.0001
A6NFA0,0.0001
C9J235,0.0001
B7WNR7,9e-05
Q9GZK3,9e-05
A0AB56HF66,9e-05
Q8WUU8,9e-05
Q8N7G0,9e-05
Q8N4C9,9e-05
U3KPV4,8e-05
H3BNL1,8e-05
Q5SSQ6,8e-05
Q5FYB0,8e-05
A6NLE4,8e-05
Q8NGX3,8e-05
Q7RTX7,8e-05
Q5VVB8,8e-05
Q9P1Q5,8e-05
H7C350,8e-05
A0A1B0GTK5,8e-05
P0DP71,8e-05
Q8N1L9,8e-05
Q8IV77,7e-05
E9PQ18,7e-05
A6NGY1,7e-05
Q8NEW7,7e-05
Q96LM5,7e-05
Q5MJ07,7e-05
A0A1B0GUW6,7e-05
A0A494C0E1,6e-05
P0DH78,6e-05
P59773,6e-05
Q86W28,6e-05
Q9H208,6e-05
A0A5F9ZHM0,6e-05
Q96L11,6e-05
Q5VUJ9,6e-05
A0A1B0GTY4,5e-05
Q9NYW6,5e-05
P62952,5e-05
Q3LHN0,5e-05
Q8NH74,5e-05
Q9GZU5,5e-05
Q15612,5e-05
Q9H207,5e-05
Q96D59,5e-05
A8MZ26,4e-05
Q05C16,4e-05
Q8N813,4e-05
P0DMQ9,4e-05
Q96R45,4e-05
P30953,4e-05
O95047,4e-05
Q8N682,4e-05
B4E2M5,4e-05
Q6ZNX1,4e-05
Q8NHR7,4e-05
A0A0J9YWL9,4e-05
Q8N0Y5,4e-05
Q99928,4e-05
A6NFC5,4e-05
A8MZ59,3e-05
Q8N4K4,3e-05
Q8NGJ0,3e-05
P39905,3e-05
P47887,3e-05
P0DMQ5,3e-05
Q96EH8,3e-05
A6NND4,3e-05
Q6PF06,3e-05
Q5T4T6,3e-05
Q8NGT5,3e-05
Q5T0U0,3e-05
A0A1B0GWB2,3e-05
Q9Y581,3e-05
Q9P2E8,3e-05
A0PJE2,3e-05
A0A8C8L8Z5,3e-05
A0A2R8Y2Y2,3e-05
Q96T55,3e-05
A0A1W2PRP0,3e-05
A0A1B0GUV8,3e-05
Q6ZPD8,3e-05
Q7Z4H9,3e-05
A0A2R8YED5,2e-05
A0A1B0GVY4,2e-05
Q9Y5F3,2e-05
Q9BR10,2e-05
Q6UWT2,2e-05
C9J3V5,2e-05
Q5GH73,2e-05
Q9Y5Z6,2e-05
Q8NFP0,2e-05
Q6WQI6,2e-05
Q6JVE5,2e-05
A0A1B0GUT2,2e-05
A0A2R8YFM6,2e-05
Q9BSH3,2e-05
Q8NEA4,2e-05
P0DPE3,2e-05
P28221,2e-05
Q92847,2e-05
A0A1B0GTS1,1e-05
A0A1B0GWH4,1e-05
Q8N7C7,1e-05
E5RQL4,1e-05
P0CG21,1e-05
A0A1W2PPV4,1e-05
Q9NYV7,1e-05
Q8NH76,1e-05
A1L162,1e-05
Q2MKA7,1e-05
A0A1B0GVN3,1e-05
Q9UJW3,1e-05
Q8WZ94,1e-05
Q8NDY8,1e-05
Q5STR5,1e-05
Q15546,1e-05
A0A2R8YGN2,1e-05
Q9NR21,1e-05
C9JDP6,1e-05
O75679,1e-05
S4R3F8,1e-05
Q2KHN1,1e-05
Q12908,1e-05
Q8NGE2,1e-05
H3BPM6,9e-06
Q8NGK2,9e-06
Q6ZRR5,9e-06
A8K830,8e-06
Q8IWX5,8e-06
Q9H106,7e-06
M0R1W7,7e-06
Q7Z419,7e-06
A0A1B0GTK4,7e-06
Q8TDN7,7e-06
A0A1B0GUA7,6e-06
A0A1W2PS79,6e-06
P0DP42,6e-06
Q3B7T3,6e-06
Q05215,6e-06
Q3C1V0,6e-06
O95222,6e-06
Q9H114,6e-06
Q8NGI7,6e-06
Q5JT82,5e-06
A6H8M9,5e-06
Q6ZST4,5e-06
Q5MJ68,5e-06
Q8NH73,5e-06
A0A1W2PPL8,5e-06
A0A669KAW2,5e-06
Q5GAN4,5e-06
O60755,4e-06
A6NC42,4e-06
P34982,4e-06
A0A087WV53,4e-06
A0A590UK24,4e-06
A6NIJ9,4e-06
P0DP73,4e-06
P0DP74,4e-06
A0A1B0GUJ8,4e-06
Q49SQ1,4e-06
A0A1B0GW35,4e-06
Q9BSD3,4e-06
Q5VTT2,4e-06
Q8NGA5,4e-06
A0A1B0GTH6,4e-06
O60404,3e-06
Q8IY49,3e-06
Q9H344,3e-06
A2RUU4,3e-06
A6NFZ4,3e-06
A0A1B0GTR4,3e-06
Q8NGI0,3e-06
Q96CH1,3e-06
Q8NGK6,2e-06
Q6DWJ6,2e-06
Q8IYI0,2e-06
Q8NGZ2,2e-06
Q8TCB6,2e-06
M0R036,2e-06
Q8NGD2,2e-06
Q5J8X5,2e-06
Q5JQS5,2e-06
Q8WUS8,2e-06
Q8NGD3,2e-06
Q6PI97,2e-06
C9J3I9,2e-06
Q8NH43,2e-06
Q96RD2,2e-06
Q8NH10,2e-06
Q6UW88,2e-06
A8MXK1,2e-06
Q8IWZ4,2e-06
A0A3B3ITY5,2e-06
Q8NGK1,1e-06
Q8NGP4,1e-06
C9J302,1e-06
A0A3F2YNX1,1e-06
P60329,1e-06
A0A3B3IT45,1e-06
A0A286YEU6,1e-06
A0A2R8Y7D0,1e-06
A0A0D9SG11,1e-06
Q8NGJ6,1e-06
Q8NGJ7,1e-06
A4D1Z8,1e-06
Q96LM9,9e-07
Q2I0M5,9e-07
Q6ZNQ3,9e-07
Q6EIG7,8e-07
Q8NGF7,8e-07
Q9H339,8e-07
A0A494C0A1,6e-07
Q0VD86,6e-07
P0C645,5e-07
A0A0J9YY54,5e-07
A0A494C103,5e-07
Q8IXE1,5e-07
A0A1B0GTJ6,4e-07
Q8NGP6,4e-07
Q96LP6,3e-07
P52961,3e-07
